[{"latitude":18.41238973091739,"longitude":-66.02539797558586,"name":"H&M - The Mall of San Juan","address":"1000 Mall of San Juan Boulevard, store number 175\r\nSan Juan Puerto Rico 00924","phone":"+1-855-466-7467"},{"latitude":18.40589315983806,"longitude":-66.16296494714356,"name":"H&M - Plaza del Sol","address":"725 West Main Avenue\r\nBayamon Puerto Rico 00961","phone":"+1-855-466-7467"},{"latitude":40.762228,"longitude":-73.968186,"name":"H&M - Lexington Ave at 59th St","address":"731 Lexington Ave.\r\nNew York NY 10022","phone":"+1-855-466-7467"},{"latitude":40.915989,"longitude":-74.076294,"name":"H&M - Garden State Plaza","address":"Routes 4 & 17\r\nParamus NJ 07653","phone":"+1-855-466-7467"},{"latitude":41.0974396,"longitude":-73.9517333,"name":"H&M - Palisades Center","address":"1731 Palisades Ctr. Dr.\r\nWest Nyack NY 10994","phone":"+1-855-466-7467"},{"latitude":40.723685,"longitude":-73.9976,"name":"H&M - Soho","address":"558 Broadway\r\nNew York NY 10012","phone":"+1-855-466-7467"},{"latitude":43.0677642,"longitude":-76.1704227,"name":"H&M - Carousel Center","address":"1 Destiny USA Drive\r\nSyracuse NY 13204","phone":"+1-855-466-7467"},{"latitude":42.687711,"longitude":-73.849772,"name":"H&M - Crossgates Center","address":"1 Crossgates Mall Rd.\r\nAlbany NY 12203","phone":"+1-855-466-7467"},{"latitude":42.17068756140084,"longitude":-72.64022827148438,"name":"H&M - Holyoke Mall","address":"50 Holyoke Street\r\nHolyoke MA 01040","phone":"+1-855-466-7467"},{"latitude":43.084097,"longitude":-75.317181,"name":"H&M - Sangertown Square","address":"Routes 5 & 5A\r\nNew Hartford NY 13413","phone":"+1-855-466-7467"},{"latitude":41.626387,"longitude":-73.920593,"name":"H&M - Poughkeepsie Galleria","address":"2001 South Road\r\nPoughkeepsie NY 12601","phone":"+1-855-466-7467"},{"latitude":41.54886509738294,"longitude":-73.02633762359619,"name":"H&M - Brassmill Center","address":"495 Union Street\r\nWaterbury CT 06706-1292","phone":"+1-855-466-7467"},{"latitude":40.863134,"longitude":-73.128658,"name":"H&M - Smith Haven Mall","address":"118 Smith Haven Mall, Routes 24 & 347\r\nLake Grove NY 11755","phone":"+1-855-466-7467"},{"latitude":40.773554,"longitude":-73.528393,"name":"H&M - Broadway Mall","address":"906 Broadway Mall\r\nHicksville NY 11801-2709","phone":"+1-855-466-7467"},{"latitude":39.030737,"longitude":-77.42236,"name":"H&M - Dulles Town Center","address":"21100 Dulles Town Circle\r\nDulles VA 20166","phone":"+1-855-466-7467"},{"latitude":40.685454,"longitude":-73.4322704,"name":"H&M - Sunrise Mall","address":"1105 Sunrise Mall Rd.\r\nMassapequa NY 11758","phone":"+1-855-466-7467"},{"latitude":41.031559,"longitude":-73.771873,"name":"H&M - White Plains Galleria","address":"100 Main Street\r\nWhite Plains NY 10601","phone":"+1-855-466-7467"},{"latitude":40.663338,"longitude":-74.174262,"name":"H&M - Jersey Gardens Mall","address":"651 Kapkowski Road\r\nElizabeth NJ 07201","phone":"+1-855-466-7467"},{"latitude":41.969372,"longitude":-73.988472,"name":"H&M - Hudson Valley Mall","address":"1300 Ulster Ave.\r\nKingston NY 12401","phone":"+1-855-466-7467"},{"latitude":40.6974,"longitude":-75.1767,"name":"H&M - Phillipsburg Mall","address":"1200 Highway 22\r\nPhillipsburg NJ 08865","phone":"+1-855-466-7467"},{"latitude":41.8278105670092,"longitude":-71.41804218292236,"name":"H&M - Providence Place","address":"167 Providence Place\r\nProvidence RI 02903","phone":"+1-855-466-7467"},{"latitude":40.778821,"longitude":-74.354852,"name":"H&M - Livingston Mall","address":"112 Eisenhower Parkway\r\nLivingston NJ 07039","phone":"+1-855-466-7467"},{"latitude":42.218688,"longitude":-71.023692,"name":"H&M - South Shore Plaza","address":"250 Granite Street\r\nBraintree MA 02184","phone":"+1-855-466-7467"},{"latitude":40.7339866,"longitude":-73.8712979,"name":"H&M - Queens Center Mall","address":"90-15 Queens Blvd,\r\nElmhurst NY 11373","phone":"+1-855-466-7467"},{"latitude":40.6098411,"longitude":-73.9222997,"name":"H&M - Kings Plaza Mall","address":"5100 Kings Plaza\r\nBrooklyn NY 11234","phone":"+1-855-466-7467"},{"latitude":39.9388653,"longitude":-75.0253605,"name":"H&M - Cherry Hill Mall","address":"2000 Route 38\r\nCherry Hill NJ 08002","phone":"+1-855-466-7467"},{"latitude":40.1153699,"longitude":-75.2855866,"name":"H&M - Plymouth Meeting Mall","address":"500 Germantown Pike\r\nPlymouth Meeting PA 19462","phone":"+1-855-466-7467"},{"latitude":40.750774,"longitude":-73.990772,"name":"H&M - 7th Avenue at 34th Street","address":"435 7th Ave.\r\nNew York NY 10018","phone":"+1-855-466-7467"},{"latitude":42.4629918,"longitude":-71.0248051,"name":"H&M - Square One Mall","address":"1277 Broadway\r\nSaugus MA 01906","phone":"+1-855-466-7467"},{"latitude":40.73857555787898,"longitude":-73.61311912536621,"name":"H&M - Roosevelt Field Mall","address":"Old Country Road\r\nGarden City NY 11530","phone":"+1-855-466-7467"},{"latitude":39.823041,"longitude":-75.543407,"name":"H&M - Concord Mall","address":"4737 Concord Pike\r\nWilmington DE 19803","phone":"+1-855-466-7467"},{"latitude":40.5549582,"longitude":-74.3015989,"name":"H&M - Woodbridge Center","address":"291 Woodbridge Center Dr.\r\nWoodbridge NJ 07095","phone":"+1-855-466-7467"},{"latitude":40.138534,"longitude":-74.952009,"name":"H&M - Neshaminy Mall","address":"707 Neshaminy Mall\r\nBensalem PA 19020","phone":"+1-855-466-7467"},{"latitude":40.0692944,"longitude":-76.3372686,"name":"H&M - Park City Center","address":"142 Park City Center\r\nLancaster PA 17601","phone":"+1-855-466-7467"},{"latitude":40.808085,"longitude":-73.9462132,"name":"H&M - 125th St","address":"125 West 125th Street\r\nNew York NY 10027","phone":"+1-855-466-7467"},{"latitude":39.951235,"longitude":-75.1669269,"name":"H&M - Chestnut St","address":"1530 Chestnut Street\r\nPhiladelphia PA 19103","phone":"+1-855-466-7467"},{"latitude":40.95332595159724,"longitude":-74.06900882720947,"name":"H&M - Paramus Park Mall","address":"700 Paramus Park\r\nParamus NJ 07652","phone":"+1-855-466-7467"},{"latitude":40.030088,"longitude":-75.6233103,"name":"H&M - Exton Square","address":"138 Exton Sq.\r\nExton PA 19341","phone":"+1-855-466-7467"},{"latitude":39.154304,"longitude":-76.724032,"name":"H&M - Arundel Mills","address":"7000 Arundel Mills Circle\r\nHanover MD 21076","phone":"+1-855-466-7467"},{"latitude":38.8973115,"longitude":-77.0265372,"name":"H&M - F Street","address":"1025 F Street, N.W.\r\nWashington, D.C. DC 20005","phone":"+1-855-466-7467"},{"latitude":38.642837,"longitude":-77.294447,"name":"H&M - Potomac Mills","address":"2700 Potomac Mills Circle\r\nWoodbridge VA 22192","phone":"+1-855-466-7467"},{"latitude":38.772474,"longitude":-77.505539,"name":"H&M - Manassas Mall","address":"8300 Sudley Road\r\nManassas VA 20109","phone":"+1-855-466-7467"},{"latitude":40.6634157,"longitude":-73.722297,"name":"H&M - Green Acres Mall","address":"2034 Green Acres Mall\r\nValley Stream NY 11581","phone":"+1-855-466-7467"},{"latitude":41.897958,"longitude":-87.624927,"name":"H&M - 840 North Michigan Ave.","address":"60611 IL Chicago","phone":"+1-855-466-7467"},{"latitude":42.04903769738075,"longitude":-88.0400562286377,"name":"H&M - Woodfield Shopping Center","address":"5 Woodfield Shopping Center\r\nSchaumburg IL 60173","phone":"+1-855-466-7467"},{"latitude":40.2368913,"longitude":-75.2475243,"name":"H&M - Montgomery Mall","address":"295 Montgomery Mall\r\nNorth Wales PA 19454","phone":"+1-855-466-7467"},{"latitude":41.373381,"longitude":-72.139322,"name":"H&M - Crystal Mall","address":"850 Hartford Tpke.\r\nWaterford CT 06385","phone":"+1-855-466-7467"},{"latitude":40.72241277154438,"longitude":-73.99940013885498,"name":"H&M - Soho","address":"515 Broadway\r\nNew York NY 10015","phone":"+1-855-466-7467"},{"latitude":40.0873,"longitude":-74.9616,"name":"H&M - Franklin Mills","address":"1455 Franklin Mills\r\nPhiladelphia PA 19154","phone":"+1-855-466-7467"},{"latitude":37.6534887,"longitude":-77.6211563,"name":"H&M - Short Pump Mall","address":"11800 West Broad Street\r\nRichmond VA 23233","phone":"+1-855-466-7467"},{"latitude":41.806944,"longitude":-72.545833,"name":"H&M - Buckland Hills Mall","address":"194 Buckland Hills Dr.\r\nManchester CT 06042","phone":"+1-855-466-7467"},{"latitude":41.882849,"longitude":-87.628655,"name":"H&M - State Street","address":"22 North State Street\r\nChicago IL 60602","phone":"+1-855-466-7467"},{"latitude":42.3838838,"longitude":-87.9567109,"name":"H&M - Gurnee Mills Mall","address":"6170  Grand Avenue\r\nGurnee IL 60031","phone":"+1-855-466-7467"},{"latitude":39.3613223,"longitude":-74.4370989,"name":"H&M - Tanger Outlets - Atlantic City","address":"128 North Michigan Avenue\r\nAtlantic City NJ 08401","phone":"+1-855-466-7467"},{"latitude":42.36784,"longitude":-71.075763,"name":"H&M - Cambridgeside Galleria","address":"100 Cambridgeside Place\r\nCambridge MA 02141","phone":"+1-855-466-7467"},{"latitude":41.61399,"longitude":-87.8522726,"name":"H&M - Orland Square","address":"288 Orland Square Park\r\nOrland Park IL 60642","phone":"+1-855-466-7467"},{"latitude":41.7591885,"longitude":-88.2110745,"name":"H&M - Fox Valley Center","address":"1276 Fox Valley Center\r\nAurora IL 60504","phone":"+1-855-466-7467"},{"latitude":41.459593,"longitude":-81.952573,"name":"H&M - Crocker Park","address":"214 Crocker Park Boulevard\r\nWestlake OH 44145","phone":"+1-855-466-7467"},{"latitude":41.113222,"longitude":-85.13521,"name":"H&M - Glenbrook Square","address":"4201 Coldwater Rd\r\nFort Wayne IN 46805","phone":"+1-855-466-7467"},{"latitude":33.91341328299307,"longitude":-117.45612144470215,"name":"H&M - Galleria at Tyler","address":"1002 Galleria At Tyler\r\nRiverside CA 92503","phone":"+1-855-466-7467"},{"latitude":37.786189,"longitude":-122.407633,"name":"H&M - 150 Powell Street","address":"94102 CA San Francisco","phone":"+1-855-466-7467"},{"latitude":36.81952314722217,"longitude":-76.06727600097656,"name":"H&M - Lynnhaven Mall","address":"701 Lynnhaven Pkwy  Lynnhaven Pkwy\r\nVirginia Beach VA 23452","phone":"+1-855-466-7467"},{"latitude":39.7655005693163,"longitude":-86.15907669067383,"name":"H&M - Circle Center","address":"49W. Maryland St. (Washington&Merid\r\nIndianapolis IN 46204","phone":"+1-855-466-7467"},{"latitude":42.2411956,"longitude":-87.9466169,"name":"H&M - Westfield Hawthorn Shopping Center","address":"109 Hawthorn Center\r\nVernon Hills IL 60061","phone":"+1-855-466-7467"},{"latitude":44.8529549,"longitude":-93.2395768,"name":"H&M - Mall of America","address":"60 East Broadway\r\nBloomington MN 55425","phone":"+1-855-466-7467"},{"latitude":41.8939219,"longitude":-88.3435656,"name":"H&M - Geneva Commons","address":"530 Commons Drive\r\nGeneva IL 60134","phone":"+1-855-466-7467"},{"latitude":38.6018014,"longitude":-90.448867,"name":"H&M - West County Center","address":"80 West County Center\r\nDes Peres MO 63131","phone":"+1-855-466-7467"},{"latitude":38.864477,"longitude":-77.356816,"name":"H&M - Fair Oaks Mall","address":"11750 Fair Oaks Mall\r\nFairfax VA 22033","phone":"+1-855-466-7467"},{"latitude":38.91831766303841,"longitude":-77.22496032714844,"name":"H&M - Tyson Corner","address":"1961 Chain Bridge Rd\r\nMc Lean VA 22102","phone":"+1-855-466-7467"},{"latitude":43.032646,"longitude":-88.110543,"name":"H&M - Brookfield Square","address":"95 North Moorland Road\r\nBrookfield WI 53005","phone":"+1-855-466-7467"},{"latitude":38.63360064857576,"longitude":-90.34632682800293,"name":"H&M - Saint Louis Galleria","address":"1155 Saint Louis Galleria\r\nSaint Louis MO 63117","phone":"+1-855-466-7467"},{"latitude":42.620181,"longitude":-82.9876696,"name":"H&M - Lakeside Mall","address":"14600 Lakeside Circle\r\n48313 Sterling Heights","phone":"+1-855-466-7467"},{"latitude":40.0765482,"longitude":-83.1292552,"name":"H&M - Tuttle Crossing","address":"5043 Tuttle Crossing Blvd\r\nDublin OH 43016","phone":"+1-855-466-7467"},{"latitude":43.056636,"longitude":-89.504079,"name":"H&M - West Towne","address":"52 West Towne Mall\r\nMadison WI 53719","phone":"+1-855-466-7467"},{"latitude":39.950076,"longitude":-75.1701232,"name":"H&M - Walnut Street","address":"1725 Walnut Street\r\nPhiladelphia PA 19103","phone":"+1-855-466-7467"},{"latitude":36.8494716,"longitude":-76.2896962,"name":"H&M - Mac Arthur Center","address":"300 Monticello Avenue\r\nNorfolk VA 23510","phone":"+1-855-466-7467"},{"latitude":40.7387538,"longitude":-73.9916135,"name":"H&M - 5th Ave at 18th Street","address":"111 5th Ave\r\nNew York NY 10003","phone":"+1-855-466-7467"},{"latitude":41.501193,"longitude":-81.4936422,"name":"H&M - Beachwood Place Mall","address":"26300 Cedar Road\r\nBeachwood OH 44122-1108","phone":"+1-855-466-7467"},{"latitude":42.3515633,"longitude":-71.0752338,"name":"H&M - Newbury Street","address":"100 Newbury Street\r\nBoston MA 02116","phone":"+1-855-466-7467"},{"latitude":37.7845029,"longitude":-122.4074319,"name":"H&M - Westfield San Francisco Centre","address":"845 Market Street\r\nSan Francisco CA 94103","phone":"+1-855-466-7467"},{"latitude":40.77903,"longitude":-73.955182,"name":"H&M - Lexington Ave at 86th St","address":"150 East 86th Street\r\nNew York NY 10028","phone":"+1-855-466-7467"},{"latitude":37.9671881,"longitude":-122.0619098,"name":"H&M - Sun Valley Mall","address":"361 Sun Valley Mall\r\nConcord CA 94520","phone":"+1-855-466-7467"},{"latitude":40.5411464,"longitude":-80.0065282,"name":"H&M - Ross Park Mall","address":"1000 Ross Park Mall Drive\r\nPittsburgh PA 15237","phone":"+1-855-466-7467"},{"latitude":34.073898,"longitude":-118.377296,"name":"H&M - Beverly Center","address":"8500 Beverly Blvd\r\nLos Angeles CA 90048","phone":"+1-855-466-7467"},{"latitude":34.14454052855295,"longitude":-118.25825214385986,"name":"H&M - Americana at Brand","address":"891 Americana Way\r\nGlendale CA 91210","phone":"+1-855-466-7467"},{"latitude":34.190408,"longitude":-118.604766,"name":"H&M - Westfield Topanga","address":"6600 Topanga Canyon\r\nCanoga Park CA 91303","phone":"+1-855-466-7467"},{"latitude":38.6484985,"longitude":-90.5646313,"name":"H&M - Chesterfield Mall","address":"237 Chesterfield Mall\r\nChesterfield MO 63017","phone":"+1-855-466-7467"},{"latitude":42.240928,"longitude":-83.745491,"name":"H&M - Briarwood Mall","address":"204 Briarwood Circle\r\nAnn Arbor MI 48108","phone":"+1-855-466-7467"},{"latitude":41.2369647,"longitude":-73.0380872,"name":"H&M - Westfield Connecticut Post","address":"1201 Boston Road\r\nMilford CT 06460","phone":"+1-855-466-7467"},{"latitude":44.94350855848157,"longitude":-92.92386531829834,"name":"H&M - Woodbury Lakes Mall","address":"9140 Hudson Road\r\nWoodbury MN 55125","phone":"+1-855-466-7467"},{"latitude":38.99050337619313,"longitude":-76.5487003326416,"name":"H&M - Westfield Annapolis Mall","address":"2140 Annapolis Mall\r\nAnnapolis MD 21401","phone":"+1-855-466-7467"},{"latitude":34.1015548,"longitude":-118.3406957,"name":"H&M - 6922 Hollywood Blvd.","address":"90028 CA Hollywood","phone":"+1-855-466-7467"},{"latitude":41.418135,"longitude":-81.909602,"name":"H&M - Westfield Great Northern","address":"270 Great Northern Mall\r\nNorth Olmsted OH 44070","phone":"+1-855-466-7467"},{"latitude":40.05186210660455,"longitude":-82.9233455657959,"name":"H&M - Easton Town Center","address":"140 Easton Town Center\r\nColumbus OH 43219","phone":"+1-855-466-7467"},{"latitude":41.3120044,"longitude":-81.8242974,"name":"H&M - Westfield SouthPark","address":"1050 Southpark Center\r\nStrongsville OH 44136","phone":"+1-855-466-7467"},{"latitude":34.132915,"longitude":-118.051952,"name":"H&M - Westfield Santa Anita","address":"400 S. Baldwin Ave.\r\nArcadia CA 91007","phone":"+1-855-466-7467"},{"latitude":33.9170964,"longitude":-117.8836938,"name":"H&M - Brea Mall","address":"1058A Brea Mall\r\nBrea CA 92821","phone":"+1-855-466-7467"},{"latitude":41.8498617,"longitude":-87.9500401,"name":"H&M - Oakbrook Center","address":"466 Oakbrook Center\r\nOak Brook IL 60523","phone":"+1-855-466-7467"},{"latitude":40.14400988844108,"longitude":-75.11820316314697,"name":"H&M - Willow Grove Park","address":"2500 Moreland Road\r\nWillow Grove PA 19090","phone":"+1-855-466-7467"},{"latitude":43.12291321080613,"longitude":-87.91414260864258,"name":"H&M - Bayshore Town Center","address":"5765 North Bayshore Drive\r\nGlendale WI 53217","phone":"+1-855-466-7467"},{"latitude":39.212889,"longitude":-76.862738,"name":"H&M - The Mall in Columbia","address":"10300 Little Patuxent Parkway\r\nColumbia MD 21044","phone":"+1-855-466-7467"},{"latitude":39.40453241592009,"longitude":-76.60140037536621,"name":"H&M - Towson Town Center","address":"825 Dulaney Valley Road\r\nTowson MD 21204","phone":"+1-855-466-7467"},{"latitude":38.7722029,"longitude":-121.2658351,"name":"H&M - Westfield Galleria at Roseville","address":"1151 Galleria Blvd.\r\nRoseville CA 95678","phone":"+1-855-466-7467"},{"latitude":41.697698,"longitude":-83.641437,"name":"H&M - Westfield Franklin Park","address":"5001 Monroe Street\r\nToledo OH 43623","phone":"+1-855-466-7467"},{"latitude":40.454074,"longitude":-80.161314,"name":"H&M - The Mall at Robinson","address":"1510 Robinson Center  Road\r\nPittsburgh PA 15205","phone":"+1-855-466-7467"},{"latitude":42.4893252,"longitude":-83.4759487,"name":"H&M - Twelve Oaks Mall","address":"27474 Novi Road\r\nNovi MI 48377","phone":"+1-855-466-7467"},{"latitude":42.5452864,"longitude":-70.9445624,"name":"H&M - Northshore Mall","address":"210 Andover Street\r\nPeabody MA 01960","phone":"+1-855-466-7467"},{"latitude":40.5809172,"longitude":-74.1691334,"name":"H&M - Staten Island Mall","address":"2655 Richmond Avenue\r\nStaten Island NY 10314","phone":"+1-855-466-7467"},{"latitude":37.728557,"longitude":-122.476766,"name":"H&M - Stonestown Galleria","address":"3251 20th Avenue\r\nSan Francisco CA 94132","phone":"+1-855-466-7467"},{"latitude":42.31697160643783,"longitude":-83.22134971618652,"name":"H&M - Fairlane Town Center","address":"18900 Michigan Avenue\r\nDearborn MI 48126","phone":"+1-855-466-7467"},{"latitude":33.65124402305933,"longitude":-117.74730205535889,"name":"H&M - Irvine Spectrum Center","address":"99 Fortune Drive\r\nIrvine CA 92618","phone":"+1-855-466-7467"},{"latitude":34.092794,"longitude":-118.378798,"name":"H&M - 8580 Sunset Blvd.","address":"90069 CA West Hollywood","phone":"+1-855-466-7467"},{"latitude":42.701918,"longitude":-83.3065548,"name":"H&M - Great Lakes Crossing","address":"4696 Baldwin Road\r\nAuburn Hills MI 48326","phone":"+1-855-466-7467"},{"latitude":41.051563,"longitude":-73.536601,"name":"H&M - Stamford Town Center","address":"230 Tresser Blvd.\r\nStamford CT 06901","phone":"+1-855-466-7467"},{"latitude":41.7254538,"longitude":-72.7612261,"name":"H&M - Westfarms Mall","address":"31 Westfarms Mall\r\nFarmington CT 06032","phone":"+1-855-466-7467"},{"latitude":42.6269385,"longitude":-82.933278,"name":"H&M - The Mall at Partridge Creek","address":"17450 Hall Road\r\nClinton Township MI 48038","phone":"+1-855-466-7467"},{"latitude":36.0691957,"longitude":-115.172473,"name":"H&M - Townsquare Las Vegas","address":"6605 Las Vegas Blvd.\r\nLas Vegas NV 89119","phone":"+1-855-466-7467"},{"latitude":37.6940519,"longitude":-121.9246186,"name":"H&M - Stoneridge Mall","address":"1004 Stoneridge Mall Road Suite A 105\r\nPleasanton CA 94588","phone":"+1-855-466-7467"},{"latitude":37.8344374,"longitude":-122.2922247,"name":"H&M - Bay Street Emeryville","address":"5630 Bay Street\r\nEmeryville CA 94608","phone":"+1-855-466-7467"},{"latitude":33.691584,"longitude":-117.892763,"name":"H&M - South Coast Plaza","address":"3333 Bear Street\r\nCosta Mesa CA 92626","phone":"+1-855-466-7467"},{"latitude":40.5486704,"longitude":-74.3379872,"name":"H&M - Menlo Park","address":"510 Menlo Park\r\nEdison NJ 08837","phone":"+1-855-466-7467"},{"latitude":41.7202323,"longitude":-88.044797,"name":"H&M - The Promenade - Bolingbrook","address":"619 East Boughton Road\r\nBolingbrook IL 60440","phone":"+1-855-466-7467"},{"latitude":40.69081571283707,"longitude":-73.98516833782196,"name":"H&M - Fulton Street","address":"497-501 Fulton Street\r\nBrooklyn NY 11201","phone":"+1-855-466-7467"},{"latitude":40.9025779,"longitude":-74.5459912,"name":"H&M - Rockaway Town Square","address":"301 Mt. Hope Avenue\r\nRockaway NJ 07866","phone":"+1-855-466-7467"},{"latitude":36.109749,"longitude":-115.170308,"name":"H&M - Miracle Mile Shops at Planet Hollywood","address":"3663 Las Vegas Blvd.\r\nLas Vegas NV 89109","phone":"+1-855-466-7467"},{"latitude":37.4130756,"longitude":-121.8977517,"name":"H&M - Great Mall","address":"1220 Great Mall Drive\r\nMilpitas CA 95035","phone":"+1-855-466-7467"},{"latitude":39.9053451,"longitude":-86.0638344,"name":"H&M - Castleton Square Mall","address":"6020 East 82nd Street\r\nIndianopolis IN 46250","phone":"+1-855-466-7467"},{"latitude":41.94468092700416,"longitude":-71.34796142578125,"name":"H&M - Emerald Square Mall","address":"151 Emerald Square\r\nNorth Attelboro MA 02760","phone":"+1-855-466-7467"},{"latitude":34.0873117,"longitude":-117.6916601,"name":"H&M - Montclair Plaza","address":"5007 Montclair Plaza Lane\r\nMontclair CA 91763","phone":"+1-855-466-7467"},{"latitude":47.663267,"longitude":-122.2996209,"name":"H&M - University Village","address":"2604 NE University Village\r\nSeattle WA 98105","phone":"+1-855-466-7467"},{"latitude":47.46071009847581,"longitude":-122.26053714752197,"name":"H&M - Westfield Southcenter","address":"867 Southcenter\r\nTukwila WA 98188","phone":"+1-855-466-7467"},{"latitude":33.79248266508864,"longitude":-84.39578711986542,"name":"H&M - Atlantic Station","address":"231 18th St. NW\r\nAtlanta GA 30363","phone":"+1-855-466-7467"},{"latitude":34.014376,"longitude":-118.495029,"name":"H&M - 1452 Third Street Promenade","address":"90401 CA Santa Monica","phone":"+1-855-466-7467"},{"latitude":32.767925,"longitude":-117.166011,"name":"H&M - Fashion Valley Mall","address":"7007 Friars Road\r\nSan Diego CA 92108","phone":"+1-855-466-7467"},{"latitude":34.00108702352183,"longitude":-117.73142337799072,"name":"H&M - The Shoppes at Chino Hills","address":"13920 City Center Drive\r\nChino Hills CA 91709","phone":"+1-855-466-7467"},{"latitude":32.6211445,"longitude":-116.9672683,"name":"H&M - Otay Ranch Town Center","address":"2015 Birch Road\r\nChula Vista CA 91915","phone":"+1-855-466-7467"},{"latitude":40.285456,"longitude":-74.054334,"name":"H&M - Monmouth Mall","address":"180 Route 35 South\r\nEatontown NJ 07724","phone":"+1-855-466-7467"},{"latitude":34.047106,"longitude":-84.290648,"name":"H&M - North Point Mall","address":"1081 North Point Mall\r\nAlpharetta GA 30022","phone":"+1-855-466-7467"},{"latitude":34.0127234,"longitude":-84.5633663,"name":"H&M - Town Center at Cobb","address":"400 Barrett Parkway\r\nKennesaw GA 30144","phone":"+1-855-466-7467"},{"latitude":40.8905061,"longitude":-74.2607559,"name":"H&M - Willowbrook Mall","address":"2015 Willowbrook Mall\r\nWayne NJ 07470","phone":"+1-855-466-7467"},{"latitude":47.6108179,"longitude":-122.3353505,"name":"H&M - 520 Pike Street","address":"520 Pike Street\r\nSeattle WA 98101","phone":"+1-855-466-7467"},{"latitude":47.215559,"longitude":-122.469674,"name":"H&M - Tacoma Mall","address":"4502 South Steele St\r\nTacoma WA 98409","phone":"+1-855-466-7467"},{"latitude":32.656111,"longitude":-117.065833,"name":"H&M - Westfield Plaza Bonita","address":"3030 Plaza Bonita Road\r\nNational city CA 91950","phone":"+1-855-466-7467"},{"latitude":34.071252,"longitude":-83.9842577,"name":"H&M - Mall of Georgia","address":"3333 Buford Drive\r\nBuford GA 30519","phone":"+1-855-466-7467"},{"latitude":36.11919159466304,"longitude":-115.1771879196167,"name":"H&M - Forum Shops at Caesars","address":"3500 Las Vegas Blvd South\r\nLas Vegas NV 89109","phone":"+1-855-466-7467"},{"latitude":33.6252568,"longitude":-111.9254557,"name":"H&M - Scottsdale Quarter","address":"15169 Scottsdale Road\r\nScottsdale AZ 85254","phone":"+1-855-466-7467"},{"latitude":34.070858,"longitude":-117.552152,"name":"H&M - Ontario Mills","address":"One Mills Circle\r\nOntario CA 91764","phone":"+1-855-466-7467"},{"latitude":39.74401398694165,"longitude":-104.99096274375916,"name":"H&M - Denver Pavilions","address":"500 16th Street Suite 130\r\nDenver CO 80202","phone":"+1-855-466-7467"},{"latitude":42.23287072802881,"longitude":-71.17998540401459,"name":"H&M - Legacy Place","address":"206 Legacy Place\r\nDedham MA 02026","phone":"+1-855-466-7467"},{"latitude":40.72498216901787,"longitude":-74.03905391693115,"name":"H&M - Newport Centre","address":"30 Mall Dr W\r\nJersey City NJ 07310","phone":"+1-855-466-7467"},{"latitude":41.86751550737105,"longitude":-87.63209223747253,"name":"H&M - Roosevelt Collection","address":"150 W. Roosevelt Rd.\r\nChicago IL 60605","phone":"+1-855-466-7467"},{"latitude":40.9247964,"longitude":-73.8531615,"name":"H&M - Cross County Shopping Center","address":"6 Xavier Drive\r\nYonkers NY 10704","phone":"+1-855-466-7467"},{"latitude":34.110814,"longitude":-117.5340799,"name":"H&M - Victoria Gardens","address":"12410 South Mainstreet\r\nRancho Cucamonga CA 91739","phone":"+1-855-466-7467"},{"latitude":39.19870421500966,"longitude":-84.37787532806396,"name":"H&M - Kenwood Towne Center","address":"7875 Montogomery Road\r\nCinncinati OH 45236","phone":"+1-855-466-7467"},{"latitude":34.03985816485562,"longitude":-118.4277892112732,"name":"H&M - Westside Pavilion","address":"10800 West Pico Blvd\r\nLos Angeles CA 90064","phone":"+1-855-466-7467"},{"latitude":38.9974410763211,"longitude":-84.65171813964844,"name":"H&M - Florence Mall","address":"1026 Florence Mall\r\nFlorence KY 41042","phone":"+1-855-466-7467"},{"latitude":41.7228672986241,"longitude":-71.47636413574219,"name":"H&M - Warwick Mall","address":"400 Bald Hill Road\r\nWarwick RI 02886","phone":"+1-855-466-7467"},{"latitude":28.44612878742969,"longitude":-81.39530181884766,"name":"H&M - The Florida Mall","address":"8001 South Orange Blossom Trail\r\nOrlando FL 32809","phone":"+1-855-466-7467"},{"latitude":28.80465050433817,"longitude":-81.34034872055054,"name":"H&M - Seminole Towne Center","address":"117 Towne Center Circle\r\nSanford FL 32771","phone":"+1-855-466-7467"},{"latitude":39.15415814584371,"longitude":-77.20444679260254,"name":"H&M - Lakeforest Mall","address":"701 Russell Avenue\r\nGaithersburg MD 20877","phone":"+1-855-466-7467"},{"latitude":33.8792344,"longitude":-84.4654088,"name":"H&M - Cumberland Mall","address":"1620 Cumberland Mall\r\nAtlanta GA 30339","phone":"+1-855-466-7467"},{"latitude":38.61780933517004,"longitude":-76.92523956298828,"name":"H&M - St. Charles Towne Center","address":"11110 Mall Circle Dr\r\nWaldorf MD 20603","phone":"+1-855-466-7467"},{"latitude":37.25178385313247,"longitude":-121.8634843826294,"name":"H&M - Westfield Oakridge","address":"925 Blossom Hill Road\r\nSan Jose CA 95123","phone":"+1-855-466-7467"},{"latitude":44.882812,"longitude":-93.324281,"name":"H&M - Southdale Center","address":"1835 Southdale Center\r\nEdina MN 55435","phone":"+1-855-466-7467"},{"latitude":34.24178542999137,"longitude":-118.55565547943115,"name":"H&M - Northridge Fashion Center","address":"9301 Tampa Avenue\r\nNorthridge CA 91324","phone":"+1-855-466-7467"},{"latitude":33.07079338567018,"longitude":-117.06610679626465,"name":"H&M - Westfield North County","address":"200 E. Via Rancho Parkway\r\nEscondido CA 92025","phone":"+1-855-466-7467"},{"latitude":38.00395766532878,"longitude":-122.54422903060913,"name":"H&M - Northgate Shopping Center","address":"5800 Northgate Drive\r\nSan Rafael CA 94903","phone":"+1-855-466-7467"},{"latitude":37.68845613676584,"longitude":-121.04992747306824,"name":"H&M - Vintage Faire Mall","address":"3401 Dale Road\r\nModesto CA 95356","phone":"+1-855-466-7467"},{"latitude":33.985787,"longitude":-118.394938,"name":"H&M - Westfield Culver City","address":"6000 Sepulveda Boulevard\r\nCulver City CA 90230","phone":"+1-855-466-7467"},{"latitude":34.00665479450596,"longitude":-118.15220832824707,"name":"H&M - Citadel Outlets","address":"100 Citadel Dr\r\nCity of Commerce CA 90040","phone":"+1-855-466-7467"},{"latitude":26.84857852587328,"longitude":-80.08569717407227,"name":"H&M - The Gardens Mall","address":"3101 PGA Blvd\r\nPalm Beach Gardens FL 33410","phone":"+1-855-466-7467"},{"latitude":45.03089340636043,"longitude":-93.02196979522705,"name":"H&M - Maplewood Mall","address":"3001 White Bear Ave\r\nSt Paul MN 55109","phone":"+1-855-466-7467"},{"latitude":35.84,"longitude":-78.68,"name":"H&M - Crabtree Valley Mall","address":"4325 Glenwood Avenue\r\nRaleigh NC 27612","phone":"+1-855-466-7467"},{"latitude":32.86967537747828,"longitude":-96.77388668060303,"name":"H&M - NorthPark Center","address":"8687 North Central Expressway\r\nDallas TX 75225","phone":"+1-855-466-7467"},{"latitude":37.0441582,"longitude":-76.3941136,"name":"H&M - Peninsula Town Center","address":"2521 McMenamin Street\r\nHampton VA 23666","phone":"+1-855-466-7467"},{"latitude":33.50329189107917,"longitude":-111.92828178405762,"name":"H&M - Scottsdale Fashion Square","address":"7014 E Camelback Rd\r\nScottsdale AZ 85251","phone":"+1-855-466-7467"},{"latitude":32.28811218331953,"longitude":-110.98122596740723,"name":"H&M - Tucson Mall","address":"4500 N. Oracle Rd\r\nTucson AZ 85705","phone":"+1-855-466-7467"},{"latitude":33.78303534617183,"longitude":-117.89325714111328,"name":"H&M - The Outlets at Orange","address":"20 City Blvd W\r\nOrange CA 92868","phone":"+1-855-466-7467"},{"latitude":39.67878739193119,"longitude":-75.65185546875,"name":"H&M - Christiana Mall","address":"106 Christiana Mall\r\nNewark DE 19702","phone":"+1-855-466-7467"},{"latitude":34.2682969,"longitude":-119.248627,"name":"H&M - Pacific View","address":"3301-1137 E Main St, #1137\r\nVentura CA 93003","phone":"+1-855-466-7467"},{"latitude":45.51853027234503,"longitude":-122.6764190196991,"name":"H&M - Pioneer Place","address":"340 SW Morrison St.\r\nPortland OR 97204","phone":"+1-855-466-7467"},{"latitude":41.2299084,"longitude":-73.2254979,"name":"H&M - Westfield Trumbull","address":"5065 Main Street\r\nTrumbull CT 06611","phone":"+1-855-466-7467"},{"latitude":34.07166216631194,"longitude":-117.93487966060638,"name":"H&M - Westfield West Covina","address":"1480 Plaza Drive\r\nWest Covina CA 91790","phone":"+1-855-466-7467"},{"latitude":33.7741176190217,"longitude":-117.86845207214355,"name":"H&M - Westfield MainPlace","address":"2800 N. Main Street\r\nSanta Ana CA 92705","phone":"+1-855-466-7467"},{"latitude":40.253412,"longitude":-74.3000859,"name":"H&M - Freehold Raceway Mall","address":"3710 Route 9,  Space #C236\r\nFreehold NJ 07728","phone":"+1-855-466-7467"},{"latitude":40.90449611997421,"longitude":-74.02892589569092,"name":"H&M - Shops at Riverside","address":"390 Hackensack Ave\r\nHackensack NJ 07601","phone":"+1-855-466-7467"},{"latitude":45.4502115,"longitude":-122.7834291,"name":"H&M - Washington Square","address":"9524 SW Washington Square Rd\r\nPortland OR 97223","phone":"+1-855-466-7467"},{"latitude":33.5581474,"longitude":-117.6702014,"name":"H&M - Shops at Mission Viejo","address":"1011-1699 The Shops Blvd\r\nMission Viejo CA 92691","phone":"+1-855-466-7467"},{"latitude":32.22097035221122,"longitude":-110.86715698242188,"name":"H&M - Park Place","address":"5870 E Broadway Blvd\r\nTucson AZ 85711","phone":"+1-855-466-7467"},{"latitude":37.671885,"longitude":-122.470653,"name":"H&M - Serramonte Center","address":"16 Serramonte Center\r\nDaly City CA 94015","phone":"+1-855-466-7467"},{"latitude":39.28495472640444,"longitude":-76.61212921142578,"name":"H&M - Harborplace","address":"301 Light Street Suite 1575\r\nBaltimore MD 21202","phone":"+1-855-466-7467"},{"latitude":28.66706541532314,"longitude":-81.37677311897278,"name":"H&M - Altamonte Mall","address":"451 E Altamonte Drive\r\nAltamonte Springs FL 32701","phone":"+1-855-466-7467"},{"latitude":45.436607,"longitude":-122.576092,"name":"H&M - Clackamas Town Center","address":"12000 SE 82nd Ave. Suite 1065\r\nHappy Valley OR 97086","phone":"+1-855-466-7467"},{"latitude":42.15177569476484,"longitude":-87.81721830368042,"name":"H&M - Northbrook Court","address":"1044 Northbrook Court\r\nNorthbrook IL 60062","phone":"+1-855-466-7467"},{"latitude":34.420199542928,"longitude":-119.70057249069214,"name":"H&M - State Street- Santa Barbara","address":"827-833 State St.\r\nSanta Barbara CA 93101","phone":"+1-855-466-7467"},{"latitude":33.07064503846281,"longitude":-117.26624250411987,"name":"H&M - The Forum Carlsbad","address":"1905 Calle Barcelona, Suite 120\r\nCarlsbad CA 92009","phone":"+1-855-466-7467"},{"latitude":40.96317832636554,"longitude":-73.85606288909912,"name":"H&M - Ridge Hill","address":"195 Market Street\r\nYonkers NY 10710","phone":"+1-855-466-7467"},{"latitude":42.90775143939894,"longitude":-78.75729560852051,"name":"H&M - Walden Galleria","address":"1 Walden Galleria\r\nBuffalo NY 14225","phone":"+1-855-466-7467"},{"latitude":39.93279174717985,"longitude":-105.13409614562988,"name":"H&M - FlatIron Crossing","address":"1 W. FlatIron Crossing\r\nBroomfield CO 80021","phone":"+1-855-466-7467"},{"latitude":32.93003003671597,"longitude":-96.8199348449707,"name":"H&M - Galleria Dallas","address":"13350 Dallas Parkway\r\nDallas TX 75240","phone":"+1-855-466-7467"},{"latitude":39.98096355025512,"longitude":-74.17893648147583,"name":"H&M - Ocean County Mall","address":"1201 Hooper Ave\r\nToms River NJ 08753","phone":"+1-855-4667467"},{"latitude":38.65022638252813,"longitude":-121.12061977386475,"name":"H&M - 410 Palladio Parkway","address":"Palladio at Broadstone\r\nFolsom CA 95630","phone":"+1-855-466-7467"},{"latitude":42.9466065572693,"longitude":-88.00797700881958,"name":"H&M - Southridge Mall","address":"5300 S 76th St\r\nGreendale WI 53129","phone":"+1-855-466-7467"},{"latitude":30.18531054136428,"longitude":-81.55438899993896,"name":"H&M - The Avenues","address":"10300 Southside Blvd\r\nJacksonville FL 32256","phone":"+1-855-466-7467"},{"latitude":40.636123,"longitude":-111.8891098,"name":"H&M - Fashion Place Mall","address":"6187 S. State Street\r\nMurray UT 84107","phone":"+1-855-466-7467"},{"latitude":25.79081101583644,"longitude":-80.13397693634033,"name":"H&M - 551 Lincoln Road","address":"33139 FL Miami","phone":"+1-855-466-7467"},{"latitude":39.71718966083158,"longitude":-104.9529504776001,"name":"H&M - Cherry Creek Shopping Center","address":"3000 East 1st Avenue\r\nDenver CO 80206","phone":"+1-855-466-7467"},{"latitude":27.962664,"longitude":-82.520483,"name":"H&M - International Plaza","address":"2223 N. West Shore Blvd.\r\nTampa FL 33607","phone":"+1-855-466-7467"},{"latitude":33.03187289410802,"longitude":-96.83302402496338,"name":"H&M - Shops at Willow Bend","address":"6121 W Park Blvd\r\nPlano TX 75093","phone":"+1-855-466-7467"},{"latitude":39.03630296120576,"longitude":-77.05489754676819,"name":"H&M - Westfield Wheaton","address":"11160 Veirs Mill Road\r\nWheaton MD 20902","phone":"+1-855-466-7467"},{"latitude":33.90436667965664,"longitude":-118.39529156684875,"name":"H&M - Plaza El Segundo","address":"2004 Park Place\r\nEl Segundo CA 90245","phone":"+1-855-466-7467"},{"latitude":33.87063380044413,"longitude":-118.35398554801941,"name":"H&M - South Bay Galleria","address":"1815 Hawthorne Blvd\r\nRedondo Beach CA 90278","phone":"+1-855-466-7467"},{"latitude":37.53766107421946,"longitude":-122.30060935020447,"name":"H&M - Hillsdale Shopping Center","address":"397 Hillsdale Shopping Center\r\nSan Mateo CA 94403","phone":"+1-855-466-7467"},{"latitude":36.09985959999999,"longitude":-80.244216,"name":"H&M - Hanes Mall","address":"3320 Silas Creek Pkwy\r\nWinston-Salem NC 27103","phone":"+1-866-466-7467"},{"latitude":33.3831674587646,"longitude":-111.96441650390625,"name":"H&M - Arizona Mills","address":"5000 South Arizona Mills Circle,\r\nTempe AZ 85283","phone":"+1-855-466-7467"},{"latitude":33.52542663959146,"longitude":-117.15429782867432,"name":"H&M - Promenade at Temecula","address":"40820 Winchester Road\r\nTemecula CA 92591","phone":"+1-855-466-7467"},{"latitude":39.0424781,"longitude":-94.5927139,"name":"H&M - Country Club Plaza","address":"440 West 47th Street\r\nKansas City MO 64112","phone":"+1-855-466-7467"},{"latitude":32.80835983280498,"longitude":-96.62549614906311,"name":"H&M - Town East Mall","address":"2063 Town East Mall\r\nMesquite TX 75150","phone":"+1-855-466-7467"},{"latitude":36.58465761247169,"longitude":-121.89486622810364,"name":"H&M - Del Monte Center","address":"700 Del Monte Center\r\nMonterey CA 93940","phone":"+1-855-466-7467"},{"latitude":40.7685781,"longitude":-111.8911716,"name":"H&M - City Creek Center","address":"30 S MAIN ST\r\nSalt Lake City UT 84101","phone":"+1-855-466-7467"},{"latitude":39.45296230675564,"longitude":-74.64467525482178,"name":"H&M - Hamilton Mall","address":"4403 Black Horse Pike\r\nMay's Landing NJ 08330","phone":"+1-855-466-7467"},{"latitude":40.14548612542035,"longitude":-82.98192501068115,"name":"H&M - Polaris Fashion Place","address":"1500 Polaris Parkway\r\nColumbus OH 43240","phone":"+1-855-466-7467"},{"latitude":29.5419549570308,"longitude":-95.14778673648834,"name":"H&M - Baybrook Mall","address":"500 Baybrook Mall\r\nFriendswood TX 77546","phone":"+1-855-466-7467"},{"latitude":45.53169557231797,"longitude":-122.65231132507324,"name":"H&M - Lloyd Center","address":"2201 Lloyd Center\r\nPortland OR 97232","phone":"+1-855-466-7467"},{"latitude":27.79371823748423,"longitude":-82.73357391357422,"name":"H&M - Tyrone Square Mall","address":"6901 22nd Ave North\r\nSt. Petersburg FL 33710","phone":"+1-855-466-7467"},{"latitude":29.95924764281427,"longitude":-95.53899765014648,"name":"H&M - Willowbrook Mall","address":"1156 Willowbrook Mall\r\nHouston TX 77070","phone":"+1-8554667467"},{"latitude":40.08552511888449,"longitude":-75.3916597366333,"name":"H&M - King of Prussia - Plaza","address":"160 N Gulph Rd\r\nKing of Prussia PA 19406","phone":"+1-855-466-7467"},{"latitude":41.65777973769656,"longitude":-81.35927438735962,"name":"H&M - Great Lakes Mall","address":"7850 Mentor Ave.\r\nMentor OH 44060","phone":"+1-855-466-7467"},{"latitude":32.96687118184745,"longitude":-97.04232215881348,"name":"H&M - Grapevine Mills","address":"3000 Grapevine Mills Parkway\r\nGrapevine TX 76051","phone":"+1-855-466-7467"},{"latitude":40.2910416,"longitude":-74.6826687,"name":"H&M - Quakerbridge Mall","address":"150 Quakerbridge Mall\r\nLawrence Township NJ 08648","phone":"+1-855-466-7467"},{"latitude":36.06707027099846,"longitude":-115.04247665405273,"name":"H&M - Galleria at Sunset","address":"1300 West Sunset Road\r\nHenderson NV 89014","phone":"+1-855-466-7467"},{"latitude":27.94702354612162,"longitude":-82.52719402313232,"name":"H&M - Westshore Plaza","address":"250 WestShore Plaza\r\nTampa FL 33609","phone":"+1-855-466-7467"},{"latitude":40.91977147908391,"longitude":-72.71764755249023,"name":"H&M - Tanger Outlets - Riverhead","address":"200 Tanger Mall Drive\r\nRiverhead NY 11901","phone":"+1-855-466-7467"},{"latitude":34.71494797742183,"longitude":-86.67316496372223,"name":"H&M - Bridge Street Town Centre","address":"340 The Bridge Street\r\nHuntsville AL 35806","phone":"+1-855-466-7467"},{"latitude":40.39372469477561,"longitude":-86.85228824615479,"name":"H&M - Tippecanoe Mall","address":"2415 Sagamore Pkwy South\r\nLafayette IN 47905","phone":"+1-855-466-7467"},{"latitude":33.3022462,"longitude":-111.897967,"name":"H&M - Chandler Fashion Center","address":"3111 West Chandler Boulevard\r\nChandler AZ 85226","phone":"+1-855-466-7467"},{"latitude":25.9562311257387,"longitude":-80.14225959777832,"name":"H&M - Aventura Mall","address":"19501 Biscayne Boulevard\r\nAventura FL 33180","phone":"+1-855-466-7467"},{"latitude":33.72823016279103,"longitude":-84.74518775939941,"name":"H&M - Arbor Place","address":"6700 Douglas Boulevard\r\nDouglassville GA 30135","phone":"+1-855-466-7467"},{"latitude":38.99692410769696,"longitude":-77.0255970954895,"name":"H&M - Silver Spring","address":"8518 Fenton St\r\nSilver Spring MD 20910","phone":"+1-855-466-7467"},{"latitude":40.76819171855746,"longitude":-73.9830493927002,"name":"H&M - The Shops at Columbus Circle","address":"10 Columbus Circle\r\nNew York NY 10019","phone":"+1-855-466-7467"},{"latitude":30.40167666426017,"longitude":-97.7265214920044,"name":"H&M - The Domain","address":"11410 Century Oaks Terrace\r\nAustin TX 78758","phone":"+1-855-466-7467"},{"latitude":38.96035984850091,"longitude":-77.08499193191528,"name":"H&M - Chevy Chase Pavilion","address":"5335 Wisconsin Ave NW\r\nWashington DC 20015","phone":"+1-855-466-7467"},{"latitude":47.829906,"longitude":-122.2725703,"name":"H&M - Alderwood Mall","address":"3000 184th Street SW\r\nLynwood WA 98037","phone":"+1-855-466-7467"},{"latitude":42.24567489132664,"longitude":-88.97578239440918,"name":"H&M - Cherryvale Mall","address":"7200 Harrison\r\nRockford IL 61112","phone":"+1-855-466-7467"},{"latitude":39.76586343291385,"longitude":-89.7037124633789,"name":"H&M - White Oaks Mall","address":"2501 Wabash Ave\r\nSpringfield IL 62704","phone":"+1-855-466-7467"},{"latitude":33.46417974401707,"longitude":-82.07920972485351,"name":"H&M - Augusta Mall","address":"3450 Wrightsboro Road\r\nAugusta GA 30909","phone":"+1-855-466-7467"},{"latitude":47.6735477,"longitude":-117.2069366,"name":"H&M - Spokane Valley Mall","address":"14018 East Indiana Ave\r\nSpokane WA 99216","phone":"+1-855-466-7467"},{"latitude":26.17007498340996,"longitude":-81.79707527160645,"name":"H&M - Coastland Center","address":"1900 Tamiami Trail North\r\nNaples FL 34102","phone":"+1-855-466-7467"},{"latitude":38.80488078804892,"longitude":-77.04648077487946,"name":"H&M - King Street","address":"614 King Street\r\nAlexandria VA 22314","phone":"+1-855-466-7467"},{"latitude":40.98474146714958,"longitude":-111.90711379051208,"name":"H&M - Station Park","address":"320 N. Station Parkway\r\nFarmington UT 84025","phone":"+1-855-466-7467"},{"latitude":33.53409740849092,"longitude":-112.26486682891846,"name":"H&M - Tanger Outlets - Westgate","address":"6800 N. 95th Avenue\r\nGlendale AZ 85305","phone":"+1-855-466-7467"},{"latitude":37.3208463,"longitude":-121.9496176,"name":"H&M - Santana Row","address":"334 Santana Row\r\nSan Jose CA 95128","phone":"+1-855-466-7467"},{"latitude":32.7825551283594,"longitude":-79.9346552349487,"name":"H&M - 281 King Street","address":"281 King Street\r\nCharleston SC 29401","phone":"+1-855-466-7467"},{"latitude":33.99301043869774,"longitude":-117.92741775512695,"name":"H&M - Puente Hills Mall","address":"1600 Azusa Ave\r\nCity of Industry CA 91748","phone":"+1-855-466-7467"},{"latitude":42.9161815,"longitude":-85.5885426,"name":"H&M - Woodland Mall","address":"3195 28th Street SE\r\nGrand Rapids MI 49512","phone":"+1-855-466-7467"},{"latitude":43.60587779232056,"longitude":-116.278395652771,"name":"H&M - Boise Town Square","address":"350 North Milwaukee\r\nBoise ID 83704","phone":"+1-855-466-7467"},{"latitude":44.94818621582761,"longitude":-93.2982587814331,"name":"H&M - Calhoun Square","address":"3001 Hennepin Ave S\r\nMinneapolis MN 55408","phone":"+1-855-466-7467"},{"latitude":38.89734567323064,"longitude":-77.00634956359863,"name":"H&M - Union Station","address":"50 Massachusetts Ave N.E.\r\nWashington DC 20002","phone":"+1-855-466-7467"},{"latitude":39.96158617664581,"longitude":-75.2592583340271,"name":"H&M - The Shops at 69th Street","address":"2 South 69th Street\r\nUpper Darby PA 19082","phone":"+1-855-466-7467"},{"latitude":28.485565,"longitude":-81.4315497,"name":"H&M - The Mall at Millenia","address":"4200 Conroy Road\r\nOrlando FL 32839","phone":"+1-855-466-7467"},{"latitude":38.95383568117341,"longitude":-94.71944332122803,"name":"H&M - Oak Park Mall","address":"11149 West 95th Street\r\nOverland Park KS 66214","phone":"+1-855-466-7467"},{"latitude":30.39158322013964,"longitude":-86.4241976558838,"name":"H&M - Destin Commons","address":"4261 Legendary Drive\r\nDestin FL 32541","phone":"+1-855-466-7467"},{"latitude":32.54651003044399,"longitude":-117.03865651642457,"name":"H&M - 4461 Camino de la Plaza","address":"Suite 301\r\nSan Diego CA 92173","phone":"+1-8554667467"},{"latitude":45.5357447,"longitude":-122.8788527,"name":"H&M - The Streets of Tanasbourne","address":"19350 NW Emma Way\r\nHillsboro OR 97124","phone":"+1-855-466-7467"},{"latitude":40.01538465824289,"longitude":-105.25591671466827,"name":"H&M - Twenty Ninth Street","address":"1710 29th Street\r\nBoulder CO 80301","phone":"+1-855-466-7467"},{"latitude":35.8661767,"longitude":-78.5757489,"name":"H&M - Triangle Town Center","address":"5959 Triangle Town Blvd\r\nRaleigh NC 27616","phone":"+1-855-466-7467"},{"latitude":38.90500216940693,"longitude":-77.06352353096008,"name":"H&M - 3222 M Street The Shops at Georgetown Park","address":"3222 M Street Northwest\r\nWashington DC 20007","phone":"+1-855-466-7467"},{"latitude":39.5921305600749,"longitude":-104.96179103851318,"name":"H&M - The Streets at SouthGlenn","address":"6851 S. Gaylord St.\r\nCentennial CO 80122","phone":"+1-855-4667467"},{"latitude":35.08116450677941,"longitude":-80.87727532951658,"name":"H&M - Carolina Place","address":"11025 Carolina Place Parkway\r\nPineville NC 28134","phone":"+1-855-466-7467"},{"latitude":33.92928987409524,"longitude":-84.3472530323242,"name":"H&M - Perimeter Mall","address":"4400 Ashford Dunwoody Road\r\nAtlanta GA 30346","phone":"+1-855-466-7467"},{"latitude":47.2989903,"longitude":-122.2456943,"name":"H&M - Outlet Collection Seattle","address":"1101 SuperMall Way\r\nAuburn WA 98001","phone":"+1-855-466-7467"},{"latitude":42.3550944,"longitude":-71.61320719999998,"name":"H&M - Solomon Pond Mall","address":"601 Donald Lynch Blvd\r\nMarlborough MA 01752","phone":"+1-855-466-7467"},{"latitude":42.98841949746799,"longitude":-78.8190507888794,"name":"H&M - Boulevard Mall","address":"730 Alberta Drive\r\nAmherst NY 14226","phone":"+1-855-466-7467"},{"latitude":38.24758393944315,"longitude":-85.61066150665283,"name":"H&M - Oxmoor Center","address":"7900 Shelbyville Road\r\nLouisville KY 40222","phone":"+1-855-466-7467"},{"latitude":44.96810755111656,"longitude":-93.43743324279785,"name":"H&M - Ridgedale Center","address":"12401 Wayzata Boulevard\r\nMinnetonka MN 55305","phone":"+1-855-466-7467"},{"latitude":26.7073666,"longitude":-80.0569964,"name":"H&M - City Place","address":"700 S Rosemary Ave\r\nWest Palm Beach FL 33401","phone":"+1-855-466-7467"},{"latitude":34.23884966978422,"longitude":-119.17714476585388,"name":"H&M - The Collection at Riverpark","address":"2751 Park View Court\r\nOxnard CA 93036","phone":"+1-855-466-7467"},{"latitude":29.9549682,"longitude":-90.0642167,"name":"H&M - French Quarter","address":"418 North Peters Street\r\nNew Orleans LA 70130","phone":"+1-855-466-7467"},{"latitude":38.79764413386242,"longitude":-77.00214385986328,"name":"H&M - Tanger Outlets at National Harbor","address":"6800 Oxon Hill Road, suite 100\r\nOxon Hill MD 20745","phone":"+1-855-466-7467"},{"latitude":35.1522309543355,"longitude":-80.83250021166992,"name":"H&M - Southpark Mall","address":"4400 Sharon Road\r\nCharlotte NC 28211","phone":"+1-855-466-7467"},{"latitude":26.01066396001161,"longitude":-80.30439376831055,"name":"H&M - Pembroke Lakes Mall","address":"11401 Pines Boulevard\r\nPembroke Pines FL 33026","phone":"+1-855-466-7467"},{"latitude":44.06686461456993,"longitude":-123.1156447053711,"name":"H&M - 293 Valley River Center","address":"97401 OR Eugene","phone":"+1-855-466-7467"},{"latitude":40.4291445,"longitude":-79.7952737,"name":"H&M - Monroeville Mall","address":"200 Monroeville Mall\r\nMonroeville PA 15146","phone":"+1-855-466-7467"},{"latitude":39.47381888143136,"longitude":-119.78286266326904,"name":"H&M - Meadowood Mall","address":"5000 Meadowood Mall Circle\r\nReno NV 89502","phone":"+1-855-466-7467"},{"latitude":26.6463847014091,"longitude":-80.2086067199707,"name":"H&M - Mall at Wellington Green","address":"10300 W Forest Hill Blvd\r\nWellington FL 33414","phone":"+1-855-466-7467"},{"latitude":39.7315929,"longitude":-105.158507,"name":"H&M - Colorado Mills","address":"14500 W Colfax Ave\r\nLakewood CO 80401","phone":"+1-855-466-7467"},{"latitude":35.35272607486883,"longitude":-80.85169315338135,"name":"H&M - Northlake Mall","address":"6801 Northlake Mall Dr.\r\nCharlotte NC 28216","phone":"+1-855-466-7467"},{"latitude":40.2750438,"longitude":-111.6806052,"name":"H&M - University Mall","address":"575 E University Parkway\r\nOrem UT 84097","phone":"+1-855-466-7467"},{"latitude":36.20366348843024,"longitude":-86.69229984283447,"name":"H&M - Opry Mills","address":"433 Opry Mills Dr.\r\nNashville TN 37214","phone":"+1-855-466-7467"},{"latitude":38.94714403145795,"longitude":-104.79504346847534,"name":"H&M - Chapel Hills Mall","address":"1710 Briargate Blvd\r\nColorado Springs CO 80920","phone":"+1-855-466-7467"},{"latitude":36.03938302770469,"longitude":-79.83790397644043,"name":"H&M - Four Seasons Town Centre","address":"236 Four Seasons Town Centre\r\nGreensboro NC 27427","phone":"+1-855-466-7467"},{"latitude":21.27887366593956,"longitude":-157.8280037696503,"name":"H&M - Waikiki Business Plaza","address":"2270 Kalakaua Avenue\r\nHonolulu HI 96815","phone":"+1-855-466-7467"},{"latitude":40.91545841254459,"longitude":-74.05898809432983,"name":"H&M - The Outlets at Bergen Town Center","address":"680 Bergen Town Center - Suite A10\r\nParamus NJ 07652","phone":"+1-855-466-7467"},{"latitude":40.158988104279,"longitude":-74.9116462469101,"name":"H&M - Oxford Valley Mall","address":"23 East Lincoln Highway\r\nLanghorne PA 19047","phone":"+1-855-466-7467"},{"latitude":38.77384706484095,"longitude":-77.1739689062378,"name":"H&M - Springfield Town Center","address":"6500 Springfield Mall\r\nSpringfield VA 22150","phone":"+1-855-466-7467"},{"latitude":38.260575387513,"longitude":-122.05535888671875,"name":"H&M - Solano Town Center","address":"1350 Travis Blvd\r\nFairfield CA 94533","phone":"+1-855-466-7467"},{"latitude":41.45299197317964,"longitude":-74.367694067157,"name":"H&M - One Galleria Drive","address":"10941 NY Middletown","phone":"+1-855-466-7467"},{"latitude":37.303841,"longitude":-79.959229,"name":"H&M - Valley View Mall","address":"4802 Valley View Blvd NW\r\nRoanoke VA 24012","phone":"+1-855-466-7467"},{"latitude":35.10606269122626,"longitude":-106.57388073016364,"name":"H&M - 6600 Menaul NE","address":"87110 NM Albuquerque,","phone":"+1-855-466-7467"},{"latitude":39.4147630791209,"longitude":-104.87390006785887,"name":"H&M - Outlets at Castle Rock","address":"5050 Factory Shops Blvd\r\nCastle Rock CO 80108","phone":"+1-855-466-7467"},{"latitude":29.7757458,"longitude":-95.80936980000001,"name":"H&M - Katy Mills Circle","address":"77494 TX Katy","phone":"+1-855-466-7467"},{"latitude":40.2170753980698,"longitude":-80.21162183548586,"name":"H&M - 2200 Tanger Blvd","address":"Suite 360\r\nWashington PA 15301","phone":"+1-855-466-7467"},{"latitude":40.43468323497228,"longitude":-111.88492681401368,"name":"H&M - Outlets at Traverse Mountain","address":"3700 North Cabelas Blvd\r\nLehi UT 84043","phone":"+1-855-466-7467"},{"latitude":25.78750052966529,"longitude":-80.3659141687744,"name":"H&M - Miami International Mall","address":"1455 NW 107th Ave, Room 660A\r\nMiami FL 33172","phone":"+1-855-466-7467"},{"latitude":39.76752488056534,"longitude":-84.05625190427247,"name":"H&M - The Mall at Fairfield Commons","address":"2727 Fairfield Commons Dr\r\nBeavercreek OH 45431","phone":"+1-855-466-7467"},{"latitude":39.16330919330451,"longitude":-86.49585485458374,"name":"H&M - College Mall","address":"2894 E 3rd Street\r\nBloomington IN 47401","phone":"+1-855-466-7467"},{"latitude":48.78586985632818,"longitude":-122.49125056983644,"name":"H&M - Bellis Fair Mall","address":"1 Bellis Fair Parkway\r\nBellingham WA 98226","phone":"+1-855-466-7467"},{"latitude":39.9624712,"longitude":-104.99174470000003,"name":"H&M - 14697 Delaware Street","address":"80023 CO Westminster","phone":"+1-855-466-7467"},{"latitude":29.7392251,"longitude":-95.46335909999999,"name":"H&M - The Galleria","address":"5135 W. Alabama, Space # 5221\r\nHouston TX 77056","phone":"+1-855-466-7467"},{"latitude":32.87401390310021,"longitude":-80.01809246721194,"name":"H&M - Tanger Outlet Charleston","address":"4840 Tanger Outlet Blvd #768\r\nCharleston SC 29418","phone":"+1-855-466-7467"},{"latitude":34.60522339290944,"longitude":-118.15751184667965,"name":"H&M - Antelope Valley Center","address":"1233 W Rancho Vista Blvd\r\nPalmdale CA 93551","phone":"+1-855-466-7467"},{"latitude":31.7759934187921,"longitude":-106.37977736878662,"name":"H&M - Cielo Vista","address":"8401 Gateway Blvd. West\r\nEl Paso TX 79925","phone":"+1-855-466-7467"},{"latitude":35.5812456,"longitude":-82.52631459999998,"name":"H&M - Asheville Mall","address":"3 South Tunnel Road\r\nAsheville NC 28805","phone":"+1-855-466-7467"},{"latitude":41.26623405427682,"longitude":-96.06825029999999,"name":"H&M - Westroads Mall","address":"10000 California St\r\nOmaha NE 68114","phone":"+1-855-466-7467"},{"latitude":41.8423105,"longitude":-88.00708980000002,"name":"H&M - Yorktown Center","address":"370 Yorktown Center\r\nLombard IL 60148","phone":"+1-855-466-7467"},{"latitude":42.72560971307833,"longitude":-84.41886558728027,"name":"H&M - Meridian Mall","address":"1982 W Grand River Ave, Suite H\r\nOkemos MI 48864","phone":"+1-855-466-7467"},{"latitude":38.96334603339854,"longitude":-92.37554321534424,"name":"H&M - Columbia Mall","address":"2300 Bernadette Dr\r\nColumbia MO 65203","phone":"+1-855-466-7467"},{"latitude":33.09900045851448,"longitude":-96.81261877758789,"name":"H&M - Stonebriar Centre","address":"2601 Preston Road Suite 2240\r\nFrisco TX 75034","phone":"+1-855-466-7467"},{"latitude":36.84923682904301,"longitude":-119.7877847591858,"name":"H&M - The Shoppes at River Park","address":"110 El Camino\r\nFresno CA 93720","phone":"+1-855-466-7467"},{"latitude":33.72310956126077,"longitude":-116.39518733547362,"name":"H&M - Palm Desert","address":"72-840 Highway 111\r\nPalm Desert CA 92260","phone":"+1-855-466-7467"},{"latitude":29.59230564160843,"longitude":-98.61581424387208,"name":"H&M - The Shops at La Cantera","address":"15900 La Cantera Pkwy\r\nSan Antonio TX 78256","phone":"+1-855-466-7467"},{"latitude":34.83488552090284,"longitude":-118.86223209490356,"name":"H&M - Tejon Ranch Outlets","address":"4436 Lebec Rd\r\nTejon Ranch CA 93243","phone":"+1-855-466-7467"},{"latitude":35.37051762460295,"longitude":-80.73174926435547,"name":"H&M - Concord Mills","address":"8111 Concord Mills Blvd\r\nConcord NC 28027","phone":"+1-855-466-7467"},{"latitude":44.00434375936212,"longitude":-92.47942642380372,"name":"H&M - 1201 12th Street SW, Space 305","address":"55902 MN Rochester","phone":"+1-855-466-7467"},{"latitude":37.9945198,"longitude":-121.31162649999999,"name":"H&M - Weberstown Mall","address":"4950 Pacific Avenue\r\nStockton CA 95207","phone":"+1-855-466-7467"},{"latitude":30.4365922,"longitude":-84.25389029999997,"name":"H&M - Governor's Square Mall","address":"1500 Apalachee Pkwy\r\nTallahassee FL 32301","phone":"+1-855-466-7467"},{"latitude":31.9117110759164,"longitude":-106.58687911259767,"name":"H&M - The Outlet Shoppes at El Paso","address":"7051 S. Desert Blvd\r\nCanutillo TX 79835","phone":"+1-855-466-7467"},{"latitude":40.86704692348818,"longitude":-73.83039187514646,"name":"H&M - The Mall at Bayplaza","address":"200 Baychester Avenue\r\nNY 10175","phone":"+1-855-466-7467"},{"latitude":32.50871991638815,"longitude":-84.94303095537111,"name":"H&M - Peachtree Mall","address":"3131 Manchester Expressway, Suite 14\r\nColumbus GA 31909","phone":"+1-855-466-7467"},{"latitude":29.92200218752614,"longitude":-90.038573315625,"name":"H&M - Oakwood Center","address":"197 Westbank Expwy\r\nGretna LA 70053","phone":"+1-855-466-7467"},{"latitude":32.66631148685249,"longitude":-115.50180207343749,"name":"H&M - Grand Plaza Outlets","address":"888 West 2nd Street, Suite D100\r\nCalexico CA 92231","phone":"+1-855-466-7467"},{"latitude":42.0690952,"longitude":-80.09830729999999,"name":"H&M - Millcreek Mall","address":"654 Millcreek Mall\r\nErie PA 16565","phone":"+1-855-466-7467"},{"latitude":32.40184905080178,"longitude":-90.12923490052492,"name":"H&M - Northpark Mall","address":"1200 E Countyline Road\r\nRidgeland MS 39157","phone":"+1-855-466-7467"},{"latitude":34.4156554,"longitude":-118.55772939999997,"name":"H&M - Valencia Town Center","address":"24201 Valencia Blvd\r\nValencia CA 91355","phone":"+1-855-466-7467"},{"latitude":29.65757436424686,"longitude":-82.41241617829581,"name":"H&M - The Oaks","address":"6419 Newberry Road\r\nGainesville FL 32605","phone":"+1-855-466-7467"},{"latitude":38.90491351128647,"longitude":-77.04036834603272,"name":"H&M - 1133 Connecticut Avenue","address":"1133 Connecticut Avenue NW\r\nWashington DC 20036","phone":"+1-855-466-7467"},{"latitude":43.09731464908885,"longitude":-70.80425592048346,"name":"H&M - The Mall at Fox Run","address":"508 Fox Run Rd\r\nNewington NH 03801","phone":"+1-855-466-7467"},{"latitude":39.63405865299255,"longitude":-84.21921568728027,"name":"H&M - Dayton Mall","address":"2700 Miamisburg Centerville Rd\r\nDayton OH 45459","phone":"+1-855-466-7467"},{"latitude":34.250968,"longitude":-83.47356000000002,"name":"H&M - 800 Steven B Tanger Blvd","address":"30529 GA Commerce","phone":"+1-855-466-7467"},{"latitude":25.86810011815927,"longitude":-80.31733032463376,"name":"H&M - Westland Mall","address":"1675 W 49th St\r\nHialeah FL 33012","phone":"+1-855-466-7467"},{"latitude":35.072667,"longitude":-78.95890399999996,"name":"H&M - Cross Creek Mall","address":"419 Cross Creek Mall\r\nFayetteville NC 28303","phone":"+1-855-466-7467"},{"latitude":46.8450896552601,"longitude":-114.02860084680174,"name":"H&M - Southgate Mall","address":"2901 Brooks St.\r\nMissoula MT 59801","phone":"+1-855-466-7467"},{"latitude":44.7438667,"longitude":-93.28935530000001,"name":"H&M - Burnsville Center","address":"1178 Burnsville Center\r\nBurnsville MN 55306","phone":"+1-855-466-7467"},{"latitude":28.081342,"longitude":-80.6498598,"name":"H&M - Melbourne Square Mall","address":"1700 W. New Haven Avenue\r\nMelbourne FL 32904","phone":"+1-855-466-7467"},{"latitude":34.0492583,"longitude":-118.26047699999998,"name":"H&M - 735 South Figueroa Street Suite 303","address":"90017 CA Los Angeles","phone":"+1-855-466-7467"},{"latitude":26.53684866668755,"longitude":-80.0950692082763,"name":"H&M - Boynton Beach Mall","address":"801 N Congress Ave\r\nBoynton Beach FL 33426","phone":"+1-855-466-7467"},{"latitude":32.80575869005295,"longitude":-116.96785636137696,"name":"H&M - 415 Parkway Plaza","address":"92020 CA El Cajon","phone":"+1-855-466-7467"},{"latitude":43.18181449260793,"longitude":-88.00808722963865,"name":"H&M - 796 Northridge Mall","address":"Salinas\r\nCA 93906","phone":"+1-855-466-7467"},{"latitude":37.98832664041672,"longitude":-84.52838602963868,"name":"H&M - 3401 Nicholasville Rd","address":"40503 KY Lexington","phone":"+1-855-466-7467"},{"latitude":27.3847298,"longitude":-82.45077979999996,"name":"H&M - 140 University Town Center Dr","address":"Suite 118 and 213\r\nSarasota FL 34243","phone":"+1-855-466-7467"},{"latitude":41.5762722,"longitude":-88.1655371,"name":"H&M - 3340 Mall Loop Dr","address":"60431 IL Joliet","phone":"+1-855-466-7467"},{"latitude":32.47759252095752,"longitude":-93.75281474445802,"name":"H&M - Mall St. Vincent","address":"1133 St Vincent Ave\r\nShreveport LA 71104","phone":"+1-855-466-7467"},{"latitude":38.66927382112211,"longitude":-90.57638085449219,"name":"H&M - Prestige Outlets Chesterfield","address":"17017 N Outer 40 Rd\r\nChesterfield MO 63005","phone":"+1-855-466-7467"},{"latitude":40.75597786987848,"longitude":-73.98618221282959,"name":"H&M - 4 Times Square","address":"1472 Broadway\r\nNew York NY 10036","phone":"+1-855-466-7467"},{"latitude":41.46893894647775,"longitude":-87.31120021645506,"name":"H&M - 1939 Southlake Mall","address":"Unit #438\r\nMerrillville IN 46410","phone":"+1-855-466-7467"},{"latitude":29.42415927956097,"longitude":-98.48487346977538,"name":"H&M - Shops at Rivercenter","address":"849 E Commerce St\r\nSan Antonio TX 78205","phone":"+1-855-466-7467"},{"latitude":35.95775174164873,"longitude":-86.81334375322263,"name":"H&M - Cool Springs Galleria","address":"1800 Galleria Boulevard\r\nFranklin TN 37067","phone":"+1-855-466-7467"},{"latitude":21.33331222619842,"longitude":-158.05234747351074,"name":"H&M - Ka Makana Ali'i","address":"91-5431 Kapolei Parkway\r\nKapolei HI 96709","phone":"+1-855-466-7467"},{"latitude":39.61239530036553,"longitude":-105.09286745136711,"name":"H&M - Southwest Plaza Mall","address":"8501 W Bowles Ave\r\nLittleton CO 80123","phone":"+1-855-466-7467"},{"latitude":40.54271467460431,"longitude":-105.07425206341554,"name":"H&M - Foothills Mall","address":"215 E Foothills Pkwy #220\r\nFort Collins CO 80525","phone":"+1-855-466-7467"},{"latitude":33.7037529,"longitude":-78.92431590000001,"name":"H&M - Coastal Grand Mall","address":"2000 Coastal Grand Circle, Myrtle Beach\r\nMyrtle Beach SC 29577","phone":"+1-855-466-7467"},{"latitude":42.3002907797389,"longitude":-71.38230008968503,"name":"H&M - Natick Mall","address":"1245 Worcester Street\r\nNatick MA 01760","phone":"+1-855-466-7467"},{"latitude":39.60495151632027,"longitude":-104.70849910583496,"name":"H&M - Southlands","address":"6155 S. Main Street\r\nAurora CO 80016","phone":"+1-855-466-7467"},{"latitude":34.15693461124778,"longitude":-118.43881267993163,"name":"H&M - Fashion Square Mall","address":"14006 Riverside Dr\r\nSherman Oaks CA 91423","phone":"+1-855-466-7467"},{"latitude":28.068188492269,"longitude":-82.5751669900879,"name":"H&M - Citrus Park","address":"8021 Citrus Park Town Center\r\nTampa FL 33625 US","phone":"+1-855-466-7467"},{"latitude":41.71013640452216,"longitude":-87.78179452065433,"name":"H&M - Chicago Ridge Mall","address":"444 Chicago Ridge Mall\r\nChicago Ridge IL 60415","phone":"+1-855-466-7467"},{"latitude":27.2341703509128,"longitude":-82.49283215344235,"name":"H&M - Sarasota Square","address":"8201 S. Tamiami Trail\r\nSarasota FL 34238","phone":"+1-855-466-7467"},{"latitude":33.76407357474085,"longitude":-118.1925906322632,"name":"H&M - Pike Outlets","address":"37 Aquarium Way\r\nLong Beach CA 90802","phone":"+1-855-466-7467"},{"latitude":29.1970127,"longitude":-81.0634814,"name":"H&M - Volusia Mall","address":"1700 W International SpeedwayBlvd\r\nDaytona Beach FL 32114","phone":"+1-855-466-7467"},{"latitude":40.81553359999999,"longitude":-96.63648409999996,"name":"H&M - Gateway Mall","address":"98 Gateway Mall\r\nLincoln NE 68505","phone":"+1-855-466-7467"},{"latitude":29.926497751812,"longitude":-81.4106687020996,"name":"H&M - St. Augustine Outlets","address":"500 Outlet Mall Blvd., Suite 250\r\nSt. Augustine FL 32084","phone":"+1-855-466-7467"},{"latitude":45.76538958720058,"longitude":-108.57835401948239,"name":"H&M - Rimrock Mall","address":"300 south 24th Street W\r\nBillings MT 59102","phone":"+1-855-466-7467"},{"latitude":33.6563456,"longitude":-117.9971119,"name":"H&M - Pacific City","address":"21060 Pacific Coast Highway, Suite G100/G200\r\nHuntington Beach CA 92648","phone":"+1-855-466-7467"},{"latitude":32.60273584904709,"longitude":-96.94222371435546,"name":"H&M - Hillside Village","address":"305 W. Farm to Market Road 1382\r\nCedar Hill TX 75104","phone":"+1-855-466-7467"},{"latitude":39.8315323,"longitude":-75.0979797,"name":"H&M - Deptford Mall","address":"1750 Deptford Ave\r\nDeptford NJ 08096","phone":"+1-855-466-7467"},{"latitude":42.53458459254846,"longitude":-82.9137949527344,"name":"H&M - Macomb Mall","address":"32233 Gratiot Ave\r\nRoseville MI 48066","phone":"+1-855-466-7467"},{"latitude":32.07980452281467,"longitude":-81.09488820657651,"name":"H&M - Broughton Street","address":"230-240 W Broughton Street\r\nSavannah GA 31401","phone":"+1-855-466-7467"},{"latitude":35.61332557541951,"longitude":-97.55648382368162,"name":"H&M - Quail Springs Mall","address":"2501 Memorial suite rd\r\nOklahoma City OK 73134","phone":"+1-855-466-7467"},{"latitude":42.19967183505847,"longitude":-83.25293299999998,"name":"H&M - Southland Center","address":"23000 Eureka, Space 1390\r\nTaylor MI 48180","phone":"+1-855-466-7467"},{"latitude":35.02320086752565,"longitude":-89.7180849496093,"name":"H&M - Carriage Crossing","address":"4674 Merchants Park Circle\r\nCollierville TN 38017","phone":"+1-855-466-7467"},{"latitude":42.80859877618909,"longitude":-85.67096436416011,"name":"H&M - Tanger Outlets Grand Rapids","address":"350 84th Street SW\r\nByron Center MI 49315","phone":"+1-855-466-7467"},{"latitude":33.3765573,"longitude":-86.80727300000001,"name":"H&M - Riverchase Galleria","address":"2000 Riverchase Galleria\r\nHoover AL 35244","phone":"+1-866-466-7467"},{"latitude":33.19051701756288,"longitude":-97.10703078308097,"name":"H&M - Golden Triangle Mall","address":"2201 I-35E South\r\nDenton TX 76205","phone":"+1-855-466-7467"},{"latitude":32.7398191,"longitude":-97.43903799999998,"name":"H&M - Ridgmar Mall","address":"1888 Green Oaks Road\r\nForth Worth TX 76116","phone":"+1-855-466-7467"},{"latitude":27.7903032,"longitude":-97.6688843,"name":"H&M - Outlets at Corpus Christi","address":"500 North IH-69\r\nRobstown TX 78380","phone":"+1-855-466-7467"},{"latitude":42.4144967,"longitude":-83.4171847,"name":"H&M - Laurel Park Place","address":"37700 Six Mile Road\r\nLivonia MI 48152","phone":"+1-855-466-7467"},{"latitude":35.28149269719312,"longitude":-120.66217745983283,"name":"H&M - Monterey Street","address":"886 Monterey Street Space C-101\r\nSan Luis Obispo CA 93401","phone":"+1-855-466-7467"},{"latitude":37.52571806603515,"longitude":-121.99912748144533,"name":"H&M - NewPark Mall","address":"2086 Newpark Mall\r\nNewark CA 94560","phone":"+1-855-466-7467"},{"latitude":38.20695189864646,"longitude":-85.35170406730958,"name":"H&M - Outlet Shoppes of the Bluegrass","address":"1155 Buck Creek Road, Suite K-1000\r\nSimpsonville KY 40067","phone":"+1-855-466-7467"},{"latitude":38.14239,"longitude":-85.67271299999999,"name":"H&M - Jefferson Mall","address":"4801 Outer Loop\r\nLouisville KY 40219","phone":"+1-855-466-7467"},{"latitude":37.50826793234042,"longitude":-77.60808039814452,"name":"H&M - Chesterfield Towne Center","address":"11500 Midlothian Turnpike\r\nRichmond VA 23235","phone":"+1-855-466-7467"},{"latitude":41.47438906675818,"longitude":-71.95947455863035,"name":"H&M - Foxwoods Outlet Center","address":"455 Trolley Line Blvd\r\nMashantucket CT 06338","phone":"+1-855-466-7467"},{"latitude":33.432267,"longitude":-111.90459799999996,"name":"H&M - Tempe Market Place","address":"2000 E Rio Salado Pkwy\r\nTempe AZ 85281","phone":"+1-855-466-7467"},{"latitude":33.43801655582989,"longitude":-117.62948590626831,"name":"H&M - Outlets at San Clemente","address":"101 W. Avenida Vista Hermosa, Suite 138\r\nSan Clemente CA 92672","phone":"+1-855-466-7467"},{"latitude":41.8472083,"longitude":-87.8107516,"name":"H&M - North Riverside Park Mall","address":"7501 West Cermak Road\r\nNorth Riverside IL 60546","phone":"+1-855-466-7467"},{"latitude":25.78703147470055,"longitude":-80.37890110087892,"name":"H&M - Dolphin Mall","address":"11401 NW 12th St\r\nMiami FL 33172","phone":"+1-855-466-7467"},{"latitude":47.65691201610228,"longitude":-122.6905781655762,"name":"H&M - Kitsap Mall","address":"10315 Silverdale Way NW\r\nSilverdale WA 98383","phone":"+1-855-466-7467"},{"latitude":30.37430650174896,"longitude":-87.67947752695312,"name":"H&M - Tanger Outlets at Foley","address":"2601 S. McKenzie Street, Space No.200\r\nFoley AL 36535","phone":"+1-855-466-7467"},{"latitude":41.02155099982646,"longitude":-80.65928940629885,"name":"H&M - Southern Park Mall","address":"7401 Market St\r\nYoungstown OH 44512","phone":"+1-855-466-7467"},{"latitude":29.78019311893527,"longitude":-95.56079765872192,"name":"H&M - City Centre","address":"800 Town & Country Boulevard\r\nHouston TX 77024","phone":"+1-855-466-7467"},{"latitude":32.7554883,"longitude":-97.3307658,"name":"H&M - Sundance Square","address":"401 Commerce Street\r\nForth Worth TX 76102","phone":"+1-855-466-7467"},{"latitude":41.21434546616432,"longitude":-80.75013396826176,"name":"H&M - Eastwood Mall","address":"5555 Youngstown Warren Road\r\nOH 44446","phone":"+1-855-466-7467"},{"latitude":39.10305159431722,"longitude":-84.27650019082034,"name":"H&M - Eastgate Mall","address":"4601 Eastgate Blvd\r\nCincinnati OH 45245","phone":"+1-855-466-7467"},{"latitude":29.51857346726056,"longitude":-98.49534481376946,"name":"H&M - North Star Mall","address":"7400 San Pedro Ave #1330\r\nSan Antonio TX 78216","phone":"+1-855-466-7467"},{"latitude":45.55433912941852,"longitude":-94.20933147971192,"name":"H&M - Crossroads Center","address":"4101 Division St\r\nSt Cloud MN 56301","phone":"+1-855-466-7467"},{"latitude":40.30098350409075,"longitude":-79.50662009204109,"name":"H&M - Westmoreland Mall","address":"5256 Route 30, Space 240\r\nGreensburg PA 15601","phone":"+1-855-466-7467"},{"latitude":30.12504326557367,"longitude":-94.16081694288334,"name":"H&M - Parkdale Mall","address":"6155 Eastex Fwy #200\r\nBeaumont TX 77706","phone":"+1-855-466-7467"},{"latitude":29.5542955,"longitude":-95.39669559999999,"name":"H&M - Pearland Town Center","address":"11200 W Broadway St\r\nPearland TX 77584","phone":"+1-855-466-7467"},{"latitude":33.3105745093558,"longitude":-111.74192950546876,"name":"H&M - San Tan Village","address":"2218 E Williams Field Rd\r\nGilbert AZ 85295","phone":"+1-855-466-7467"},{"latitude":42.53747976792175,"longitude":-83.11079383789064,"name":"H&M - Oakland Mall","address":"470 W. 14 Mile Rd.\r\nTroy MI 48083","phone":"+1-855-466-7467"},{"latitude":38.31471653545109,"longitude":-85.76351697846673,"name":"H&M - Green Tree Mall","address":"757 E Lewis and Clark Pkwy\r\nClarksville IN 47129","phone":"+1-855-466-7467"},{"latitude":29.82878544026521,"longitude":-97.97984624843747,"name":"H&M - Tanger Outlet San Marcos","address":"4015 Interstate 35 Frontage Rd\r\nSan Marcos TX 78666","phone":"+1-855-466-7467"},{"latitude":40.78014550931659,"longitude":-89.67310047470704,"name":"H&M - The Shoppes at Grand Prairie","address":"5201 West War Memorial Drive\r\nPeoria IL 61615","phone":"+1-855-466-7467"},{"latitude":37.3382082,"longitude":-121.88632860000001,"name":"H&M - Eastridge Mall","address":"2200 Eastridge Loop,Suite 1010\r\nSan Jose CA 95122","phone":"+1-855-466-7467"},{"latitude":39.37020742650961,"longitude":-84.37173851259763,"name":"H&M - Liberty Center","address":"7140 Foundry Row\r\nLiberty Township OH 45069","phone":"+1-855-455-7467"},{"latitude":43.62113030609076,"longitude":-116.34765493933719,"name":"H&M - Village at Meridian","address":"3600 E Fairview Ave\r\nMeridian ID 83642","phone":"+1-855-466-7467"},{"latitude":38.4495688,"longitude":-78.86891550000001,"name":"H&M - Valley mall","address":"925 E Market St, Space #0323\r\nRockingham VA 22801","phone":"+1-855-466-7467"},{"latitude":31.5254263,"longitude":-97.19014609999999,"name":"H&M - Richland Mall","address":"6001 West Waco Drive, Space 54\r\nWaco TX 76710","phone":"+1-855-466-7467"},{"latitude":34.93399759930207,"longitude":-89.98779807193603,"name":"H&M - Tanger Outlets Southaven","address":"5205 Airways Boulevard\r\nSouthhaven MS 38671","phone":"+1-855-466-7467"},{"latitude":30.6241011,"longitude":-96.30264690000001,"name":"H&M - Post Oak Mall","address":"1500 Harvey Rd, Space#5020\r\nCollege Station TX 77840","phone":"+1-855-466-7467"},{"latitude":25.95341636330134,"longitude":-97.50288706865842,"name":"H&M - Sunrise Mall","address":"2370 N. Expressway, Space No. I\r\nBrownsville TX 78521","phone":"+1-855-466-7467"},{"latitude":26.13707,"longitude":-80.110886,"name":"H&M - Ft Lauderdale Galleria","address":"2414 E Sunrise Blvd\r\nFort Lauderdale FL 33304","phone":"+1-855-466-7467"},{"latitude":39.5349112,"longitude":-119.7526886,"name":"H&M - The Outlets at Sparks","address":"1330 Scheels Drive Suite F144\r\nSparks NV 89434","phone":"+1-855-466-7467"},{"latitude":27.55234858037471,"longitude":-99.50033290898443,"name":"H&M - Mall Del Norte","address":"5300 San Dario Ave., Space D\r\nLaredo TX 78041","phone":"+1-956-231-5456"},{"latitude":40.46920468215406,"longitude":-78.41121539218756,"name":"H&M - Logan Valley Mall","address":"5580 Goods Lane,Suite #0758\r\nAltoona PA 16602","phone":"+1-855-466-7467"},{"latitude":39.38220997764491,"longitude":-77.40648985449218,"name":"H&M - Francis Scott Key Mall","address":"5500 Buckeystown Pike,Suite 0432\r\nFrederick MD 21703","phone":"+1-855-466-7467"},{"latitude":40.22305708334442,"longitude":-76.9326102979004,"name":"H&M - Capital City Mall","address":"3506 Capital City Drive, Space #0728\r\nCamp Hill PA 17011","phone":"+1-855-466-7467"},{"latitude":39.6225826,"longitude":-77.7701285,"name":"H&M - Valley Mall","address":"17301 Valley Mall RoadSpace #0165,\r\nHagerstown MD 21740","phone":"+1-855-466-7467"},{"latitude":34.03640630536619,"longitude":-118.08349204760742,"name":"H&M - The Shops at Montebello","address":"2134 Montebello Town Centre Drive, Room B12A\r\nMontebello CA 90640","phone":"+1-855-466-7467"},{"latitude":33.64178630783228,"longitude":-112.22564079589847,"name":"H&M - Arrowhead Towne Towne Center","address":"7700 West Arrowhead Towne Center\r\nGlendale AZ 85308","phone":"+1-855-466-7467"},{"latitude":35.70267723321089,"longitude":-81.30394521503905,"name":"H&M - Valley Hills Mall","address":"1960 Highway 70 SE #244\r\nHickory NC 28602","phone":"+1-855-466-7467"},{"latitude":38.9559442,"longitude":-76.94553009999998,"name":"H&M - The Mall at Prince Georges","address":"3500 East-West Highway,Space#1024\r\nHyattsville MD 20782","phone":"+1-855-466-7467"},{"latitude":40.75711255780193,"longitude":-73.97795980185242,"name":"H&M - 589 Fifth Avenue","address":"10017 NY New York","phone":"+1-855-466-7467"},{"latitude":32.13358903490667,"longitude":-81.2438026407226,"name":"H&M - Tanger Outlets Savannah","address":"200 Tanger Outlet Blvd, Space No. 101\r\nPooler GA 31322","phone":"+1-855-466-7467"},{"latitude":33.8496346,"longitude":-118.14043879999997,"name":"H&M - Lakewood Center","address":"500 Lakewood Center Mall\r\nLakewood CA 90712","phone":"+1-855-466-7467"},{"latitude":61.14379959212631,"longitude":-149.86783312695314,"name":"H&M - Dimond Center","address":"800 E Dimond Blvd\r\nAnchorage AK 99515","phone":"+1-855-466-7467"},{"latitude":36.15011970668503,"longitude":-115.3327314317383,"name":"H&M - Downtown Summerlin","address":"1940 Park Centre Drive\r\nLas Vegas NV 89135","phone":"+1-855-466-7467"},{"latitude":33.9372725,"longitude":-118.12982340000002,"name":"H&M - H&M Stonewood Center","address":"251 Stonewood Street #L01\r\nDowney CA 90241","phone":"+1-855-466-7467"},{"latitude":45.0724642,"longitude":-93.45578769999997,"name":"H&M - The Shoppes at Arbor Lakes","address":"12285 Elm Creek Boulevard North\r\nMaple Grove MN 55369","phone":"+1-855-466-7467"},{"latitude":32.6785418,"longitude":-97.39809930000001,"name":"H&M - 4800 S Hulen St","address":"unit # 2380\r\nFort Worth TX 76132","phone":"+1-855-466-7467"},{"latitude":37.98416575732433,"longitude":-87.49525993139656,"name":"H&M - Eastland Mall","address":"800 N Green River Rd,Space #0400\r\nEvansville IN 47715","phone":"+1-855-466-7467"},{"latitude":43.4759742,"longitude":-83.97228289999998,"name":"H&M - 4787 Fashion Square Mall, Space E","address":"48604 MI Saginaw","phone":"+1-855-466-7467"},{"latitude":32.92687722980096,"longitude":-83.71425330234382,"name":"H&M - The Shoppes at River Crossing","address":"5080 Riverside Drive, Suite 214\r\nMacon GA 31210","phone":"+1-855-466-7467"},{"latitude":30.30853579999999,"longitude":-97.93885660000001,"name":"H&M - Hill Country Galleria","address":"12912 Hill Country Boulevard, Suite D2-145\r\nBee Cave TX 78738","phone":"+1-855-466-7467"},{"latitude":41.3282342,"longitude":-73.8092686,"name":"H&M - Jefferson Valley","address":"650 Lee Blvd\r\nYorktown Heights NY 10598","phone":"+1-855-466-7467"},{"latitude":40.7913846,"longitude":-77.86055340000001,"name":"H&M - Fraser Centre Penn State","address":"118 S. Fraser Street\r\nState College PA 16801","phone":"+1-855-466-7467"},{"latitude":31.1171194,"longitude":-97.72779589999999,"name":"H&M - Killeen Mall","address":"2100 So. W.S. Young Drive, Suite 1090\r\nKilleen TX 76543","phone":"+1-855-466-7467"},{"latitude":29.2108147,"longitude":-81.02283310000001,"name":"H&M - Tanger Daytona","address":"1100 Cornerstone,Space No. 590\r\nDaytona Beach FL 32117","phone":"+1-855-466-7467"},{"latitude":37.9100783,"longitude":-122.06518189999997,"name":"H&M - Broadway Plaza Walnut Creek","address":"73 Broadway Lane, Suite #1062\r\nWalnut Creek CA 94596","phone":"+1-855-466-7467"},{"latitude":41.55106555605701,"longitude":-72.80747265344229,"name":"H&M - Westfield Meriden Mall","address":"470 Lewis Ave, Suite No. 41\r\nMeriden CT 06451","phone":"+1-855-466-7467"},{"latitude":33.857328,"longitude":-84.01991079999999,"name":"H&M - Shoppes at Webb Gin","address":"1350 scenic Hwy,Suite 400\r\nSnellville GA 30078","phone":"+1-855-466-7467"},{"latitude":39.94282782678205,"longitude":-74.96399220117189,"name":"H&M - Moorestown Mall","address":"400 Route 38\r\nMoorestown NJ 08057","phone":"+1-855466-7467"},{"latitude":35.82323028838454,"longitude":-90.66462522192387,"name":"H&M - The Mall at Turtle Creek","address":"3000 E Highland Dr\r\nJonesboro AR 72401","phone":"+1-855-466-7467"},{"latitude":25.790654,"longitude":-80.1300455,"name":"H&M - 763 Collins Avenue","address":"126 8th St.\r\nMiami Beach FL 33139","phone":"+1-855-466-7467"},{"latitude":39.2903848,"longitude":-76.61218930000001,"name":"H&M - White Marsh Mall","address":"8200 Perry Hall Blvd, Suite 1325\r\nBaltimore MD 21236","phone":"+1-855-466-7467"},{"latitude":39.0997265,"longitude":-94.57856670000001,"name":"H&M - Summit Fair","address":"840 NW Blue Pkwy\r\nLee's Summit, MO 64086","phone":"+1-855-466-7467"},{"latitude":33.9562149,"longitude":-83.98796249999998,"name":"H&M - Sugarloaf Mills","address":"5900 Sugarloaf Pkwy\r\nLawrenceville GA 30043","phone":"+1-855-466-7467"},{"latitude":35.6118051,"longitude":-115.3859339,"name":"H&M - Fashion Outlets of Las Vegas","address":"32100 S Las Vegas Blvd,Suite 116\r\nPrimm NV 89019","phone":"+1-855-466-7467"},{"latitude":33.5831662,"longitude":-84.33936829999999,"name":"H&M - Southlake Mall","address":"1000 Southlake Circle\r\nMorrow GA 30260","phone":"+1-855-466-7467"},{"latitude":37.0870821,"longitude":-76.47301219999997,"name":"H&M - Patrick Henry Mall","address":"12300 Jefferson Ave.Route 143 & I-64\r\nNewport News VA 23602","phone":"+1-855-466-7467"},{"latitude":39.9625984,"longitude":-76.72774500000003,"name":"H&M - York Galleria","address":"One York Galleria,Space E\r\nYork PA 17402","phone":"+1-855-466-7467"},{"latitude":45.65852827058286,"longitude":-122.58217854384765,"name":"H&M - Westfield Vancouver","address":"8700 NE Vancouver Mall Drive, Suite #122\r\nVancouver WA 98662","phone":"+1-855-466-7467"},{"latitude":34.9495672,"longitude":-81.9320482,"name":"H&M - Westgate Mall","address":"205 W. Blackstock Road, Building J\r\nSpartanburg SC 29301","phone":"+1-855-466-7467"},{"latitude":30.67440273136074,"longitude":-88.12400527470703,"name":"H&M - The Shoppes at Bel Air","address":"3452 Bel Air Mall\r\nMobile AL 36606","phone":"+1-855-466-7467"},{"latitude":28.09217880726825,"longitude":-81.97795666582027,"name":"H&M - Lakeland Square Mall","address":"3800 US Hwy. 98 N.\r\nLakeland FL 33809","phone":"+1-855-466-7467"},{"latitude":38.3606736,"longitude":-75.59936920000001,"name":"H&M - Centre at Salisbury","address":"2300 N Salisbury Blvd\r\nSalisbury MD 21801","phone":"+1-855-466-7467"},{"latitude":40.6337136,"longitude":-74.40737360000003,"name":"H&M - Perry Crossing","address":"2498 Perry Crossing Way, Suite 175\r\nPlainfield IN 46168","phone":"+1-855-466-7467"},{"latitude":27.8005828,"longitude":-97.39638100000002,"name":"H&M - La Palmera","address":"5488 S. Padre Island Drive, Space 7000\r\nCorpus Christi TX 78411","phone":"+1-855-466-7467"},{"latitude":46.79757519745043,"longitude":-100.78476916826173,"name":"H&M - Kirkwood Mall","address":"706 Kirkwood Mall, Building F\r\nBismark ND 58504","phone":"+1-855-466-7467"},{"latitude":33.7489954,"longitude":-84.3879824,"name":"H&M - The Mall at Stonecrest","address":"2929 Turner Hill Road, Suite 2750\r\nLithonia GA 30038","phone":"+1-855-466-7467"},{"latitude":27.5305671,"longitude":-99.48032409999996,"name":"H&M - Outlet Shoppes at Laredo","address":"1600 Water Street, Suite #B320\r\nLaredo TX 78040","phone":"+1-855-466-7467"},{"latitude":29.5957696,"longitude":-90.71953480000002,"name":"H&M - Southland Mall","address":"5953 W Park Ave\r\nHouma LA 70364","phone":"+1-855-466-7467"},{"latitude":32.5007037,"longitude":-94.74048909999999,"name":"H&M - Longview Mall","address":"3500 McCann Rd\r\nLongview TX 75605","phone":"+1-855-466-7467"},{"latitude":47.1853785,"longitude":-122.29289740000002,"name":"H&M - South Hill Mall","address":"3500 S Meridian,Unit 940\r\nPuyallup WA 98373","phone":"+1-855-466-7467"},{"latitude":41.6130323,"longitude":-70.9704787,"name":"H&M - Dartmouth Mall","address":"200 Dartmouth Mall, Unit #1396\r\nDartmouth MA 02747","phone":"+1-855-466-7467"},{"latitude":34.2433497,"longitude":-77.8291815,"name":"H&M - Mayfair Town Center","address":"6835 Conservation Way,Space H 115\r\nWilmington NC 28405","phone":"+1-855-466-7467"},{"latitude":32.216316,"longitude":-80.75260800000001,"name":"H&M - Tanger Hilton Head","address":"1414 Fording Island Rd, Space No. E150\r\nBluffton SC 29910","phone":"+1-855-466-7467"},{"latitude":44.687984,"longitude":-85.52002399999998,"name":"H&M - Grand Traverse Mall","address":"3200 South Airport Road W, Space 510\r\nTraverse City MI 49684","phone":"+1-855-466-7467"},{"latitude":42.0980812,"longitude":-88.2828581,"name":"H&M - Spring Hill Mall","address":"1072 Spring Hill Mall, Space # 1246\r\nWest Dundee IL 60118","phone":"+1-855-466-7467"},{"latitude":33.5481597,"longitude":-86.54442879999999,"name":"H&M - The Outlet Shop of Grand River","address":"6200 Grand River Blvd East,Suite 216\r\nLeeds AL 35094","phone":"+1-855-466-7467"},{"latitude":32.735687,"longitude":-97.10806559999997,"name":"H&M - The Parks Mall at Arlington","address":"3811 South Cooper, Suite 1804\r\nArlington TX 76015","phone":"+1-855-466-7467"},{"latitude":38.2775702,"longitude":-85.7371847,"name":"H&M - Tanger Outlets Jeffersonville","address":"8000 Factory Shops Boulevard\r\nJeffersonville OH 43128","phone":"+1-855-466-7467"},{"latitude":43.6359313,"longitude":-70.33659499999999,"name":"H&M - Maine Mall","address":"364 Maine Mall Road, Suite N149\r\nSouth Portland ME 04106","phone":"+1-855-466-7467"},{"latitude":33.83362643421105,"longitude":-118.35023645554196,"name":"H&M - Del Amo Fashion Center","address":"3525 W Carson St\r\nTorrance CA 90503","phone":"+1-855-466-7467"},{"latitude":40.74975554401038,"longitude":-73.98821189947512,"name":"H&M - 1293 Broadway","address":"10001 NY New York City","phone":"+1-855-466-7467"},{"latitude":40.71181677107342,"longitude":-74.01140808425458,"name":"H&M - World Trade Center","address":"18 Church Street\r\nNew York NY 10007","phone":"+1-855-466-7467"},{"latitude":40.684901,"longitude":-73.97768,"name":"H&M - H&M Pop-Up - Atlantic Terminal NY","address":"625 Atlantic Ave\r\nBrooklyn NY 11217","phone":"+1-855-466-7467"},{"latitude":40.8466823,"longitude":-74.0702078,"name":"H&M - H&M Pop-up-Bay Harbour, Long Island","address":"365 Rockaway Turnpike\r\nLawerence NY 11559","phone":"+1-855-466-7467"},{"latitude":34.05898151308124,"longitude":-118.41896967304689,"name":"H&M - Westfield Century City","address":"10250 Santa Monica Blvd.\r\nLos Angeles CA 90067","phone":"+1-855-466-7467"}]