-87.6801683,30.3756767,Carter's,"Tanger Outlet Center Foley 2601 South McKenzie Street Space 214 Foley AL 36535 (251) 943-3727"
-86.682022,34.742957,Carter's,"Westside Centre 6275 University Drive NW Space 34 Huntsville AL 35806 (256) 922-5589"
-86.5961282,33.5488005,Carter's,"The Outlet Shops of Grand River 6200 Grand River Boulevard East Suites 334 & 338 Leeds AL 35094 (205) 699-1148"
-86.1666305,32.35797,Carter's,"The Shoppes at East Chase 2524 Berryhill Road Montgomery AL 36117 (334) 279-5347"
-94.3877734,35.3399083,Carter's,"Fort Smith Pavilion 3845 Phoenix Avenue Fort Smith AR 72903 (479) 646-7426"
-92.3432136,34.7503087,Carter's,"Park Avenue 416 South University Drive Suite #110 Suite #110 Little Rock AR 72205 (501) 614-7775"
-92.4079485,34.6609511,Carter's,"Outlets of Little Rock 11201 Bass Pro Parkway M-135 Little Rock AR 72209 (501) 407-0745"
-111.8984144,33.2970512,Carter's,"Chandler Village Center 3401 West Frye Rd. Suite 11 Chandler AZ 85226 (480) 786-8866"
-112.2594222,33.5543223,Carter's,"Peoria Crossings 9320 W. Northern Ave. Suite #120 and #130 Glendale AZ 85305 (623) 772-7213"
-112.2667164,33.5334711,Carter's,"Tanger Outlet Center Westgate 6800 North 95th Avenue Suite #610 Glendale AZ 85305 (623) 772-5519"
-112.36095,33.461006,Carter's,"Palm Valley Pavilions West 1400 North Litchfield Road # G-6 Goodyear AZ 85395 (623) 536-8199"
-112.095394,33.522041,Carter's,"Christown Spectrum Mall 1703 West Bethany Home Road Suite C004 Phoenix AZ 85015 (602) 841-0081"
-111.9769508,33.6767119,Carter's,"Desert Ridge Marketplace 21001 North Tatum Blvd. Suite 40-1360 Phoenix AZ 85050 (480) 513-6913"
-112.1502702,33.8729065,Carter's,"Outlets at Anthem 4250 West Anthem Way Suite 660 Phoenix AZ 85086 (623) 465-9024"
-111.922871,33.635211,Carter's,"Scottsdale Promenade 16451 North Scottsdale Rd. Suite 115 Scottsdale AZ 85254 (480) 596-2910"
-111.9644722,33.3830454,Carter's,"Arizona Mills 5000 Arizona Mills Circle Suite 602 Tempe AZ 85282 (480) 752-0760"
-111.1023277,32.3784798,Carter's,"Tucson Premium Outlets 6401 West Marana Center Boulevard Suite 420 Tucson AZ 85742 (520) 918-5513"
-111.0149434,32.3408464,Carter's,"Foothills Mall 7401 North La Cholla Blvd. Suite 170 Tucson AZ 85741 (520) 742-7501"
-110.989683,32.158335,Carter's,"Tucson Spectrum 5133 South Calle Santa Cruz Tucson AZ 85706 (520) 573-2940"
-114.6043002,32.700358,Carter's,"Yuma Palms Regional Center 1490 South Yuma Palms Parkway Suite J Yuma AZ 85365 (928) 782-3042"
-122.253125,37.757554,Carter's,"Alameda South Shore Center 2202 South Shore Center Suite A Alameda CA 94501 (510) 865-1320"
-117.939309,33.8377551,Carter's,"Anaheim Plaza 480 North Euclid Street Anaheim CA 92801 (714) 991-3216"
-117.7497986,33.8667146,Carter's,"Anaheim Hills Festival 8108 East Santa Ana Canyon Road Suite #164 Anaheim Hills CA 92808 (714) 279-9538"
-121.7374304,37.9633468,Carter's,"Slatten Ranch 5759 Lone Tree Way Antioch CA 94531 (925) 756-7122"
-117.2489894,34.4692352,Carter's,"Jess Ranch Marketplace 19157 Bear Valley Road Suite #1A Apple Valley CA 92308 (760) 240-1539"
-118.9430754,34.9854893,Carter's,"Outlets at Tejon 5701 Outlets at Tejon Parkway Space #820 Arvin CA 93203 (661) 858-2789"
-119.045576,35.3404301,Carter's,"Toys R Us Plaza 3784 Ming Avenue Bakersfield CA 93309 (661) 836-1736"
-117.8820556,33.91199,Carter's,"Brea Plaza 439 South Associated Road Brea CA 92821 (714) 672-0485"
-116.8154907,33.9287776,Carter's,"Desert Hills Premium Outlets 48650 Seminole Dr. Suite 1136 Cabazon CA 92230 (951) 922-3748"
-115.5087837,32.6650235,Carter's,"Gran Plaza Outlets 888 West 2nd Street Suite E180 Calexico CA 92231 (760) 357-0744"
-119.0603778,34.21665,Carter's,"Camarillo Premium Outlets 990 Camarillo Center Dr. Suite 1006 Camarillo CA 93010 (805) 384-0027"
-118.5953038,34.1891017,Carter's,"Warner Marketplace 6520 Canoga Ave. Suite D-1 Canoga Park CA 91303 (818) 340-5483"
-117.3210992,33.1264551,Carter's,"Carlsbad Premium Outlets 5630 Paseo Del Norte Suite 143 Carlsbad CA 92008 (760) 804-0254"
-117.7209611,33.9978755,Carter's,"Chino Spectrum 3841 Grand Ave. Suite A Chino CA 91710 (909) 628-6276"
-116.9679165,32.6235991,Carter's,"Otay Ranch 2015 Birch Road Suite 1705 Chula Vista CA 91915 (619) 482-6984"
-121.2695377,38.6796953,Carter's,"Citrus Town Center 7935 Greenback Lane Space B1 Citrus Heights CA 95610 (916) 721-3215"
-122.4652751,37.6743203,Carter's,"Serra Center 4933 Junipero Serra Blvd. Colma CA 94014 (650) 997-0284"
-118.1540613,34.0067903,Carter's,"Citadel Outlets 100 Citadel Dr. Suite 424 Commerce CA 90040 (323) 887-8640"
-118.2200192,33.878395,Carter's,"Gateway Towne Center 208 Towne Center Drive Compton CA 90220 (310) 635-0497"
-117.9198165,33.6406299,Carter's,"Costa Mesa Courtyards 1835 Newport Boulevard Suite C-139 Costa Mesa CA 92627 (949) 764-9158"
-118.3936334,33.9963836,Carter's,"Studio Village Shopping Center 11010 Jefferson Boulevard Culver City CA 90230 (310) 397-6768"
-118.1291873,33.922619,Carter's,"The Promenade at Downey 8960 Apollo Way #A11 A & B Downey CA 90242 (562) 401-0007"
-117.5577291,33.9760095,Carter's,"Eastvale Gateway 12435 Limonite Avenue Eastvale CA 91752 (951) 727-8298"
-121.4173784,38.424628,Carter's,"Laguna Crossroads 7617 Laguna Boulevard Elk Grove CA 95758 (916) 691-1865"
-117.0985789,33.1116271,Carter's,"Escondido Promenade 1266 Auto Parkway Suite J Escondido CA 92029 (760) 747-1519"
-121.187932,38.643781,Carter's,"Folsom Premium Outlets 13000 Folsom Blvd. Space 803 Folsom CA 95630 (916) 985-2812"
-121.969177,37.501275,Carter's,"Pacific Commons 43960 Pacific Commons Boulevard Space #J1-A Fremont CA 94538 (510) 249-9501"
-119.7928036,36.8507619,Carter's,"Villagio Shopping Center 7917 North Blackstone Avenue Fresno CA 93720 (559) 432-2963"
-121.5644706,37.025183,Carter's,"Gilroy Premium Outlets 8300 Arroyo Circle Suite A280 Gilroy CA 95020 (408) 847-3553"
-118.5250769,34.2663545,Carter's,"Granada Village Shopping Center 18025 Chatsworth Street Granada Hills CA 91344 (818) 368-7614"
-122.1186705,37.6659083,Carter's,"Skywest Commons 19681 Hesperian Boulevard Hayward CA 94541 (510) 785-9781"
-117.991517,33.731842,Carter's,"Bella Terra 7881 Edinger Ave. Suite A114 Huntington Beach CA 92647 (714) 893-6036"
-118.2329046,33.9717729,Carter's,"La Alameda 7430 Almeda Street Huntington Park CA 90255 (323) 587-1458"
-116.2191356,33.7425477,Carter's,"Showcase at Indio 42225 Jackson Street Building C 102 Indio CA 92203 (760) 347-2658"
-117.787623,33.7262606,Carter's,"The Market Place III 13320 Jamboree Rd. Irvine CA 92602 (714) 838-0112"
-117.9639907,33.9187265,Carter's,"La Habra Marketplace 1651 West Imperial Highway Suite A La Habra CA 90631 (562) 266-1066"
-117.3525241,33.70141,Carter's,"Lake Elsinore Outlets 17600 Collier Ave. Suite E139B Lake Elsinore CA 92530 (951) 674-1496"
-117.7019254,33.6180731,Carter's,"The Orchard 23622 El Toro Road Suite A Lake Forest CA 92630 (949) 457-1630"
-121.8451423,37.6986774,Carter's,"San Francisco Premium Outlets 3380 Paragon Outlets Drive Livermore CA 94588 (925) 606-1369"
-118.0866229,33.8290361,Carter's,"Long Beach Towne Center 7378 Carson Blvd. Long Beach CA 90808 (562) 429-5952"
-118.336112,34.048478,Carter's,"Midtown Crossing 4550 Pico Boulevard Suite C 1-306 Los Angeles CA 90019 (323) 932-1630"
-118.3365151,34.0103542,Carter's,"Baldwin Hills 3650 West Martin Luther King Boulevard Suite 224 Los Angeles CA 90008 (323) 293-3691"
-121.897412,37.415738,Carter's,"Great Mall of the Bay Area 447 Great Mall Dr. Space 490 Milpitas CA 95035 (408) 942-6621"
-122.1088964,37.4020793,Carter's,"San Antonio Shopping Center 550 Showers Dr. No. 6 Mountain View CA 94040 (650) 948-1572"
-117.551993,34.0729843,Carter's,"Ontario Mills 1 Mills Circle Suite 806 Ontario CA 91764 (909) 980-7116"
-117.892613,33.782786,Carter's,"The Outlets at Orange 20 City Boulevard West, Suite 908 Orange CA 92868 (714) 935-0949"
-118.152456,34.604844,Carter's,"Antelope Valley Mall 1301 Rancho Vista Boulevard Suite L Palmdale CA 93551 (661) 575-9925"
-118.4502317,34.2231832,Carter's,"Panorama Mall 8401 Van Nuys Boulevard Panorama City CA 91402 (818) 221-3666"
-118.0704476,34.1512673,Carter's,"Hastings Ranch Plaza 3819 East Foothill Blvd Pasadena CA 91107 (626) 351-0609"
-122.6498974,38.256944,Carter's,"Petaluma Village Premium Outlets 2200 Petaluma Blvd. North Space 1100 Petaluma CA 94952 (707) 775-4064"
-120.6278332,35.1354352,Carter's,"Pismo Beach Premium Outlets 333 Five Cities Dr. Space 102 Pismo Beach CA 93449 (805) 773-8084"
-122.0617601,37.9462943,Carter's,"Downtown Pleasant Hill 15 Crescent Drive Suite B Pleasant Hill CA 94523 (925) 681-3396"
-122.217604,37.474916,Carter's,"Woodside Central 2535 El Camino Real Redwood City CA 94061 (650) 366-4583"
-117.2802821,33.94134,Carter's,"Canyon Springs Marketplace North 2640 Canyon Springs Parkway Suite A Riverside CA 92507 (951) 653-3298"
-117.3906255,33.955072,Carter's,"Riverside Plaza 3602 Riverside Plaza Drive Suite 105 Riverside CA 92506 (951) 786-9920"
-121.2632579,38.773385,Carter's,"Creekside Town Center 1204 Galleria Blvd. Suite 120 Roseville CA 95678 (916) 791-3627"
-117.9266525,33.9901628,Carter's,"Puente Hills Town Center 17406 Colima Rd W-16 Rowland Heights CA 91748 (626) 964-5137"
-121.4160497,38.5953537,Carter's,"Howe 'Bout Arden 2100 Arden Way Suite 172 Sacramento CA 95825 (916) 564-6390"
-121.658187,36.7169,Carter's,"Northridge Mall 880 Northridge Mall Space T01A Salinas CA 93906 (831) 449-2186"
-117.628282,33.438464,Carter's,"Outlets at San Clemente 101 West Avenida Hermosa Unit #548 San Clemente CA 92672 (949) 361-6947"
-117.2037661,32.830772,Carter's,"Clairemont Town Square 3972 Clairemont Mesa Boulevard San Diego CA 92107 (858) 272-0013"
-121.9881879,37.2925802,Carter's,"Westgate Mall 1600 Saratoga Avenue Suite #229 San Jose CA 95129 (408) 866-5247"
-121.8774852,37.2523649,Carter's,"Almaden Plaza Shopping Center 5353 Almaden Expressway Suite J40 San Jose CA 95118 (408) 266-0390"
-118.3077424,33.7510897,Carter's,"Park Plaza 944 North Western Avenue Suite #944 San Pedro CA 90732 (310) 833-3450"
-117.0402388,32.5468212,Carter's,"San Ysidro Village 4454 Camino de la Plaza Suite D San Ysidro CA 92173 (619) 690-1106"
-121.9614649,37.3501933,Carter's,"Santa Clara Town Centre 2026 El Camino Real Santa Clara CA 95050 (408) 241-3093"
-118.1852392,33.9524994,Carter's,"Azalea Shopping Center 4745 Firestone Boulevard South Gate CA 90280 (323) 563-0630"
-121.3150199,38.0017329,Carter's,"Robinhood Plaza 5756 Pacific Avenue Stockton CA 95207 (209) 957-4719"
-118.3978128,34.2235085,Carter's,"Canyon Plaza 8349 Laurel Canyon Boulevard Sun Valley CA 91352 (818) 768-2935"
-117.1562544,33.5068401,Carter's,"Palm Plaza Shopping Center 26431 Ynez Road Suite A, B, and C Temecula CA 92591 (951) 296-2162"
-118.3522985,33.8528945,Carter's,"Torrance Promenade 19800 Hawthorne Blvd. Suite 220 Torrance CA 90503 (310) 921-3925"
-121.4579987,37.7595957,Carter's,"West Valley Mall 3200 North Naglee Road Space #248 Tracy CA 95304 (209) 835-6240"
-121.956992,38.3657188,Carter's,"Vacaville Premium Outlets 101-B Nut Tree Rd. Suite B Vacaville CA 95687 (707) 447-7440"
-118.557776,34.4157423,Carter's,"Westfield Valencia Town Center 24201 West Valencia Boulevard, Suite 3318 Valencia CA 91355 (661) 255-0067"
-117.889433,34.074542,Carter's,"Eastland Center 2620 E. Workman Avenue #4 West Covina CA 91791 (626) 331-1595  colorado"
-104.8737521,39.4150771,Carter's,"Outlets at Castle Rock 5050 Factory Shops Blvd. Suite 500 Castle Rock CO 80104 (303) 688-0648"
-104.7987486,38.9428279,Carter's,"Chapel Hills East 7655 North Academy Boulevard Colorado Springs CO 80920 (719) 265-2510"
-104.7443041,40.3935699,Carter's,"Centerplace of Greeley 4118 Centerplace Drive #830 Greeley CO 80634 (970) 339-1940"
-104.9447966,39.5449765,Carter's,"Village at Highlands Ranch 9567 South University Boulevard, #E Highlands Ranch CO 80126 (303) 471-5541"
-105.1582879,39.731722,Carter's,"Colorado Mills 14500 West Colfax Ave. Space 504 Lakewood CO 80401 (303) 271-1366"
-104.99504,40.4121558,Carter's,"Outlets at Loveland 5697 McWhinney Blvd. Suite A230 Loveland CO 80538 (970) 593-1676"
-106.0704771,39.6309825,Carter's,"Silverthorne Factory Stores 246 S RAINBOW DR Silverthorne CO 80498 (970) 262-2238"
-72.5341145,41.2920121,Carter's,"Clinton Crossing 20-A Killingworth Turnpike Clinton CT 06413 (860) 664-0626"
-73.4757122,41.378227,Carter's,"The Shops at Marcus Dairy 5 East Sugar Hollow Road Danbury CT 06810 (203) 743-0613"
-73.2537982,41.1817475,Carter's,"Black Rock Shopping Center 2233 Black Rock Turnpike Fairfield CT 06825 (203) 335-1003"
-73.026631,41.2476703,Carter's,"Milford Marketplace 1644 Boston Post Rd Milford CT 06460 (203) 783-1218"
-72.8722859,41.3520503,Carter's,"North Haven Pavilion 110 Universal Drive North North Haven CT 06473 (203) 234-0243"
-73.3852372,41.1281244,Carter's,"Westport Avenue Shopping Center 542 Westport Avenue Norwalk CT 06851 (203) 845-0037"
-72.5566129,41.8134321,Carter's,"The Promenade Shops at Evergreen Walk 501 Evergreen Way Suite 525 South Windsor CT 06074 (860) 648-0710"
-73.5454252,41.0680351,Carter's,"Ridgeway Shopping Center 2329 Summer St. Stamford CT 06905 (203) 975-9725"
-72.7573662,41.7257831,Carter's,"Corbin's Corner 1453 New Britain Avenue West Hartford CT 06110 (860) 521-0896"
-72.4294333,41.2892087,Carter's,"Tanger Outlet Center Westbrook 314 Flat Rock Place Space B115 Westbrook CT 06498 (860) 399-4426"
-75.108983,38.715136,Carter's,"Tanger Outlet Center Rehoboth Beach 36725 Bayside Outlet Dr. Suite 725 Rehoboth Beach DE 19971 (302) 226-9180"
-75.5482389,39.8146634,Carter's,"Concord Square Shopping Center 4425 Concord Pike Space 5 Wilmington DE 19803 (302) 478-7162"
-81.3801779,28.6639536,Carter's,"Renaissance Centre 305 East Altamonte Drive Suite #1010 Altamonte Springs FL 32701 (407) 260-6320"
-80.2474119,26.0932933,Carter's,"Tower Shops 2114 South University Dr. Davie FL 33324 (954) 370-5935"
-81.0990148,29.2139765,Carter's,"Tanger Outlets Daytona 1100 Cornerstone Boulevard Suite 1050 Daytona Beach FL 32117 (386) 274-1991"
-86.350436,30.378132,Carter's,"Silver Sands Premium Outlets 10562 West Emerald Coast Parkway Suite 90 Destin FL 32550 (850) 650-3040"
-82.5076056,27.5342752,Carter's,"Ellenton Premium Outlets 5311 Factory Shops Blvd. Ellenton FL 34222 (941) 722-3431"
-81.7747808,26.4362622,Carter's,"Miromar Outlets 10801 Corkscrew Rd. Suite 143 Estero FL 33928 (239) 948-1581"
-80.4730947,25.4525539,Carter's,"Florida Keys Outlet Marketplace 250 East Palm Dr. Suite 100 Florida City FL 33034 (305) 246-9161"
-80.1157656,26.1689073,Carter's,"Coral Ridge Mall 3200 North Federal Highway Suite 604 Fort Lauderdale FL 33306 (954) 565-2188"
-81.9735109,26.494744,Carter's,"Sanibel Outlets 20350 Summerline Rd. Suite 4120 Fort Myers FL 33908 (239) 267-0674"
-82.3833964,29.621523,Carter's,"Butler Plaza 3964 SW Archer Road Space #W-102 Gainesville FL 32608 (352) 374-8059"
-80.296686,25.8663095,Carter's,"Palm Springs Mile 407 West 49th Street Suite #3 Hialeah FL 33012 (305) 825-7066"
-80.1961874,26.0345412,Carter's,"Sheridan Plaza 5131 Sheridan St. Space 21 Hollywood FL 33021 (954) 966-3441"
-81.6412603,30.4794472,Carter's,"River City Marketplace 13271 City Station Drive Suite 101 Jacksonville FL 32218 (904) 696-0482"
-81.528067,30.261868,Carter's,"St. Johns Town Center 10261 River Marsh Drive Suite 183 Jacksonville FL 32246 (904) 997-6769"
-81.4094223,28.3404336,Carter's,"The Crosslands 616 Centerview Boulevard Kissimmee FL 34741 (407) 846-2018"
-81.981345,27.99985,Carter's,"Lakeside Village 1429 Town Center Drive Lakeland FL 33803 (863) 581-8571"
-82.3905997,28.1903542,Carter's,"Tampa Premium Outlets 2300 Grand Cypress Drive Suite 115 Lutz FL 33559 (813) 949-9173"
-80.3808011,25.7870262,Carter's,"Dolphin Mall 11401 NW 12th St. Miami FL 33172 (305) 513-4557"
-80.194315,25.807479,Carter's,"Shops at Midtown Miami 3401 North Miami Avenue Suite #137 Miami FL 33127 (305) 438-3764"
-80.387411,25.68925,Carter's,"The Palms at Town & Country 8726 Mills Drive Miami FL 33183 (305) 270-9363"
-81.2025475,28.5547751,Carter's,"Waterford Lakes Town Center 679 North Alafaya Trail Orlando FL 32828 (407) 275-2500"
-81.4513577,28.4746886,Carter's,"Orlando International Premium Outlets 4967 International Dr. Suite 3A21 Orlando FL 32819 (407) 345-0003"
-81.4857836,28.3496209,Carter's,"Lake Buena Vista Factory Stores 15541 State Road 535 Orlando FL 32821 (407) 239-4022"
-81.4923639,28.3871744,Carter's,"Orlando Vineland Premium Outlets 8200 Vineland Ave. Space 1112 Orlando FL 32821 (407) 477-0472"
-80.3331477,25.6426998,Carter's,"Colonial Palms Plaza 13615 South Dixie Highway Palmetto Bay FL 33176 (305) 251-2830"
-85.87099,30.219397,Carter's,"Pier Park 204 Bluefish Dr. Suite 125 Panama City Beach FL 32413 (850) 235-9636"
-80.3367607,26.0043472,Carter's,"Shops at Pembroke Gardens 524 SW 145th Terrace Space 10030 Pembroke Pines FL 33027 (954) 431-8258"
-81.4170677,29.9240166,Carter's,"St. Augustine Premium Outlets 2700 State Rd. 16 Space 801 St. Augustine FL 32092 (904) 823-9483"
-80.318875,26.152765,Carter's,"Sawgrass Mills 12801 West Sunrise Blvd. Suite 815 Sunrise FL 33323 (954) 846-2688"
-82.5760649,28.0641197,Carter's,"The Plaza at Citrus Park 12695 Citrus Plaza Dr Tampa FL 33625 (813) 792-1593"
-80.5209448,27.6355333,Carter's,"Vero Beach Outlets 1701 94th Dr. Space F110 Vero Beach FL 32966 (772) 770-9058"
-80.085002,26.723731,Carter's,"Palm Beach Outlets 1741 Palm Beach Lakes Blvd Space #E205 West Palm Beach FL 33401 (561) 689-7239"
-81.583373,28.523497,Carter's,"Winter Garden Village 3049 Daniels Road Unit #220A Winter Garden FL 34787 (407) 654-7842"
-84.2884361,34.0452613,Carter's,"North Point MarketCenter 6120 North Point Parkway Alpharetta GA 30022 (770) 360-7969"
-84.3867508,33.8295151,Carter's,"Peachtree Battle 2345 A Peachtree Road NW Atlanta GA 30305 (404) 869-3373"
-84.3356469,33.9333148,Carter's,"Perimeter Village 4737A Ashford Dunwoody Road Unit BOH Atlanta GA 30338 (770) 668-9487"
-82.0398623,33.5121626,Carter's,"Washington Crossing 2907 Washington Road Suite #208 Augusta GA 30909 (706) 481-5007"
-83.9798182,34.0700746,Carter's,"Mall of Georgia Crossing 3205 Woodward Crossing Boulevard Suite 200B Buford GA 30519 (770) 932-1026"
-84.9185872,34.4602511,Carter's,"Calhoun Outlet Marketplace 455 Belwood Rd. Suite 45 Calhoun GA 30701 (706) 602-9260"
-84.9465189,32.546175,Carter's,"Columbus Park Crossing 5555 Whittlesey Blvd. Suite 2000 Columbus GA 31909 (706) 327-1700"
-83.470642,34.25181,Carter's,"Tanger Outlet Center Commerce 800 Steven B. Tanger Blvd. Suite 503 Commerce GA 30529 (706) 335-9535"
-84.9997106,34.7564878,Carter's,"Market Street Shops at Dalton 1001 Market St. Suite 20 Dalton GA 30720 (706) 275-8082"
-84.0481059,34.3568802,Carter's,"North Georgia Premium Outlets 800 Highway 400 South Suite 105 Dawsonville GA 30534 (706) 216-4425"
-83.2182251,30.6778892,Carter's,"Lake Park Outlets 5321 Mill Store Rd. Space 44 Lake Park GA 31636 (229) 559-9636"
-84.0809653,33.9806714,Carter's,"Sugarloaf Mills 5900 Sugar Loaf Parkway Space 574 Lawrenceville GA 30043 (678) 847-5323"
-84.1230327,33.347566,Carter's,"Tanger Outlet Center Locust Grove 1000 Tanger Dr. Suite 221 Locust Grove GA 30248 (770) 957-7235"
-84.42795,33.9809539,Carter's,"Merchant's Walk 1311 Johnson Ferry Road Suite 544 Marietta GA 30068 (770) 971-4481"
-84.551053,34.015195,Carter's,"Towne Center Prado 50 Barrett Parkway Suite 1025 Marietta GA 30066 (770) 426-5383"
-84.7450409,33.3946692,Carter's,"Newnan Crossing 595 Bullsboro Drive Newnan GA 30265 (770) 252-5982"
-81.2433679,32.1343987,Carter's,"Tanger Outlet Center Savannah 200 Tanger Outlet Boulevard Suite #677 (Building #6) Pooler GA 31322 (912) 450-0720"
-81.1224094,32.0027052,Carter's,"Abercorn Common 8108 Abercorn Street Suite #640 Savannah GA 31406 (912) 920-2637"
-81.2845692,32.0012763,Carter's,"The Shoppes of Savannah 11 Gateway Blvd. South Suite 18 Savannah GA 31419 (912) 961-7229"
-84.0036056,33.8990185,Carter's,"The Shoppes at Webb Gin 1350 Scenic Highway Suite 816 Snellville GA 30078 (770) 985-3737"
-83.6677873,32.6200705,Carter's,"<br />City Crossing Shopping Center 2620 Watson Boulevard Suite 7 Warner Robins GA 31093 (478) 923-2483"
-84.5262444,34.1201198,Carter's,"Outlet Shoppes at Atlanta 915 Ridgewalk Parkway Space D420 Woodstock GA 30188 (770) 928-2836"
-156.6810832,20.8780357,Carter's,"The Outlets of Maui 900 Front Street Space F3 Lahaina HI 96761 (808) 661-6858"
-158.0066404,21.4007982,Carter's,"Waikele Premium Outlets 94-792 Lumiaina St. Suite 206 Waipahu HI 96797 (808) 678-9287"
-91.6264741,42.0256515,Carter's,"Lindale Mall 4444 First Avenue NE Cedar Rapids IA 52402 (319) 409-1265"
-90.5235351,41.5637498,Carter's,"Elmore Marketplace 4227 Elmore Avenue Davenport IA 52807 (563) 359-0283"
-90.7443827,42.5186436,Carter's,"Asbury Plaza 2445 Northwest Arterial #100 Dubuque IA 52002 (563) 556-0362"
-96.3422243,42.4468791,Carter's,"Lakeport Commons 5001 Sargeant Road Space #21 Sioux City IA 51106 (712) 276-2382"
-93.794196,41.562074,Carter's,"Galleria at Jordan Creek 6305 Mills Civic Parkway Suite 2119 West Des Moines IA 50266 (515) 224-5977"
-92.0051818,41.6898499,Carter's,"Tanger Outlet Center Williamsburg 504 Tanger Dr. Williamsburg IA 52361 (319) 668-9442"
-111.9844778,43.4789476,Carter's,"Ammon Town Center 2037 South 25th Street Ammon ID 83406 (208) 522-9940"
-116.2854063,43.6037443,Carter's,"Franklin Towne Plaza 8255 West Franklin Rd Boise ID 83709 (208) 375-0068"
-88.3380117,42.150533,Carter's,"Algonquin Commons 2102 South Randall Rd Algonquin IL 60102 (847) 458-4194"
-88.2739699,41.800478,Carter's,"Chicago Premium Outlets 1650 Premium Outlets Blvd. Suite 1133 Aurora IL 60502 (630) 499-9407"
-88.1071133,41.9368321,Carter's,"Bloomingdale Court 322 West Army Trail Road Bloomingdale IL 60108 (630) 295-8575"
-88.9563249,40.4907644,Carter's,"Empire Crossing 1608-D East Empire Street Bloomington IL 61701 (309) 661-2207"
-88.1244546,41.6950796,Carter's,"Country Aire Plaza 127 South Weber Rd. Bolingbrook IL 60490 (630) 378-0801"
-87.7434116,41.7527671,Carter's,"Burbank Station 7716 S. Cicero Avenue Burbank IL 60459 (708) 423-1647"
-87.632481,41.867603,Carter's,"The Shops at Roosevelt Collection 1143 South Delano Court East Chicago IL 60605 (312) 662-1788"
-87.725382,41.8172609,Carter's,"Pulaski Promenade 4144 South Pulaski Road Chicago IL 60632 (773) 650-0525"
-87.7016619,41.9458278,Carter's,"Addison Mall 2905 W. Addison Chicago IL 60618 (773) 539-3417"
-87.6481291,41.9104591,Carter's,"Lincoln Park Centre 1565 North Halsted St. Chicago IL 60622 (312) 482-8603"
-87.8347537,42.150753,Carter's,"Deerbrook Mall 118 South Waukegan Rd. Deerfield IL 60015 (847) 559-0434"
-89.5743076,40.6692758,Carter's,"The Levee District 332 W. Washington Street East Peoria IL 61611 (309) 694-1840"
-89.954473,38.7889614,Carter's,"Edwardsville Crossing 6622 Edwardsville Crossing Drive Edwardsville IL (618) 659-0512"
-88.3403301,41.8722319,Carter's,"Randall Square Shopping Center 1492 D-2 Randall Rd. Geneva IL 60134 (630) 845-2730"
-87.8245601,42.0891605,Carter's,"The Glen Town Center 1950 Tower Dr. Glenview IL 60026 (847) 998-0352"
-87.957164,42.38904,Carter's,"Gurnee Mills 6170 West Grand Ave. Space 533 Gurnee IL 60031 (847) 855-8631"
-88.1902505,42.0731685,Carter's,"Poplar Creek Crossing 2658 North Sutton Rd. Hoffman Estates IL 60192 (847) 645-0881"
-87.8488816,41.9069763,Carter's,"Winston Plaza 1312 Winston Plaza Melrose Park IL 60160 (708) 345-6680"
-87.9330394,42.0846197,Carter's,"Randhurst Village 12 Randhurst Village Drive Mount Prospect IL 60056 (847) 870-0185"
-87.8059647,41.8483261,Carter's,"North Riverside Plaza 2212 South Harlem Avenue North Riverside IL 60546 (708) 447-3725"
-87.8555168,41.603188,Carter's,"Lake View Plaza 15798 South LaGrange Rd. Space B08A Orland Park IL 60462 (708) 349-9315"
-88.312157,41.696755,Carter's,"Gerry Centennial Plaza 1754 Douglas Rd. Oswego IL 60543 (630) 554-8156"
-88.9874069,42.2699132,Carter's,"Rockford Crossing 6626 East State Street Rockford IL 61108 (815) 394-2808"
-87.8671181,41.9749898,Carter's,"Fashion Outlets of Chicago 5220 Fashion Outlets Way Space #1070 Rosemont IL 60018 (847) 678-7681"
-88.041431,42.051508,Carter's,"Woodfield Village Green 1472 East Golf Road Schaumburg IL 60173 (847) 413-1306"
-87.767272,42.010511,Carter's,"Village Crossing 7145 Central Avenue Skokie IL 60077 (847) 763-8301"
-89.703614,39.767244,Carter's,"White Oaks Plaza 2837 Veterans Parkway Springfield IL 62704 (217) 546-4630"
-88.2691997,39.7891022,Carter's,"Outlets at Tuscola B1200 Tuscola Blvd. Suite 4031 Tuscola IL 61953 (217) 253-5690"
-87.9424236,42.2385068,Carter's,"Rivertree Court 701 North Milwaukee Avenue Suite 240 Vernon Hills IL 60061 (847) 816-4998"
-88.1064768,41.8306221,Carter's,"Danada Square West 132 Danada Square West Wheaton IL 60189 (630) 690-6182"
-88.0148863,41.7498617,Carter's,"Woodgrove Festival 1001 75th Street Suite #175 Woodridge IL 60517 (630) 985-8123"
-86.1241006,40.0054128,Carter's,"Village Park Plaza 1950-9 East Greyhound Pass Carmel IN 46033 (317) 569-0258"
-85.9612202,39.3098795,Carter's,"Edinburgh Premium Outlets 11740 Northeast Executive Dr. Suite D080 Edinburgh IN 46124 (812) 526-8418"
-85.1316161,41.1198977,Carter's,"Northcrest Shopping Center 709 Northcrest Shopping Center Fort Wayne IN 46805 (260) 373-0993"
-85.002926,41.728287,Carter's,"Outlet Shoppes at Fremont 655 West State Rd. 120 Suite 11 Fremont IN 46737 (260) 833-6425"
-86.1045117,39.9131145,Carter's,"The Shops at River Crossing 8637 River Crossing Blvd. Indianapolis IN 46240 (317) 208-9001"
-86.1239699,39.6379678,Carter's,"Shoppes at County Line 8811 Hardegan Street Space 240B Indianapolis IN 46227 (317) 807-4640"
-86.9067324,41.7145907,Carter's,"Lighthouse Place Premium Outlets 607 Lighthouse Place Space 607 Michigan City IN 46360 (219) 874-4811"
-86.1854372,41.7112153,Carter's,"Wilshire Plaza 5534 Grape Road Space 240 Mishawaka IN 46545 (574) 273-3040"
-87.4693991,41.5215798,Carter's,"Shops on Main 59 U.S. Highway 41 Suite #440 Schererville IN 46375 (219) 322-3231"
-94.823467,39.127189,Carter's,"Legends Outlets Kansas City 1829 Village West Parkway Suite T-101 Kansas City KS 66111 (913) 299-2205"
-97.3342624,37.9973704,Carter's,"Chisholm Trail Shopping Center 601 S.E. 36th St. Suite 120C Newton KS 67114 (316) 283-5554"
-94.7583889,38.90976,Carter's,"Olathe Pointe 14677 West 119th Street Olathe KS 66062 (913) 397-0521"
-94.7640511,39.0100551,Carter's,"Shawnee Station 15310 Shawnee Mission Parkway Shawnee KS 66217 (816) 841-4659   Shawnee Station 15310 Shawnee Mission Parkway Shawnee KS 66217 (816) 841-4659"
-97.2411184,37.6784289,Carter's,"Eastgate Plaza 8131 East Kellogg Drive Wichita KS 67207 (316) 683-6905"
-97.464414,37.727132,Carter's,"New Market Square 2441 North Maize Road Suite 1901 Wichita KS 67205 (316) 773-2850"
-82.6530704,38.4836088,Carter's,"Ashland Town Center 500 Winchester Avenue #588 Ashland KY 41101 (606) 326-9240"
-84.5785473,39.025231,Carter's,"Crestview Hills Town Center 2867 Town Center Boulevard Suite 3035 Crestview Hills KY 41017 (859) 331-1785"
-84.5301705,37.9819195,Carter's,"Fayette Place 127 West Tiverton Way Space #5A Lexington KY 40503 (859) 245-5337"
-84.4177902,38.024067,Carter's,"Hamburg Pavilion 2300 Sir Barton Way Suite 120 Lexington KY 40509 (859) 263-9268"
-85.6291097,38.2494924,Carter's,"Shelbyville Road Plaza 4600 Shelbyville Road Suite 230 Louisville KY 40207 (502) 721-2102"
-85.3515396,38.2059821,Carter's,"Outlet Shoppes of the Bluegrass 1155 Buck Creek Road Space #F-604 Simpsonville KY 40067 (502) 722-8046"
-93.7411479,32.5202552,Carter's,"Louisiana Boardwalk 415 Boardwalk Blvd. Bossier City LA 71111 (318) 752-3861"
-90.1423787,30.4433878,Carter's,"River Chase 69260 Highway 21 Covington LA 70433 (985) 892-5883"
-90.9183033,30.4692487,Carter's,"Juban Crossing 27853 Juban Road Denham Springs LA 70726 (225) 667-3519"
-90.9505124,30.2121217,Carter's,"Tanger Outlet Center Gonzales 2100 Tanger Blvd. Suite 104 Gonzales LA 70737 (225) 647-7461"
-90.0385702,29.9218551,Carter's,"Oakwood Center 197 West Bank Expressway Suite 1380 Gretna LA 70053 (504) 227-7363"
-90.1875322,29.9615417,Carter's,"Elmwood Center 1200 South Clearview Parkway Suite 1262 Harahan LA 70123 (504) 733-1672"
-90.7195348,29.5957696,Carter's,"Magnolia Square 1737 Martin Luther King Boulevard Houma LA 70360 (985) 879-1047"
-92.0528516,30.161812,Carter's,"Ambassador Crossing 4243 Ambassador Caffery Parkway Suite 109 Lafayette LA 70508 (337) 989-8521"
-93.2488592,30.2000536,Carter's,"Prien Lake 1776 W Prien Lake Rd Suite G Lake Charles LA 70601 (337) 475-8985"
-90.0621628,29.9450751,Carter's,"The Outlet Collection at Riverwalk 500 Port of New Orleans Place New Orleans LA 70130 (504) 522-9430"
-89.7597548,30.2664549,Carter's,"Fremaux Town Center 286 Town Center Parkway Slidell LA 70458 (985) 847-1587"
-71.1934944,42.4854115,Carter's,"Wayside Commons 6Q Wayside Blvd. Burlington MA 01803 (781) 272-0639"
-71.333456,42.610606,Carter's,"Chelmsford Mall 265 Chelmsford Street Chelmsford MA 01824 (978) 250-2767"
-70.9401048,42.5527088,Carter's,"Liberty Tree Mall 100 Independence Way, Space #W131B Danvers MA 01923 (978) 774-0946"
-71.1789242,42.2402647,Carter's,"Dedham Plaza 753 Providence Highway Dedham MA 02026 (781) 326-4064"
-73.2341766,42.2944639,Carter's,"Lee Premium Outlets 370 Premium Outlets Blvd Lee MA 01238 (413) 243-2127"
-71.0859632,42.4077417,Carter's,"Fellsway Plaza 722 Fellsway Medford MA 02155 (781) 396-0825"
-71.1572914,42.7445795,Carter's,"The Loop 90 Pleasant Valley Street Space #101B Methuen MA 01844 (978) 688-8528"
-71.7782737,42.1954208,Carter's,"Shoppes at Blackstone Valley 70 Worcester Providence Turnpike Suite 631 Millbury MA 01527 (508) 581-7826"
-71.3853001,42.2978244,Carter's,"Sherwood Plaza 1300 Worcester St., Suite A2 Natick MA 01760 (508) 653-0420"
-71.3475293,41.9394823,Carter's,"Fashion Crossing 1250 South Washington Street North Attleboro MA 02760 (508) 695-1909"
-71.6714761,42.2915558,Carter's,"Northborough Crossing 9112 Shops Way Northborough MA 01532 (508) 393-0281"
-70.5463787,41.7709728,Carter's,"Market Basket at Sagamore One Factory Outlet Way Space #4 Sagamore MA 02561 (508) 888-2637"
-71.0200353,42.4889157,Carter's,"Saugus Plaza 331 Broadway Suite 3 Saugus MA 01906 (781) 941-1402"
-71.3230384,41.7936101,Carter's,"Seekonk Square 51 Commerce Way Seekonk MA 02771 (508) 336-4564"
-71.0786132,42.3954187,Carter's,"Assembly Row 478 Artisan Way Somerville MA 02145 (617) 666-1079"
-71.157477,42.3638849,Carter's,"Watertown Mall 550 Arsenal St. Watertown MA 02472 (617) 924-7251"
-72.623212,42.12962,Carter's,"Riverdale Shops 935 Riverdale Street Unit 8 West Springfield MA 01089 (413) 739-1297"
-71.3526391,42.0381377,Carter's,"Wrentham Village Premium Outlets 1 Premium Outlets Blvd. Suite 135 Wrentham MA 02093 (508) 384-0700"
-76.544744,38.9792949,Carter's,"Festival at Riva Road 2317-A Forest Dr. Annapolis MD 21401 (410) 571-0950"
-76.4647181,39.3710739,Carter's,"The Avenue at White Marsh 8157 A Honeygo Boulevard Baltimore MD 21236 (410) 933-0489"
-76.326033,39.495352,Carter's,"Festival at Bel Air 5 Bel Air South Parkway Suite M06A Bel Air MD 21015 (410) 569-0864"
-77.2865189,39.2271349,Carter's,"Clarksburg Premium Outlets 22705 Clarksburg Road Suite 729 Clarksburg MD 20871 (301) 916-2761"
-76.8136255,39.198038,Carter's,"Columbia Crossing 6250 Columbua Crossing Circle Suite E Columbia MD 21045 (410) 290-0167"
-77.2089236,39.1483418,Carter's,"Gaithersburg Square 520 North Frederick Avenue Gaitherburg MD 20877 (301) 977-4205"
-76.6859543,39.032857,Carter's,"Waugh Chapel Towne Centre 2382 Brandermill Boulevard Suite 108 Gambrills MD 21054 (410) 451-4285"
-77.7331293,39.6080927,Carter's,"Hagerstown Premium Outlets 355 Premium Outlets Blvd. Hagerstown MD 21740 (301) 797-8103"
-76.7247068,39.1578188,Carter's,"Arundel Mills 7000 Arundel Mills Circle Space 256 Hanover MD 21076 (443) 755-8950"
-76.846888,38.923691,Carter's,"Woodmore Towne Center 2830 Campus Way North, Suite 620 Lanham MD 20706 (301) 322-8532"
-76.8580935,39.0943577,Carter's,"Town Centre at Laurel 14708 Baltimore Avenue Suite #101 Laurel MD 20707 (301) 604-3124"
-75.1064745,38.337998,Carter's,"Ocean City Factory Outlets 12741 Ocean Gateway Suite 710 Ocean City MD 21842 (410) 213-0599"
-77.0008077,38.7952682,Carter's,"Tanger Outlet Center National Harbor 6800 Oxon Hill Road Suite 760 Oxon Hill MD 20745 (301) 567-9259"
-76.1598444,38.983025,Carter's,"Queenstown Premium Outlets 422 Outlet Center Dr. Queenstown MD 21658 (410) 827-4341"
-77.123603,39.0575996,Carter's,"Federal Plaza 12266-F Rockville Pike Rockville MD 20852 (301) 881-3679"
-76.6215614,39.4301006,Carter's,"Yorkridge Shopping Center 12 West Ridgely Road Timonium MD 21093 (410) 252-2192"
-70.1187514,43.8444793,Carter's,"Freeport Crossing 200 Lower Main St. Building 2 Freeport ME 04032 (207) 865-3904"
-70.3301815,43.6778722,Carter's,"Westbrook Crossing 11 Main Street Suite A-203 Westbrook ME 04092 (207) 253-1999"
-83.208167,42.281288,Carter's,"Fairlane Green 3392 Fairlane Drive Allen Park MI 48101 (313) 982-3093"
-83.7814003,42.2840913,Carter's,"le Village Shopping Cener 343 North Maple Road Ann Arbor MI 48103 (734) 769-1280"
-83.3065212,42.7010265,Carter's,"Great Lakes Crossing 4182 Baldwin Rd. Space 338 Auburn Hills MI 48326 (248) 335-3606"
-83.777537,43.246775,Carter's,"Birch Run Premium Outlets 12245 South Beyer Rd. Suite 102 Birch Run MI 48415 (989) 624-4191"
-85.6721633,42.8087348,Carter's,"Tanger Outlet Center Grand Rapids 350 84th Street S.W Suite #210 Byron Center MI 49315 (616) 583-0026"
-83.4815667,42.3237046,Carter's,"New Towne Plaza 44700 Ford Road Canton MI 48187 (734) 254-9756"
-83.3608392,42.5235413,Carter's,"Hunter's Square 30965 Orchard Lake Rd. Farmington Hills MI 48334 (248) 538-7920"
-85.687593,43.022795,Carter's,"Green Ridge Square 3390B Alpine Avenue N.W. Grand Rapids MI 49544 (616) 647-9452"
-85.7417126,42.8820489,Carter's,"Bucktown 3170 44th Street Grandville MI 49418 (616) 530-7463"
-86.084985,42.8099328,Carter's,"Holland Town Center 12330 James St. Suite 10A Holland MI 49424 (616) 394-9130"
-83.997058,42.622007,Carter's,"Tanger Outlet Center Howell 1475 North Burkhart Rd. Suite B150 Howell MI 48855 (517) 552-1939"
-84.5071436,42.7378069,Carter's,"Frandor Mall 434 Frandor Avenue Lansing MI 48912 (517) 333-0310"
-83.4790104,42.4906194,Carter's,"West Oaks II 43518 West Oaks Drive Novi MI 48377 (248) 344-2927"
-85.5915024,42.2275623,Carter's,"Southland Mall 6216 South Westnedge Avenue Space #11 Portage MI 49002 (269) 324-2412"
-83.1320411,42.5639553,Carter's,"Troy Commons 819 East Big Beaver Rd. Troy MI 48083 (248) 528-2101"
-82.994801,42.629172,Carter's,"Shelby Corners 13297 Hall Rd and Schoenherr Rd Utica MI 48315 (586) 997-1381"
-83.0258006,42.5079946,Carter's,"Tech Plaza 8347 East 12 Mile Road Warren MI 48093 (586) 751-3879"
-84.2293104,44.2486561,Carter's,"Outlets at West Branch 2990 Cook Rd. Suite 118 West Branch MI 48661 (989) 345-1086"
-83.2226553,42.1379806,Carter's,"Woodhaven Commons 19157 West Road Woodhaven MI 48183 (734) 675-1752"
-93.6675131,45.2466426,Carter's,"Albertville Premium Outlets 6415 Labeaux Ave. NE, Space B30 Albertville MN 55301 (763) 497-5773"
-93.3053719,44.8599795,Carter's,"Southtown Shopping Center 7951 Southtown Center Bloomington MN 55431 (952) 884-0419"
-93.2431577,44.8534956,Carter's,"Mall of America 254 South Blvd. Bloomington MN 55425 (952) 854-4522"
-93.353819,45.201085,Carter's,"Riverdale Village 12769 Riverdale Boulevard Coon Rapids MN 55448 (763) 427-3679"
-93.214606,44.8156294,Carter's,"Twin Cities Premium Outlets 3905 Eagan Outlets Parkway Suite #244 Eagan MN 55122 (952) 686-7475"
-93.2623869,44.1700551,Carter's,"Medford Outlet Center 6750 West Frontage Rd. Suite 327 Medford MN 55049 (507) 451-9315"
-92.9962759,45.5067191,Carter's,"North Branch Outlets 38500 Tanger Dr. Suite 209 North Branch MN 55056 (651) 674-5701"
-93.4477495,45.0301355,Carter's,"Rockford Road Plaza 4190 Vinewood Lane North Spaces 124 & 125 Plymouth MN 55442 (763) 559-9009"
-93.172023,45.0126817,Carter's,"Rosedale Center 813 Rosedale Center Roseville MN 55113 (651) 636-4085"
-92.9374319,44.9415497,Carter's,"Tamarack Village 8390 Tamarack Village Suite 508 Woodbury MN 55125 (651) 735-9434"
-93.2649443,36.6440444,Carter's,"Tanger Outlet Center Branson 300 Tanger Blvd. Suite 405 Branson MO 65616 (417) 334-7624"
-90.342211,38.627591,Carter's,"The Promenade at Brentwood 6 Brentwood Promenade Court Brentwood MO 63144 (314) 968-3563"
-90.6614633,38.6774199,Carter's,"St. Louis Premium Outlets 18521 Outlet Boulevard Suite 751 Chesterfield MO 63005 (636) 778-2266"
-94.3554853,39.0496722,Carter's,"Independence Commons 18810 B & C East 39th Street Independence MO 64057 (816) 373-0425"
-94.4766765,37.0860242,Carter's,"North Park Crossing 420 Geneva Avenue Joplin MO 64801 (417) 625-1472"
-94.4564205,39.2464844,Carter's,"Wilshire Plaza 8454 North Chruch Road Kansas City MO 64157 (816) 781-8435"
-94.4088887,38.929126,Carter's,"Summitwoods Crossing 1652 Northwest Chipman Road Lee's Summit MO 64081 (816) 607-5634"
-90.50543,38.59399,Carter's,"Manchester Highlands 119 Highlands Boulevard Dr. Manchester MO 63011 (636) 527-7670"
-92.6272799,38.1438834,Carter's,"Osage Beach Premium Outlets 4540 Osage Beach Parkway Suite D-3 Osage Beach MO 65065 (573) 348-0223"
-89.5356831,36.8889445,Carter's,"Sikestown Factory Outlet Stores 100 Outlet Dr. No. 29 Sikeston MO 63801 (573) 472-4747"
-93.2584028,37.1515068,Carter's,"Primrose Marketplace 3310 South Glenstone Avenue Springfield MO 65804 (417) 881-4274"
-89.0992574,30.4290731,Carter's,"Gulfport Premium Outlets 10300 Factory Shops Blvd. Gulfport MS 39503 (228) 863-7711"
-89.3804051,31.3314728,Carter's,"Turtle Creek Crossing 24 Cross Creek Parkway Hattiesburg MS 39402 (601) 264-8525"
-90.1535466,32.2740224,Carter's,"Outlets of Mississippi 200 Bass Pro Drive #305 Pearl MS 39208 (601) 664-1607"
-89.9915424,34.9362137,Carter's,"Tanger Outlet Center Southaven 5205 Airways Boulevard #1075 Southaven MS 38671 (662) 349-8490"
-89.9940777,34.9558366,Carter's,"Southaven Towne Center 6596 Towne Center Crossing Southaven MS 38671 (662) 349-0465"
-88.704948,34.306766,Carter's,"Market Center at Barnes Crossing 3822 Market Center Drive Tupelo MS 38804 (662) 844-2667"
-90.8411221,32.3408045,Carter's,"Vicksburg Factory Outlet 4000 South Frontage Rd. Suite 101 Vicksburg MS 39180 (601) 638-7444"
-114.0398936,46.8943775,Carter's,"Grant Creek Town Center 3275 North Reserve Street Suite K-1 Missoula MT 59808 (406) 541-7060"
-82.6033576,35.5293006,Carter's,"Asheville Outlets 800 Brevard Road Space #N101 Asheville NC 28806 (828) 665-9545"
-81.6720128,36.1417188,Carter's,"Tanger Outlet Center Blowing Rock 278 Shoppes on the Parkway Rd. Suite 42 Blowing Rock NC 28605 (828) 295-8634"
-78.7377921,35.7615138,Carter's,"Crossroads Plaza 241 Crossroads Boulevard Cary NC 27518 (919) 233-0131"
-80.800774,35.176213,Carter's,"Cotswold Village 326 South Sharon Amity Road Charlotte NC 28211 (704) 366-8952"
-80.9700376,35.1694291,Carter's,"Charlotte Premium Outlets 5512 New Fashion Way Suite #1022 Charlotte NC 28278 (704) 504-0362"
-80.8773519,35.1046602,Carter's,"Carolina Pavilion 9547 South Boulevard Suite B Charlotte NC 28273 (704) 557-9043"
-80.7219706,35.3690086,Carter's,"Concord Mills 8111 Concord Mills Blvd. Suite 685 Concord NC 28027 (704) 979-8313"
-81.1158422,35.2594082,Carter's,"Franklin Square III 3718 East Franklin Boulevard Gastonia NC 28056 (704) 824-8374"
-79.8309651,36.0869764,Carter's,"Friendly Center 3004 Northline Ave. Greensboro NC 27408 (336) 292-8721"
-77.3823741,35.5790705,Carter's,"University Commons 3040 South Evans Street Space #123 Greenville NC 27834 (252) 353-0037"
-81.3105386,35.7012938,Carter's,"Hickory Ridge 1864 Catawba Valley Boulevard Hickory NC 28602 (828) 324-0420"
-80.8708089,35.5974995,Carter's,"Winslow Bay Commons 590 River Highway Mooresville NC 28117 (704) 696-2712"
-78.816103,35.807044,Carter's,"Park West Village 3045 Market Center Drive Space #3105 Morrisville NC 27560 (919) 465-1312"
-75.6017256,35.9122734,Carter's,"Tanger Outlet Center Nags Head 7100 South Croatan Highway Suite #55 Carter's Store Nags Head NC 27959 (252) 449-0213"
-78.569549,35.865292,Carter's,"Poyner Place 5900 Poyner Anchor Lane Raleigh NC 27616 (919) 954-6194"
-78.7844148,35.9057755,Carter's,"Brier Creek Commons 8331 Brier Creek Parkway Suite 101 Raleigh NC 27617 (919) 248-0720"
-78.3161132,35.5103829,Carter's,"Carolina Premium Outlets 1025 Industrial Park Dr. Suite 310A Smithfield NC 27577 (919) 989-7778"
-77.9010039,34.2135513,Carter's,"Oleander Place 3804 Oleander Drive Suite 106 Wilmington NC 28403 (910) 350-3699"
-80.2830029,36.0921647,Carter's,"Thruway Shopping Center 410 South Stratford Road Winston Salem NC 27103 (336) 725-9796"
-96.8568871,46.8598458,Carter's,"TJ Maxx Plaza 4340 13th Avenue Southwest, Suites R & Y Fargo ND 58103 (701) 277-3083"
-101.3124807,48.206467,Carter's,"Dakota Square Mall 2400 10th Street Space 705 Minot ND 58701 (701) 852-1062"
-96.2505564,41.0988104,Carter's,"Nebraska Crossing Outlets 21355 Nebraska Crossing Drive Suite F-137 Gretna NE 68028 (402) 332-5594"
-96.183846,41.260892,Carter's,"Village Pointe 17305 Davenport St. Suite Q113 Omaha NE 68118 (402) 289-4362"
-71.499761,42.8259282,Carter's,"Merrimack Premium Outlets 80 Premium Outlets Boulevard Suite #459 Merrimack NH 03054 (603) 424-6970"
-71.113648,44.023764,Carter's,"Settlers Green Outlet Village 2 Common Court, Suite B38 North Conway NH 03860 (603) 356-5722"
-71.55973,43.459479,Carter's,"Tanger Outlet Center Tilton 120 Laconia Rd. Suite 118 Tilton NH 03276 (603) 286-3098"
-74.4368096,39.359804,Carter's,"Tanger Outlet Center The Walk 19 North Michigan Ave. Atlantic City NJ 08401 (609) 345-0945"
-75.0521882,39.7858525,Carter's,"Gloucester Premium Outlets 100 Premium Outlets Drive Suite #430 Blackwood NJ 08012 (856) 302-4582"
-74.3042243,40.6312771,Carter's,"Clark Commons 1255 Raritan Road Unit #160 Clark NJ 07066 (732) 388-4348"
-74.1563845,40.8390089,Carter's,"The Promenade Shops at Clifton 852 State Route 3 Suite 234 Clifton NJ 07012 (973) 777-0428"
-75.0912618,39.8411006,Carter's,"Deptford Landing 2000 Clements Bridge Road Space A-070 Deptford NJ 08096 (856) 845-6513"
-74.3616015,40.8031059,Carter's,"Castle Ridge Plaza 374 State Route 10 East Hanover NJ 07936 (973) 887-2405"
-73.9890574,40.8066046,Carter's,"City Place at Promenade 17 The Promenade Edgewater NJ 07020 (201) 313-1783"
-74.1715816,40.6601139,Carter's,"The Mills at Jersey Gardens 651 Kapkowski Rd. #2008 Elizabeth NJ 07201 (908) 629-9213"
-74.8614387,40.5049741,Carter's,"Liberty Village Premium Outlets 1 Church Street Suite #62 Flemington NJ 08822 (908) 788-7288"
-74.1447285,40.4139881,Carter's,"Holmdel Towne Center 2101 Route 35 Plot #28 Holmdel NJ 07733 (732) 671-0327"
-74.224757,40.138447,Carter's,"Howell Commons 4789 Route 9 North Howell NJ 07731 (732) 363-1494"
-74.4173523,40.1616896,Carter's,"Jackson Premium Outlets 537 Monmouth Rd. Space 101 Jackson NJ 08527 (732) 833-9884"
-74.1605988,40.7579924,Carter's,"Kearny Plaza 160 Passaic Avenue Suite 4 Kearny NJ 07032 (732) 510-1446"
-74.6849217,40.298321,Carter's,"Mercer Mall 3371 U.S. Highway 1 Unit 158 Lawrenceville NJ 08648 (609) 750-8521"
-74.927149,39.890697,Carter's,"Marlton Crossing 205 Route 73 South Marlton NJ 08053 (856) 985-8315"
-74.2644988,40.4233056,Carter's,"Marketplace II 419 Route 34 South Matawan NJ 07747 (732) 583-8391"
-74.629904,39.446906,Carter's,"Hamilton Commons 140 Hamilton Commons Mays Landing NJ 08330 (609) 569-9134"
-74.9632756,39.9401802,Carter's,"East Gate Square 1520 Nixon Dr. Moorestown NJ 08057 (856) 866-2950"
-74.0347439,40.7758679,Carter's,"Columbia Park Shopping Center 3105 Kennedy Boulevard Space #105 North Bergen NJ 07047 (201) 223-7847"
-74.0610322,40.9163595,Carter's,"Bergen Town Center 2701 Bergen Town Center Suite 7 Paramus NJ 07652 (201) 556-1049"
-74.1379427,41.0671243,Carter's,"Interstate Shopping Center 1205 Route 17 South Ramsey NJ 07446 (201) 934-4169"
-74.6319685,40.5758467,Carter's,"Somerville Circle Shopping Center 300 US Highway 202 Raritan NJ 08869 (908) 722-1206"
-74.5485801,40.9093734,Carter's,"Shops at Rockaway 321 Mt. Hope Ave. Suite R Rockaway NJ 07866 (973) 328-1200"
-75.0060948,39.7357011,Carter's,"Shoppes at Cross Keys 611 Berlin Cross Keys Road Sicklerville NJ 08081 (856) 728-0496"
-74.650105,40.86919,Carter's,"Roxbury Mall 281 - 071 State Route 10 East, Suite 12 Succasunna NJ 07876 (973) 927-8845"
-74.094329,40.224152,Carter's,"Jersey Shore Premium Outlets 1 Premium Blvd Suite #725 Tinton Falls NJ 07753 (732) 493-5879"
-74.2406095,39.9740174,Carter's,"Toms River Shopping Center 1 Route 37 West Toms River NJ 08757 (732) 244-8725"
-74.2994775,40.6888997,Carter's,"Union 22 Plaza 910 Springfield Road Union NJ 07083 (908) 688-1908"
-74.4225642,40.6404382,Carter's,"Watchung Square Mall 1515 Route 22 West Space 40 Watchung NJ 07069 (908) 561-6440"
-74.2713498,40.9391984,Carter's,"Brentwood Plaza Shopping Center 1653 State Route 23 Wayne NJ 07470 (973) 696-1710"
-74.2991531,40.5566728,Carter's,"Woodbridge Center 250 Woodbridge Center Drive Space 1350 Woodbridge NJ 07095 (848) 205-7979"
-106.589802,35.104639,Carter's,"Pavilions at San Mateo 4900 Cutler Avenue (Suite S-1A & B) Albuquerque NM 87110 (505) 872-2785"
-106.6659008,35.1852451,Carter's,"Plaza Paseo Del Norte 9311 Coors Blvd Suite P5/ P7 Albuquerque NM 87114 (505) 890-8560"
-115.0472617,36.0586316,Carter's,"Stephanie Street Power Center 523 North Stephanie Street Henderson NV 89014 (702) 435-1181"
-115.0640617,36.159426,Carter's,"Charleston Commons 147 North Nellis Boulevard Las Vegas NV 89110 (702) 453-0001"
-115.1577492,36.1636508,Carter's,"Las Vegas North Premium Outlets 855 South Grand Central Parkway Unit 1890 Las Vegas NV 89106 (702) 386-3082"
-115.1689283,36.0539333,Carter's,"Las Vegas South Premium Outlets 7400 Las Vegas Blvd. Suite 44 Las Vegas NV 89123 (702) 896-4532"
-114.576078,35.1623081,Carter's,"Laughlin Outlet Center 1955 South Casino Dr. Suite 302 Laughlin NV 89029 (702) 298-1732"
-115.388179,35.607897,Carter's,"Fashion Outlet of Las Vegas 32100 Las Vegas Boulevard South Suite 304 Primm NV 89019 (702) 874-1773"
-119.7207185,39.5317981,Carter's,"Legends at Sparks Marina 1350 Scheels Dr. Suite 108 Sparks NV 89434 (775) 358-5752"
-78.8173592,42.9983176,Carter's,"Boulevard Consumer Square 1643 Niagara Falls Bouelevard Suite 44A Amherst NY 14228 (716) 836-6792"
-72.950202,40.7903896,Carter's,"Outlets of Bellport 10 Farber Dr. Suite 14 Bellport NY 11713 (631) 286-9640"
-73.8607408,40.8352149,Carter's,"Parkchester 1376 Metropolitan Avenue Bronx NY 10462 (718) 824-6012"
-73.9179617,40.8159408,Carter's,"The Hub 2919 3rd Avenue Bronx NY 10455 (718) 402-4928"
-73.9051305,40.877951,Carter's,"5550 Broadway 5550 Broadway Bronx NY 10463 (718) 732-1005"
-73.8569762,40.8238186,Carter's,"The Shops at Bruckner Boulevard 845 White Plains Road Bronx NY 10473 (718) 822-2976"
-73.8275242,40.864345,Carter's,"Bay Plaza Shopping Center 2146 Bartow Avenue Bronx NY 10475 (718) 671-1978"
-73.9166614,40.625999,Carter's,"Georgetown Shopping Center 2097 Ralph Avenue Brooklyn NY 11234 (718) 531-6062"
-73.9891331,40.6381172,Carter's,"Borough Park - 13th Avenue 4316 Thirteenth Avenue Brooklyn NY 11219 (718) 438-1024"
-73.87155,40.652015,Carter's,"Gateway Center 494 Gateway Drive Brooklyn NY 11239 (718) 277-0569"
-73.9584622,40.6467948,Carter's,"Brooklyn - Flatbush Avenue 1004 Flatbush Avenue Brooklyn NY 11226 (718) 282-4961"
-73.9954435,40.6032655,Carter's,"Bensonhurst - 86th Street 2111 86th Street Brooklyn NY 11214 (718) 372-4327"
-73.6199184,40.7465601,Carter's,"Voice Road Plaza 240 - B Voice Rd. Carle Place NY 11514 (516) 294-8926"
-74.125769,41.31628,Carter's,"Woodbury Common Premium Outlets 434 Dune Road Central Valley NY 10917 (845) 928-9498"
-78.773013,42.9097,Carter's,"Walden Consumer Square 1740 Walden Avenue Suite 100 Cheektowaga NY 14225 (716) 891-4196"
-73.7786739,42.859109,Carter's,"Clifton Park Center 22 Clifton Country Road Suite 110 Clifton Park NY 12065 (518) 371-4240"
-73.3033493,40.7650743,Carter's,"Tanger Outlet Center Deer Park 878 The Arches Circle Deer Park NY 11729 (631) 254-0507"
-76.0194387,43.0355859,Carter's,"Towne Center at Fayetteville 537 Towne Drive Fayetteville NY 13066 (315) 637-3128"
-73.8351872,40.7572591,Carter's,"The Shops at Sky View Center 40-24 College Point Blvd Suite B229 Flushing NY 11354 (718) 460-2624"
-73.57265,40.6573523,Carter's,"Meadowbrook Commons 214 East Sunrise Highway Freeport NY 11520 (516) 378-2947"
-73.784746,40.740414,Carter's,"Fresh Meadows Place 6126 190th Street Fresh Meadows NY 11365 (718) 264-3283"
-73.5314125,40.7730993,Carter's,"Broadway Mall 358Broadway Mall Suite #522 Hicksville NY 11801 (516) 932-5057"
-73.4098215,40.8171114,Carter's,"Huntington Shopping Center 350 Walt Whitman Road Huntington NY 11746 (631) 549-6781"
-73.179438,40.802391,Carter's,"Islandia Shopping Center 1808 Veterans Memorial Highway Islandia NY 11749 (631) 582-2041"
-73.884359,40.74898,Carter's,"Jackson Heights - 82nd Street 37-22 82nd Street Jackson Heights NY 11372 (718) 565-2393"
-73.700721,43.365763,Carter's,"Log Jam Outlet Center 1476 State Route 9 Suite 1 Lake George NY 12845 (518) 792-0403"
-73.5034402,40.7270156,Carter's,"Nassau Mall 3567 Hempstead Turnpike Levittown NY 11756 (516) 796-1428"
-73.9489671,40.809726,Carter's,"Harlem - W. 125th Street 215 West 125th Street Manhattan NY 10027 (212) 865-1846"
-75.3089109,43.0944287,Carter's,"New Hartford Consumer Center 4773 Commercial Drive New Hartford NY 13413 (315) 793-7285"
-73.6945381,40.7531367,Carter's,"Lake Success 1440 Union Turnpike New Hyde Park NY 11040 (516) 437-2050"
-78.9781667,43.0989798,Carter's,"Fashion Outlets of Niagara Falls USA 1964 Military Rd, Suite 62 Niagara Falls NY 14304 (716) 297-3034"
-73.8910748,42.7737295,Carter's,"Mohawk Commons 432 Balltown Road Niskayuna NY 12304 (518) 372-4580"
-78.7821587,42.7920164,Carter's,"Quaker Crossing 3424 Amelia Drive Orchard Park NY 14127 (716) 825-1304"
-73.4876061,44.6946755,Carter's,"Plattsburgh Consumer Square 55 Consumer Square Plattsburgh NY 12901 (518) 561-0402"
-73.9205372,41.6260366,Carter's,"Poughkeepsie Galleria 2001 South Road Space A108 Poughkeepsie NY 12601 (845) 218-4282"
-73.7785083,40.7779874,Carter's,"Bay Terrace 211-15C 26th Ave Queens NY 11360 (718) 225-2160"
-73.7936211,40.7059811,Carter's,"Jamaica - Jamaica Avenue 166-07 Jamaica Avenue Queens NY 11432 (718) 297-2430"
-73.9024972,40.7006457,Carter's,"Ridgewood - Myrtle Avenue 57-31 Myrtle Avenue Ridgewood NY 11385 (718) 497-1941"
-72.7170047,40.9195219,Carter's,"Tanger Outlet Center Riverhead 302 Tanger Dr. Riverhead NY 11901 (631) 369-7769"
-77.628138,43.080673,Carter's,"Jay Scutti Plaza 300 Hylan Drive Rochester NY 14623 (585) 272-0489"
-77.5402808,43.1024204,Carter's,"Pittsford Plaza 3349 Monroe Ave Rochester NY 14618 (585) 387-9043"
-77.6911925,43.2060439,Carter's,"Greece Ridge Mall 214 Greece Ridge Center Drive Rochester NY 14626 (585) 225-1245"
-74.027416,41.105775,Carter's,"Spring Valley Marketplace 17 Spring Valley Marketplace Spring Valley NY 10977 (845) 426-6074"
-74.2326201,40.527337,Carter's,"South Shore Commons 2955 Veterans Rd. West Store 1C Staten Island NY 10309 (718) 948-2475"
-74.1096812,40.5691668,Carter's,"Hylan Commons 430 New Dorp Lane B-2 Staten Island NY 10306 (718) 980-1759"
-76.0097282,42.0963785,Carter's,"Town Square Mall 2505 Vestal Parkway East Vestal NY 13850 (607) 797-2939"
-76.9217622,42.9552282,Carter's,"Waterloo Premium Outlets 655 Route 318 No. 85B Waterloo NY 13165 (315) 539-0282"
-73.3493841,40.6855204,Carter's,"Great South Bay 721 W Montauk Highway West Babylon NY 11704 (631) 587-2903"
-73.7986258,41.0424186,Carter's,"Crossroads Shopping Center 373 Tarrytown Road White Plains NY 10607 (914) 287-6456"
-73.8251913,40.984495,Carter's,"Central Plaza 2594 Central Park Ave Yonkers NY 10710 (914) 961-1798"
-81.3435401,41.3020292,Carter's,"Aurora Farms Premium Outlets 549 South Chillicothe Rd. Aurora OH 44202 (330) 562-9036"
-82.0176756,41.4609135,Carter's,"Avon Commons 35894 Detroit Road Avon OH 44011 (440) 937-0273"
-84.1024294,39.6948831,Carter's,"The Greene Town Center 61 Chestnut St. Beaver Creek OH 45440 (937) 431-1130"
-80.6435975,41.0223755,Carter's,"The Shops at Boardman Park 389 Boardman Poland Road Boardman OH 44512 (330) 758-0390"
-81.9866503,40.999997,Carter's,"Lodi Station Outlets 9911 Avon Lake Rd. Suite 220 Burbank OH 44214 (330) 948-5092"
-84.2726789,39.0963281,Carter's,"32 East 700 Eastgate South Drive Cincinnati OH 45245 (513) 752-0674"
-84.6198254,39.1440636,Carter's,"Western Hills Plaza 6080 Glenway Avenue Cincinnati OH 45211 (513) 389-9324"
-84.4446395,39.1475663,Carter's,"Rookwood Pavilion 2692 Madison Rd Suite H1 Cincinnati OH 45208 (513) 351-2794"
-81.6888907,41.4606188,Carter's,"Steelyard Commons 3501 Steelyard Drive Cleveland OH 44109 (216) 661-1498"
-82.924883,40.052577,Carter's,"Easton Market 3734 Easton Market Columbus OH 43219 (614) 476-8603"
-82.9883205,40.1400718,Carter's,"Polaris Towne Center 1239 Polaris Parkway Space C2 Columbus OH 43240 (614) 781-0800"
-83.087273,40.097189,Carter's,"Sun Center 3614 W Dublin Granville Rd. Columbus OH 43235 (614) 793-8624"
-81.8503706,41.4600894,Carter's,"Westgate Shopping Center 3161 Westgate Fairview Park OH 44126 (440) 331-3732"
-83.6989545,41.6141831,Carter's,"Spring Meadows Place 1502 Spring Meadows Drive Holland OH 43528 (419) 861-1197"
-83.6025236,39.6189603,Carter's,"Tanger Outlets at Jeffersonville 8250 Factory Shops Boulevard Suite 250 Jeffersonville OH 43128 (740) 948-2087"
-81.45092,41.518113,Carter's,"Golden Gate Shopping Center 1558 Golden Gate Plaza Mayfield Heights OH 44124 (440) 684-9590"
-81.2965534,41.6833372,Carter's,"Creekside Commons 9597 Mentor Avenue Suite 16 Mentor OH 44060 (440) 350-1404"
-84.337135,39.433908,Carter's,"Cincinnati Premium Outlets 116 Premium Outlet Dr Monroe OH 45050 (513) 539-3401"
-81.432478,40.860588,Carter's,"Belden Park Crossings 5554 Dressler Road NW Unit 20 North Canton OH 44720 (330) 305-6940"
-81.4085885,41.1552719,Carter's,"Stow Community Center 4272 Kent Road Unit 10 Stow OH 44224 (330) 688-0942"
-82.9244935,40.2600052,Carter's,"Tanger Outlets - Columbus 400 South Wilson Road Suite 925 Sunbury OH 43074"
-83.6449736,41.69918,Carter's,"Franklin Place 5235 Monroe Street Toledo OH 43623 (419) 841-2855"
-84.3612763,39.3547046,Carter's,"Voice of America Shopping Centre 7686 Voice of America Dr. West Chester, OH 45069 (513) 759-0400  oklahoma"
-97.4888724,35.3150552,Carter's,"Shops at Moore 2630 South Service Road Moore OK 73160 (405) 793-1031"
-97.6485851,35.4622449,Carter's,"Outlet Shoppes at Oklahoma City 7638 West Reno Avenue, #E550 Oklahoma City OK 73127 (405) 491-7343"
-97.5465829,35.6104272,Carter's,"Memorial Square 13726 North Pennsylvania Avenue Oklahoma City OK 73134 (405) 753-9402"
-95.8814591,36.0600494,Carter's,"Southern Trails Shopping Center 8518 East 71st Street Suite A Tulsa OK 74133 (918) 307-8540"
-122.810454,45.496137,Carter's,"Cedar Hills Crossing 3195 Southwest Cedar Hills Boulevard Space #90 Beaverton OR 97005 (503) 350-1723"
-121.3141777,44.0260199,Carter's,"Bend Factory Outlets 61334 South Highway 97 Suite 160 Bend OR 97702 (541) 385-9663"
-124.0105628,44.9587207,Carter's,"Lincoln City Outlets on the Coast 1500 SE Devil's Lake Rd. Suite 307 Lincoln City OR 97367 (541) 996-4338"
-122.8816973,42.3437035,Carter's,"Northgate Marketplace II 279 Rossanely Drive Suite K-2 Medford OR 97501 (541) 608-5023"
-122.6832886,45.611895,Carter's,"Jantzen Beach Center 1460 North Tomahawk Island Drive Portland OR 97217 (503) 289-0267"
-123.9164206,46.0013095,Carter's,"Seaside Factory Outlet Center 1111 North Roosevelt Dr. Seaside OR 97138 (503) 738-6082"
-122.3889042,45.5429279,Carter's,"Columbia Gorge Outlets 450 N.W. 257th Ave. Suite 300 Troutdale OR 97060 (503) 666-2997"
-122.749371,45.384337,Carter's,"Nyberg Woods 7075 Nyberg Road Tualatin OR 97062 (503) 692-9048"
-122.8785493,45.1561488,Carter's,"Woodburn Premium Outlets 1001 Arney Rd. Suite 306 Woodburn OR 97071 (503) 981-8792"
-75.4363644,40.639161,Carter's,"Airport Center 936 Airport Center Drive Allentown PA 18109 (610) 266-0840"
-75.2234753,40.0037681,Carter's,"Bala Cynwyd Shopping Center 59 East City Avenue Space #13A Bala Cynwyd PA 19004 (610) 668-1362"
-76.9356901,40.2355809,Carter's,"Camp Hill Shopping Center 118 South 32nd Street Camp Hill PA 17011 (717) 761-1421"
-75.410892,40.56009,Carter's,"The Promenade Shops at Saucon Valley 3060 Center Valley Parkway Space 812 Center Valley PA 18034 (610) 798-8257"
-75.629199,40.0350443,Carter's,"Fairfield Place 125 East Swedesford Road Exton PA 19341 (610) 363-2392"
-77.201107,39.7940175,Carter's,"Outlet Shoppes at Gettysburg 1863 Gettysburg Village Drive Suite J670 Gettysburg PA 17325 (717) 334-3790"
-79.5814145,40.3074272,Carter's,"Greengate Center 2030 Greengate Centre Circle Greensburg PA 15601 (724) 834-1427"
-76.6480504,40.2947553,Carter's,"Tanger Outlets at Hershey 81 Outlet Square Hershey PA 17033 (717) 520-0452"
-79.9169648,40.4071792,Carter's,"Waterfront Town Center 222 West Bridge St. Homestead PA 15120 (412) 462-8393"
-76.198063,40.020956,Carter's,"Rockvale Square Outlets 35 South Willowdale Dr. Suite 1825 Lancaster PA 17602 (717) 299-5685"
-74.8953,40.167501,Carter's,"Langhorne Square 1349 East Lincoln Highway Levittown PA 19056 (215) 949-2860"
-79.7669731,40.4373444,Carter's,"Miracle Mile Shopping Center 4100 William Penn Highway Rm #45 Monroeville PA 15146 (412) 372-1258"
-75.678871,41.36342,Carter's,"Shoppes at Montage 2161 Shoppes Boulevard Moosic PA 18507 (570) 961-0717"
-75.2402478,40.2392635,Carter's,"Airport Square 3 Airport Square North Wales PA 19454 (215) 362-8340"
-74.9616227,40.0874923,Carter's,"Philadelphia Mills 1433 Franklin Mills Circle Space 335 Philadelphia PA 19154 (215) 281-3160"
-75.031508,40.075943,Carter's,"Northeast Shopping Center 9171-C Roosevelt Boulevard Philadelphia PA 19114 (215) 676-2924"
-75.1446992,39.9225924,Carter's,"Snyder Plaza 21 Snyder Ave Space SNE-2 Philadelphia PA 19148 (215) 271-0264"
-75.2917491,40.1032126,Carter's,"Metroplex 2520 Chemical Road #S 12C Plymouth Meeting PA 19046 (610) 828-5385"
-75.5705634,40.236614,Carter's,"Philadelphia Premium Outlets 18 Lightcap Rd. Suite 1157 Pottstown PA 19464 (610) 970-3246"
-75.3580486,39.9382893,Carter's,"Marple Crossroads Shopping Center 400 South State Rd. ABC 1 Springfield PA 19064 (610) 328-2683"
-75.3120734,41.0471875,Carter's,"The Crossings Premium Outlets 1000 Route 611 Suite G72 Tannersville PA 18372 (570) 629-3802"
-80.212648,40.2166,Carter's,"Tanger Outlet Center Pittsburgh 2200 Tanger Blvd. Suite #960 Washington PA 15301 (724) 225-0408"
-75.4323777,40.0732472,Carter's,"Gateway Shopping Center 249 Swedesford Road Wayne PA 19087 (610) 688-2187"
-75.8411796,41.2428015,Carter's,"Arena Hub Plaza 451 Arena Hubs Plaza Suiite #2 Wilkes Barre PA 18702 (570) 821-7358"
-75.116866,40.143161,Carter's,"Willow Grove Shopping Center 130 Park Avenue Willow Grove PA 19090 (215) 830-8397"
-75.955556,40.33854,Carter's,"VF Outlet Center 801 Hill Ave. Wyomissing PA 19610 (610) 376-3769"
-66.5408782,18.4386764,Carter's,"Puerto Rico Premium Outlets One Prime Outlets Blvd Space 555 Barceloneta PR 00617 (787) 846-1700"
-66.161486,18.422563,Carter's,"Plaza Rio Hondo 60 Ave Rio Hondo, Suite 28 Bayamon PR 00961 (787) 795-0116"
-66.0409656,18.2372238,Carter's,"Las Catalinas Mall 400 Calle Betances Caguas PR 00725 (787) 743-0348"
-66.611605,17.993967,Carter's,"Plaza Del Caribe 2050 Ponce By Pass, Suite 292 Ponce PR 00717 (787) 840-2440"
-71.4576831,41.7621876,Carter's,"Garden City Center 71 Hillside Road Space 8030 Cranston RI 02920 (401) 942-1815"
-71.5187777,41.8744977,Carter's,"Crossing at Smithfield 371 Putnam Pike Smithfield RI 02917 (401) 231-1836"
-80.8199146,32.239334,Carter's,"Tanger Outlet Center Hilton Head 1414 Fording Island Rd. Suite C310, Box C3 Bluffton SC 29910 (843) 837-4256"
-81.163941,34.06773,Carter's,"Columbiana Station 144 Harbison Boulevard Space #90 Columbia SC 29212 (803) 749-5943"
-81.7121772,35.0819733,Carter's,"Gaffney Premium Outlets 310 Factory Shops Blvd. Gaffney SC 29341 (864) 489-9981"
-82.2981226,34.8287544,Carter's,"Shops at Greenridge 1125 Woodruff Rd Suite 201 Greenville SC 29607 (864) 288-3806"
-78.9580884,33.7509763,Carter's,"Tanger Outlet Center Myrtle Beach Hwy 501 4618 Factory Stores Blvd. L150 Myrtle Beach SC 29579 (843) 236-2142"
-78.7725481,33.7843552,Carter's,"Tanger Outlet Center Myrtle Beach Hwy 17 10839 Kings Rd. Suite 750 Myrtle Beach SC 29572 (843) 449-2720"
-80.0174001,32.8720192,Carter's,"Tanger Outlet Center N. Charleston 4840 Tanger Outlet Blvd. Suite 731 North Charleston SC 29418 (843) 744-7655"
-103.186332,44.0988959,Carter's,"Rushmore Crossing 1725 Eglin Street Suite #200 Rapid City SD 57703 (605) 342-1648"
-86.809169,35.9693551,Carter's,"Cool Springs Pointe 1630 Galleria Boulevard Suite 200 Brentwood TN 37027 (615) 370-1217"
-82.264293,36.5909861,Carter's,"Tower Shops at The Pinnacle 562 Pinnacle Parkway Unit 526 Bristol TN 37620 (423) 764-4155"
-85.1550157,35.0362422,Carter's,"Hamilton Crossing 2200 Hamilton Place Boulevard Chattanooga TN 37421 (423) 499-2742"
-88.8584681,35.6652104,Carter's,"1150 Vann Drive Shopping Center 1150 Vann Drive Jackson TN 38305 (731) 668-3833"
-84.1495049,35.9012227,Carter's,"Pavilion of Turkey Creek I 11030 Parkside Drive Suite #19A Knoxville TN 37922 (865) 966-9604"
-86.305025,36.179769,Carter's,"Lebanon Premium Outlets 110 Outlet Village Blvd. Lebanon TN 37090 (615) 453-5392"
-89.8659548,35.1009104,Carter's,"Ridgeway Trace 5853 U.S. Highway 72 Suite 130 Memphis TN 38119 (901) 821-8319"
-86.4452318,35.8594895,Carter's,"Avenue Murfreesboro 2615 Medical Center Parkway Suite 1540 Murfreesboro TN 37129 (615) 895-0476"
-86.6929439,36.2047112,Carter's,"Opry Mills 392 Opry Mills Drive Nashville TN 37214 (615) 823-3192"
-83.5686142,35.796893,Carter's,"Pigeon Forge Factory Outlet Mall 2850 Parkway Suite 7 Pigeon Forge TN 37863 (865) 428-3253"
-83.5698202,35.832558,Carter's,"Tanger Outlet Center Sevierville 1645 Parkway Space 340 Sevierville TN 37862 (865) 453-5899"
-99.7757367,32.4088736,Carter's,"Shops at Abilene 3617 Catclaw Abilene TX 79606 (325) 695-1581"
-96.6607514,33.1327179,Carter's,"Allen Premium Outlets 820 West Stacy Rd. Suite 414 Allen TX 75013 (972) 678-2540"
-97.7324692,30.3893573,Carter's,"The Shops at Arbor Walk 10515 MoPac Expressway Suite 132 Austin TX 78759 (512) 372-0144"
-97.7925222,30.1617459,Carter's,"Southpark Meadows 9600 South IH-35 Space 550 Austin TX 78748 (512) 291-1500"
-97.819664,30.2263367,Carter's,"Sunset Valley Village 5601 Brodie Lane, Suite 670 Austin TX 78745 (512) 358-0784"
-94.1549555,30.1264648,Carter's,"North Park Plaza 5882 Eastex Freeway Beaumont TX 77708 (409) 347-0926"
-97.505709,25.95922,Carter's,"Sunrise Commons 2740 Pablo Kisel Boulevard Brownsville TX 78526 (956) 544-1727"
-97.3214341,32.5689997,Carter's,"Gateway Station 12920 South Freeway Burleson TX 76028 (817) 295-5920"
-96.9424152,32.6017674,Carter's,"Hillside Village 305 W FM 1382, 541 & 542 Cedar Hill TX 75104 (972) 293-9643"
-97.7993246,30.4705766,Carter's,"Lakeline Plaza Center 11066 Pecan Park Blvd. Suite A05A Cedar Park TX 78613 (512) 219-9344"
-96.33471,30.594388,Carter's,"Gateway Station 1505 University Drive East Suite 15 College Station TX 77840 (979) 260-0159"
-95.4830353,30.3635142,Carter's,"Conroe Outlet Center 1111 League Line Rd. Suite 115 Conroe TX 77303 (936) 856-7830"
-97.3722303,27.7104883,Carter's,"La Palmera 5488 South Padre Island Drive Suite 1220 Corpus Christi TX 78411 (361) 993-0213"
-95.7565733,29.9970415,Carter's,"Houston Premium Outlets 29300 Hempstead Rd. Suite 616 Cypress TX 77433 (281) 256-3497"
-96.76838,32.868979,Carter's,"Park Lane 8180 Park Lane Suite 345 Dallas TX 75231 (214) 363-4336"
-97.0984199,33.1938987,Carter's,"Denton Crossing 1800 South Loop 288 Suite 218 Denton TX 76205 (940) 387-8582"
-98.1665888,26.2632995,Carter's,"The Shoppes at Rio Grande Valley 329 East Trenton Road Edinburg TX 78539 (956) 316-2384"
-106.3718191,31.7705454,Carter's,"The Fountains at Farah 8889 Gateway Boulevard West Space BU170 El Paso TX 79925 (915) 599-9145"
-106.586125,31.9127566,Carter's,"Outlet Shoppes at El Paso 7051 South Desert Blvd. Suite E524 El Paso TX 79835 (915) 877-7319"
-106.3058756,31.7262845,Carter's,"Las Palmas Marketplace 1331 George Dieter Drive Space #6 El Paso TX 79936 (915) 594-4970"
-97.3970194,32.6838165,Carter's,"Overton Park Plaza 4664 SW Loop 820 Fort Worth TX 76109 (817) 731-3664"
-97.3144277,32.9124463,Carter's,"Alliance Town Center 3050 Texas Sage Trail Space 410 Fort Worth TX 76177 (817) 741-6844"
-96.8058266,33.1064736,Carter's,"The Center at Preston Ridge 3259 Preston Rd. Suite 6 Frisco TX 75034 (214) 618-3490"
-96.6123157,32.9527034,Carter's,"Firewheel Town Center 655 Town Square Blvd. Suite F11 Garland TX 75040 (972) 675-2030"
-97.0518759,32.6794234,Carter's,"Grand Prairie Premium Outlets 2950 West Interstate 20 Suite #270 Grand Prairie TX 75052 (972) 602-4332"
-97.0427604,32.965993,Carter's,"Grapevine Mills 3000 Grapevine Mills Parkway Suite 242 Grapevine TX 76051 (972) 724-6770"
-97.6616375,31.0739015,Carter's,"Market Heights 201 East Central Texas Expressway Suite #2125 Harker Heights TX 76548 (254) 680-3385"
-97.09355,32.013984,Carter's,"Outlets at Hillsboro 104 IH-35 NE Suite 150 Hillsboro TX 76645 (254) 582-0107"
-95.3802155,29.8308475,Carter's,"Northline Commons 4400 North Freeway Suite E 1000 Houston TX 77022 (713) 699-3495"
-95.202559,29.928117,Carter's,"Westlake Marketplace 14251 East Sam Houston Parkway North Building A, Suite 100 Houston TX 77044 (281) 459-4253"
-95.4606517,29.6868016,Carter's,"Meyerland Plaza 555 Meyerland Plaza Suite #555 Houston TX 77096"
-95.4000661,29.7544663,Carter's,"River Oaks Plaza 1560 West Gray Houston TX 77019 (713) 521-5862"
-95.5887193,30.0090099,Carter's,"Tomball Crossing 22501 Tomball Parkway Houston TX 77070 (281) 251-6978"
-95.560788,29.775252,Carter's,"Town and Country Village 12850 Memorial Dr. Suite 1100 Houston TX 77024 (713) 467-2057"
-95.2969816,29.6973114,Carter's,"Gulfgate Center 830 Gulfgate Center Houston TX 77087 (713) 649-3286"
-95.462696,29.741632,Carter's,"The Centre at Post Oak 5000 Westheimer Road, Suite 610, Unit BOL Houston TX 77056 (713) 599-0852"
-95.261403,30.013061,Carter's,"Deerbrook Marketplace 20506 U.S. Highway 59 North Suite 400 Humble TX 77338 (281) 446-2639"
-97.1999521,32.8248895,Carter's,"The Shops at North East Mall 845 North East Mall Blvd Hurst TX 76053 (817) 284-2414"
-95.80907,29.775645,Carter's,"Katy Mills 5000 Katy Mills Circle Suite 630 Katy TX 77494 (281) 644-5585"
-99.512563,27.502148,Carter's,"Outlet Shoppes at Laredo 1600 Water Street Suite A460 Laredo TX 78040 (956) 717-4906"
-99.4751468,27.6082969,Carter's,"Independence Plaza 2450 Monarch Drive Suite #3A Laredo TX 78045 (956) 712-8231"
-96.970514,33.0111714,Carter's,"Lakepointe Towne Crossing 713 Hebron Parkway Suite 260 Lewisville TX 75057 (972) 459-0989"
-101.9211299,33.5368032,Carter's,"Central Plaza 6225 Slide Road Lubbock TX 79414 (806) 793-1483"
-97.1500756,32.597335,Carter's,"Mansfield Town Center 2041 Highway 287 North Space 213 Mansfield TX 76063 (817) 453-6484"
-98.2126289,26.187045,Carter's,"Las Tiendas Plaza 920 East Expressway 83 McAllen TX 78503 (956) 928-1504"
-97.887797,26.162872,Carter's,"Rio Grande Valley Premium Outlets 5001 East Expressway 83 Suite 318 Mercedes TX 78570 (956) 514-0730"
-96.628017,32.797753,Carter's,"Marketplace at Towne Center 19079 Lyndon B Johnson Freeway Mesquite TX 75150 (972) 270-0964"
-98.2842586,26.1971765,Carter's,"Sharyland Towne Crossing 2515 East Expressway 83 Suite 200 Mission TX 78572 (956) 664-9444"
-95.2630099,29.5595099,Carter's,"The Center at Pearland Parkway 2550 Pearland Parkway Suite 140 Pearland TX 77581 (281) 997-7938"
-95.3855426,29.5576767,Carter's,"<br />The Crossing at 288 2730 Smith Ranch Rd. Suite 104 Pearland TX 77584 (713) 436-7665"
-96.7929953,33.02868,Carter's,"Preston Towne Crossing 4909 West Park Boulevard Suite #101 Plano TX 75093 (972) 596-2501"
-96.4621696,32.895979,Carter's,"Rockwall Market Center 2841 Market Center Drive Rockwall TX 75032 (972) 722-4513"
-97.6897003,30.5664089,Carter's,"Round Rock Premium Outlets 4401 North IH-35 Suite 147 Round Rock TX 78664 (512) 868-3427"
-98.6486593,29.4373758,Carter's,"Westover Marketplace 8203 State Highway 151 Suite #116 San Antonio TX 78245 (210) 680-0517"
-98.540362,29.3551814,Carter's,"Alison's Corner 2720 SW Military Drive Suite #102 San Antonio TX 78224 (210) 932-9069"
-98.467425,29.604806,Carter's,"Northwoods Shopping Center 18030 US Highway 281 North Suite 106 San Antonio TX 78232 (210) 494-2341"
-98.668699,29.548562,Carter's,"Bandera Pointe 11643 Bandera Rd. Suite #104 San Antonio TX 78250 (210) 647-7751"
-98.5940411,29.6091887,Carter's,"The Rim 17802 La Cantera Parkway Suite 109 San Antonio TX 78257 (210) 877-6216"
-97.9817924,29.8287308,Carter's,"San Marcos Premium Outlets 3939 IH-35 South Suite 760 San Marcos TX 78666 (512) 392-8485"
-95.4508418,30.1844701,Carter's,"Portofino Shopping Center 19075 Interstate 45 South Suite 111B Shenandoah TX 77385 (936) 271-5051"
-97.1066197,32.9392823,Carter's,"Gateway Plaza 2924 East South Lake Blvd. Southlake TX 76092 (817) 749-1900"
-95.5191845,30.0886389,Carter's,"Grand Parkway Marketplace 6600 Spring Stuebner Road Suite 144 Spring TX 77389 (832) 717-0309"
-95.6195541,29.5950618,Carter's,"Market at Town Center 2577 Town Center Blvd. Sugarland TX 77479 (281) 980-2940"
-96.283827,32.7025502,Carter's,"Tanger Outlet Center Terrell 301 Tanger Dr. Suite 109 Terrell TX 75160 (972) 551-2276"
-95.0583635,29.4246973,Carter's,"Tanger Outlet Center Galveston 5885 Gulf Freeway Suite 620 Texas City TX 77591 (281) 337-3452"
-95.3052978,32.2500713,Carter's,"The Village at Cumberland Park 8946 South Broadway Suite #104 Tyler TX 75703 (903) 561-8297"
-97.155174,31.497438,Carter's,"Central Texas Marketplace 2608 West Loop 340, Suite B Waco TX 76706 (254) 662-2869"
-95.1427287,29.5380844,Carter's,"Baybrook Square 1257 West Bay Area Blvd. Webster TX 77598 (281) 338-7483"
-111.8840763,40.4351916,Carter's,"Outlets at Traverse Mountain 3700 North Cabelas Boulevard Suite #410 Lehi UT 84043 (801) 901-1241"
-111.8860316,40.6351734,Carter's,"Fashion Place 6227 South State Street #3 Murray UT 84107 (801) 262-4960"
-111.6801014,40.2751349,Carter's,"University Place 575 East University Parkway Space E-74 Orem UT 84097 (801) 225-0716"
-111.5518159,40.7291402,Carter's,"Tanger Outlet Center Park City 6699 North Landmark Dr. Suite C145 Park City UT 84098 (435) 649-4402"
-111.9821705,41.1914239,Carter's,"Riverdale Shopping Center 4221 Riverdale Rd. Riverdale UT 84405 (801) 394-2472"
-111.85803,40.724304,Carter's,"Commons at Sugar House 1155 East Wilmington Suite 100 Salt Lake City UT 84106 (801) 474-9133"
-111.8885894,40.562756,Carter's,"The Commons at Southtowne 10473 S State Street Sandy UT 84070 (801) 572-2375"
-111.984479,40.61961,Carter's,"Jordan Landing 3778 West Center Park Dr. Space F-1 West West Jordan UT 84084 (801) 280-0221"
-111.9551575,40.69367,Carter's,"Valley Fair Mall 3601 South 2700 West Space TC-1 West Valley City UT 84119 (801) 963-8267"
-77.0847841,38.749395,Carter's,"Mount Vernon Plaza 7702B Richmond Highway Suite C Alexandria VA 22306 (703) 660-9730"
-77.3981838,38.8790525,Carter's,"Greenbriar Shopping Center 13039 Lee Jackson Memorial Highway Space #14 Fairfax VA 22033 (703) 263-0173"
-77.2754658,38.8446835,Carter's,"Fair City Mall 9600-J Main Street Fairfax VA 22031 (703) 425-2314"
-77.1306019,38.8524236,Carter's,"Crossroads Center 5841-A Crossroads Center Way Falls Church VA 22041 (703) 575-8412"
-77.622347,37.652531,Carter's,"Corner at Short Pump 11809 West Broad Street 4B Henrico VA 23233 (804) 360-4313"
-77.5384532,39.1067666,Carter's,"Leesburg Corner Premium Outlets 241 Fort Evans Rd. N.E. Suite 709 Leesburg VA 20176 (703) 737-3830"
-77.631356,37.4185,Carter's,"Commonwealth Center 4800 Commonwealth Center Parkway Midlothian VA 23112 (804) 744-4070"
-76.4914456,37.1036207,Carter's,"Marketplace at Tech Center 12080 Jefferson Avenue Suite #300 Newport News VA 23602 (757) 881-9689"
-76.1930517,36.8780575,Carter's,"Simon Premium Outlets 1600 Premium Outlets Boulevard Suite 411 Norfolk VA 23502 (757) 614-2007"
-77.4982881,37.581966,Carter's,"The Shops At Willow Lawn 1601 Willow Lawn Drive Richmond VA 23230 (804) 288-0324"
-77.4226654,39.024973,Carter's,"Dulles Town Crossing 45575 Dulles Eastern Plaza Suite 101 Sterling VA 20166 (703) 430-1727"
-77.2364112,38.9221319,Carter's,"Pike 7 Plaza 8387B Leesburg Pike Vienna VA 22182 (703) 448-6074"
-76.0867786,36.7745037,Carter's,"Landstown Commons 3300 Princess Anne Rd. Suite #751 Virginia Beach VA 23456 (757) 468-0350"
-76.736913,37.3206631,Carter's,"Prime Outlets at Williamsburg 5699 Richmond Rd. Space 38 Williamsburg VA 23188 (757) 565-3440"
-78.167878,39.161481,Carter's,"Apple Blossom Corners 2184 South Pleasant Valley Road Winchester VA 22601 (540) 545-4045"
-77.295063,38.6433389,Carter's,"Potomac Mills 2700 Potomac Mills Circle Suite 221 Woodbridge VA 22192 (703) 494-2157"
-72.565763,42.836133,Carter's,"Canal Street Outlet Center 580 Canal Street Suite 1 Brattleboro VT 05301 (802) 257-5615"
-73.081337,44.507545,Carter's,"Essex Outlets 21 Essex Way Suite 405 Essex Junction VT 05452 (802) 288-8107"
-73.0505187,43.1746166,Carter's,"Equinox Square Shopping Center 367 Depot St. Manchester Center VT 05255 (802) 362-0254"
-122.2458133,47.2989231,Carter's,"The Outlet Collection Seattle 1101 Outlet Collection Way Suite 1234 Auburn WA 98001 (253) 804-3155"
-122.484204,48.785578,Carter's,"Meridian Village 3930 Meridian Street Suite 100 Bellingham WA 98226 (360) 738-4198"
-122.3384169,48.456168,Carter's,"The Outlet Shoppes at Burlington 440 Fashion Way Burlington WA 98233 (360) 757-0916"
-122.9787948,46.7300744,Carter's,"WA  Centralia  1203 Lum Road 1203 Lum Rd. Centralia WA 98531 (360) 736-0348"
-122.0175382,47.5422503,Carter's,"Grand Ridge Plaza 1416 Highlands Drive Issaquah WA 98029 (425) 392-0532"
-121.795576,47.490978,Carter's,"North Bend Premium Outlets 461 South Fork Ave. Suite 2A S.W. North Bend WA 98045 (425) 888-6370"
-119.3132813,46.2580093,Carter's,"Vintner Square 2949 Queensgate Drive Richland WA 99352 (509) 627-3827"
-122.3671741,47.52177,Carter's,"Westwood Village 2600 SW Barton Street Suite B16 Seattle WA 98126 (206) 937-1266"
-117.412941,47.701102,Carter's,"Northtown Square 4727 N Division St Suite 101 B Spokane WA 99207 (509) 489-6822"
-122.4793565,47.2372963,Carter's,"Tacoma Central 3304 South 23rd Street, Suite C2 Tacoma WA 98405 (253) 272-0675"
-122.2609405,47.448994,Carter's,"Southcenter Square 17250 Southcenter Parkway Suite 144 Tukwila WA 98188 (206) 575-2484"
-122.188311,48.093531,Carter's,"Seattle Premium Outlets 10600 Quil Ceda Blvd. Suite 635 Tulalip WA 98271 (360) 716-2348"
-120.4791726,46.565676,Carter's,"Valley Mall Plaza 1602 East Washington Avenue Union Gap WA 98903 (509) 469-0627"
-122.1570453,47.7571164,Carter's,"Downtown Woodinville Retail Development 17953 Garden Way NE Woodinville WA 98072 (425) 483-1997"
-89.786099,43.57298,Carter's,"Outlets at the Dells 210 Gasser Rd. Suite 531 Baraboo WI 53913 (608) 253-3149"
-88.0659939,44.4838209,Carter's,"Bay Park Square 922 Bay Park Square Green Bay WI 54304 (920) 497-7565"
-88.7629947,43.0901443,Carter's,"Johnson Creek Premium Outlets 595 West Linmar Lane Suite B-180 Johnson Creek WI 53038 (920) 699-7204"
-88.585947,43.9834059,Carter's,"The Outlet Shoppes at Oshkosh 3001 South Washburn Suite A110 OshKosh WI 54904 (920) 233-4909"
-87.9482134,42.5179126,Carter's,"Pleasant Prairie Premium Outlets 11601 108th St.  Suite 52 Pleasant Prairie WI 53158 (262) 857-6881"
-88.056428,43.077814,Carter's,"Mayfair Collection 11500 West Burleigh Street Suite 164 Wauwatosa WI 53222 (414) 258-3080"
-82.2664221,38.4223468,Carter's,"Huntington Mall 825 Mall Road Space 830 Barboursville WV 25504 (304) 733-7071"
-81.713019,38.327695,Carter's,"Dudley Farms Plaza 106 RHL Boulevard Charleston WV 25309 (304) 744-2579"
