-86.8037415,33.3799019,"Five Below-Birmingham,AL","1725 Montgomery Highway [Riverchase Promenade], Birmingham,AL 35444, (205) 542-4644"
-86.7570724,33.4647789,"Five Below-Birmingham,AL","5267 Highway 280 South [Brook Highland Plaza], Birmingham,AL 35242, (205) 408-3989"
-86.6351547,33.6509476,"Five Below-Birmingham,AL","5463 Patrick Way, Birmingham,AL 35235, 205-661-0361"
-87.6383029,34.8411749,"Five Below-Florence,AL","390-A Cox Creek Pkwy [Cox Creek SC], Florence,AL 35630, 256-760-3589"
-85.9854157,34.0087909,"Five Below-Gadsden,AL","526 E Meighan Blvd [River Trace Center], Gadsden,AL 35903, 256-543-0088"
-86.6819458,34.7417603,"Five Below-Huntsville,AL","6275 University Dr NW [Westside Center], Huntsville,AL 35806, 256-971-9899"
-73.487587,41.3764648,"Five Below-Danbury,CT","15 Backus Ave [Danbury Square], Danbury,CT 06810, 203-744-8280"
-71.884074,41.8398301,"Five Below-Dayville,CT","2141 Killingly Commons Drive [Killingly Commons], Dayville,CT 06241, 860-774-1758"
-72.5548325,41.9838829,"Five Below-Enfield,CT","25 Hazard Avenue Enfield Commons [Enfield Commons], Enfield,CT 06082, 860-253-9465"
-71.9907455,41.587719,"Five Below-Lisbon,CT","160 River Road Suite A- 145 [Lisbon Landing], Lisbon,CT 06351, 860-376-0208"
-72.5593382,41.8049406,"Five Below-Manchester,CT","1510 Pleasant Valley Rd [Plaza at Buckland Hills], Manchester,CT 06040, 860-644-1760"
-72.806388,41.50848,"Five Below-Meriden,CT","533 S Broad Street Space 2C [Townline Square], Meriden,CT 06450, 203-379-5018"
-73.2559622,41.1417463,"Five Below-Milford,CT","1397 Post Rd [Milford], Milford,CT 06461, 203-874-0736"
-72.871947,41.3565423,"Five Below-North Haven,CT","410 Universal Drive N Suite 02A [North Haven Crossing], North Haven,CT 06473, 203-239-0617"
-73.44434,41.09912,"Five Below-Norwalk,CT","500 Connecticut Ave, Norwalk,CT 06854, 203-299-0293"
-72.7701538,41.6418736,"Five Below-Plainville,CT","248-D New Britain Rd [Plainville Commons], Plainville,CT 06062, 860-747-5378"
-73.0333933,41.551965,"Five Below-Waterbury,CT","245 Union St, Waterbury,CT 06706, 203-573-9373"
-72.1520863,41.3806922,"Five Below-Waterford,CT","917 Hartford Turnpike [Waterford Commons], Waterford,CT 06385, 860-437-3401"
-76.9522074,38.9218397,"Five Below-Washington,DC","2482 Market St, Washington,DC 20018, (202) 526-4390"
-77.033577,38.9295006,"Five Below-Washington,DC","3100 NW 14th St [DC USA], Washington,DC 20010, 202-319-3584"
-75.5522614,39.1955338,"Five Below-Dover,DE","1574 North Dupont Hwy [ste 700], Dover,DE 19901, (302) 735-4807"
-75.4674759,39.0081291,"Five Below-Upper Christiana,DE","335 West Main Street [Christiana Town Center], Upper Christiana,DE 19702, 302-266-7139"
-75.5486286,39.8039865,"Five Below-Wilmington,DE","3632 Concord Pike [Concord Gallery], Wilmington,DE 19803, 302-478-3970"
-75.6597593,39.7231266,"Five Below-Wilmington,DE","4615 Kirkwood Hwy [Midway Plaza], Wilmington,DE 19808, 302-999-8572"
-82.5706143,27.4622577,"Five Below-Bradenton,FL","865 Cortez Rd [Cortez Plaza East] West, Bradenton,FL 34207, none listed"
-82.5129307,28.5334636,"Five Below-Brooksville,FL","12928 Cortez Blvd [Cortez Commons], Brooksville,FL 34613, (352) 597-1595"
-82.7346984,27.916469,"Five Below-Clearwater,FL","5060 East Bay Dr [Tri City Plaza], Clearwater,FL 33764, (727) 531-1361"
-80.2511345,26.0929283,"Five Below-Davie,FL","2292 S University Dr [Davie Tower Shops], Davie,FL 33324, (954) 474-6930"
-80.1572491,26.3177222,"Five Below-Deerfield Beach,FL","3768 W Hillsboro Blvd, Deerfield Beach,FL 33442, (954) 429-1936"
-81.8072227,26.4081911,"Five Below-Estero,FL","8024 Mediterranean Dr [Coconut Point Shopping], Estero,FL 33928, (239) 495-3497"
-82.4090118,29.5901642,"Five Below-Gainesville,FL","3960 Plaza Blvd [Butler North], Gainesville,FL 32608, 352-372-9347"
-80.1340418,25.9859449,"Five Below-Hallandale,FL","1405 East Hallandale Blvd, Hallandale,FL 33009, (954) 456-7170"
-81.5347049,30.2547752,"Five Below-Jacksonville,FL","4871-3 Town Center Pkwy [Market at Town Ctr], Jacksonville,FL 32246, (904) 807-9453"
-81.743103,30.193561,"Five Below-Jacksonville,FL","6001-63 Argyle Forest Blvd [Argyle Village SC], Jacksonville,FL 32244, (904) 772-6523"
-81.3884811,30.2693501,"Five Below-Jacksonville Beach,FL","3876-2 S Third St [South Beach Regional SC], Jacksonville Beach,FL 32250, (904) 247-6067"
-81.612255,28.3442076,"Five Below-Kissimmee,FL","3229 Rolling Oaks Blvd, Kissimmee,FL 34747, 407-239-1861"
-81.4143677,28.33848,"Five Below-Kissimmee,FL","630 Centerview Blvd [The Crosslands], Kissimmee,FL 34741, (407) 846-1355"
-82.7012641,30.1827319,"Five Below-Lake City,FL","209 NW Hutton Dr, Lake City,FL 32055, (386) 754-1703"
-80.647437,28.077489,"Five Below-Melbourne,FL","1551 W New Haven Ave, Melbourne,FL 32904, (321) 984-4148"
-80.1639915,25.8883253,"Five Below-North Miami,FL","12195 Biscayne Blvd [Causeway Plaza], North Miami,FL 33181, (305) 892-6743"
-82.2845612,27.0485992,"Five Below-North Port,FL","18299 South Tamiami Trail [Cocoplum Village], North Port,FL 34287, (941) 426-9567"
-82.7951691,27.8445157,"Five Below-North Seminole,FL","7931 113th St, North Seminole,FL 33772, (727) 319-0396"
-81.2050869,28.5523517,"Five Below-Orlando,FL","379 N Alafaya Trail [Waterford Lakes TC], Orlando,FL 32828, (407) 273-5678"
-81.4528656,28.4658375,"Five Below-Orlando,FL","5295 International Dr [International Dr Value Center], Orlando,FL 32819, (407} 363-5345"
-81.3081207,28.4603691,"Five Below-Orlando,FL","6625 Eagle Watch Dr [Lee Vista Promenade], Orlando,FL 32812, (407) 857-6460"
-80.09665,26.80595,"Five Below-Palm Beach Gardens,FL","3926 Northlake Blvd, Palm Beach Gardens,FL 33403, (561) 694-0759"
-80.3073674,26.007605,"Five Below-Pembroke Pines,FL","11954 Pines Blvd, Pembroke Pines,FL 33026, (954) 443-0672"
-80.3584835,26.007815,"Five Below-Pembroke Pines,FL","15881 Pines Blvd, Pembroke Pines,FL 33027, (954) 432-8853"
-82.1240437,27.988933,"Five Below-Plant City,FL","223 W Alexander St [Lake Walden Square], Plant City,FL 33563, (813) 752-5326"
-82.5212228,27.2591347,"Five Below-Sarasota,FL","6571 S Tamiami Trail [Sarasota Pavilion], Sarasota,FL 34231, (941) 924-6294"
-80.26722,27.2334,"Five Below-Stuart,FL","2321 S Federal Hwy, Stuart,FL 34994, (772) 463-8323"
-82.5028458,28.0876369,"Five Below-Tampa,FL","15001 N Dale Mabry Hwy [North Pointe Plaza], Tampa,FL 33618, (813) 962-1309"
-80.725895,28.236259,"Five Below-Viera,FL","7171 Lake Andrew Dr [Viera Shops], Viera,FL 32940, (321) 631-0814"
-84.3045639,34.0410753,"Five Below-Alpharetta,GA","7591 North Point Parkway Suite 800 [Mansell Crossings], Alpharetta,GA 30022, 770-650-0677"
-83.4481583,33.9162483,"Five Below-Athens,GA","1791 Oconee Connector [Epps Bridge Centre], Athens,GA 30606, 706-354-2987"
-84.349975,33.9349564,"Five Below-Atlanta,GA","1155 Mt Vernon Hwy Suite 750 [Perimeter Point], Atlanta,GA 30338, 770-481-0226"
-83.9944687,34.0641518,"Five Below-Buford,GA","1600 Mall of Georgia Boulevard Suite 1120 [Marketplace at Millcreek], Buford,GA 30519, 770-831-9405"
-84.454742,34.235843,"Five Below-Canton,GA","1810 Cumming Hwy Suites C100-C120 [Canton Marketplace], Canton,GA 30114, 678-493-5485"
-84.1266637,34.1970056,"Five Below-Cumming,GA","2435 Market Pl Boulevard [Town Center-Cumming], Cumming,GA 30041, 770-205-6674"
-84.7358268,33.7261035,"Five Below-Douglasville,GA","2920 Chapel Hill Road [Douglasville Pavillion], Douglasville,GA 30135, 770-949-2419"
-84.5035127,33.6588927,"Five Below-East Point,GA","3612 Marketplace Boulevard [Camp Creek Marketplace], East Point,GA 30344, 404-629-5954"
-82.3231812,29.6519508,"Five Below-Gainesville,GA","1154 Dawsonville Hwy [North Lake Square], Gainesville,FL 30501, (770) 718-0965"
-84.7470438,33.8888063,"Five Below-Hiram,GA","4904 Jimmy Lee Smith Parkway Ste 120 [Hiram Pavilion], Hiram,GA 30141, 770-439-6490"
-84.170433,34.066856,"Five Below-John's Creek,GA","11720 Medlock Bridge Road Suite 180 [John's Creek Village], John's Creek,GA 30097, 678-584-1092"
-84.572998,34.004717,"Five Below-Kennesaw,GA","667 Ernest W Barrett Parkway NW [Town Center Commons], Kennesaw,GA 30144, 770-425-2849"
-84.1887736,33.4210036,"Five Below-McDonough,GA","1550 Highway 20 West [McDonough], McDonough,GA 30253, 678-583-3467"
-84.7432894,33.3969609,"Five Below-Newnan,GA","1078 Bullsboro Drive [Newnan Pavilion], Newnan,GA 30265, 770-253-2803"
-84.0091629,33.8831367,"Five Below-Snellville,GA","1630 Scenic Highway 10A [Presidential Commons], Snellville,GA 30078, 770-979-1574"
-84.5441367,34.0824263,"Five Below-Woodstock,GA","122 Woodstock Square Ave [Woodstock], Woodstock,GA 30189, 678-445-3178"
-88.3356678,42.1610527,"Five Below-Algonquin,IL","802 S Randall Road [Oakridge Court], Algonquin,IL 60102, 847-658-4508"
-88.1285172,41.9395294,"Five Below-Bloomingdale,IL","346-110 West Army Trail Road [Bloomingdale], Bloomingdale,IL 60108, 630-893-8879"
-88.9582214,40.4899521,"Five Below-Bloomington,IL","1500 East Empire St [Empire Crossing], Bloomington,IL 61701, (309) 661-1393"
-87.8509903,41.1626892,"Five Below-Bradley,IL","2066 N State Route 50 [Bradley Commons], Bradley,IL 60915, 815-936-6254"
-89.1900453,37.7330422,"Five Below-Carbondale,IL","1312 East Main Street [University Place], Carbondale,IL 62901, (618) 351-7139"
-87.6734161,41.9261856,"Five Below-Chicago,IL","1730 W Fullerton Ave Suite 17-21 [Riverpoint Center], Chicago,IL 60614, 773-472-7790"
-87.7102619,41.9393628,"Five Below-Chicago,IL","3302 W Belmont Avenue [Kennedy Plaza], Chicago,IL 60618, 773-267-2534"
-87.7870931,41.930942,"Five Below-Chicago,IL","6451 West Diversey Ave [The Brickyard], Chicago,IL 60707, 773-622-6810"
-87.73802,41.756,"Five Below-Chicago,IL","7601 S Cicero Ave, Chicago,IL 60652, (773) 581-7731"
-87.7807007,41.7108574,"Five Below-Chicago Ridge,IL","242 Commons Drive [Commons of Chicago Ridge], Chicago Ridge,IL 60415, 708-424-0665"
-87.8685256,41.7820613,"Five Below-Countryside,IL","30 Countryside Plaza [Countryside Plaza], Countryside,IL 60525, 708-482-0975"
-88.3042145,42.2268105,"Five Below-Crystal Lake,IL","5500 US Highway 14 [Bohl Farm], Crystal Lake,IL 60014, 815-356-6093"
-88.7252755,41.952511,"Five Below-Dekalb,IL","2345 Sycamore Rd [Oakland Place SC], Dekalb,IL 60115, 815-748-4598"
-88.0241615,41.8338112,"Five Below-Downers Grove,IL","1554 Butterfield Rd [Finley Square], Downers Grove,IL 60515, 63-705-1760"
-89.9849334,38.5860141,"Five Below-Fairview Heights,IL","5927 North Illinois St [Lincoln Plaza], Fairview Heights,IL 62208, 618-277-7392"
-88.3414131,41.8734261,"Five Below-Geneva,IL","1520 South Randall Road [Randall Square], Geneva,IL 60134, 630-208-0876"
-87.975075,42.3858266,"Five Below-Gurnee,IL","6931 Grand Ave [Gurnee Town Center], Gurnee,IL, 847-855-1583"
-88.1899575,42.0720443,"Five Below-Hoffman Estates,IL","2640 N Sutton Rd [Poplar Creek], Hoffman Estates,IL 60192, (847) 645-0724"
-88.1558961,41.5754427,"Five Below-Joliet,IL","2721 Plainfield Road [Joliet Commons], Joliet,IL 60435, 815-254-1863"
-88.2643204,42.3672288,"Five Below-McHenry,IL","3414 Shoppers Drive [The Shops at Fox River], McHenry,IL 60050, 815-385-0067"
-88.0764465,41.9476509,"Five Below-Melrose Park,IL","1314 Winston Plaza [Winston Plaza], Melrose Park,IL 60160-1508, 708-344-1020"
-87.7384186,41.6590385,"Five Below-Midlothian,IL","13210 South Cicero Ave [Crestwood Rivercrest SC], Midlothian,IL 60445, (708) 385-8207"
-88.2000413,41.7629318,"Five Below-Naperville,IL","2707 Aurora Avenue Suite 103 [Westridge Court], Naperville,IL 60540, 630-548-9178"
-87.830925,42.0518646,"Five Below-Niles,IL","8261 W Golf Road [Four Flagg Shopping Center], Niles,IL 60714, 847-470-0956"
-87.8130188,41.8497887,"Five Below-North Riverside,IL","7501 W Cermak Street Suite 18 [North Riverside], North Riverside,IL 60546, 708-442-5146"
-87.8465347,41.5990677,"Five Below-Orland Hills,IL","9275 W 159th Street [Orland Towne Center], Orland Hills,IL 60487, 708-403-2185"
-88.3072136,41.7044308,"Five Below-Oswego,IL","2480 Rt 34 [Prairie Market SC], Oswego,IL 60543, (630) 554-1924"
-88.0278582,42.1391525,"Five Below-Palatine,IL","663 East Dundee Rd Suite B-450 [Deer Grove Center], Palatine,IL 60074, 847-991-0590"
-91.3204173,39.9348387,"Five Below-Quincy,IL","6008 Broadway St [Prairie Crossing SC], Quincy,IL 62305, (217) 228-7221"
-88.991012,42.2675452,"Five Below-Rockford,IL","6403 East State St [Forest Plaza [Rockford]], Rockford,IL 61108, 815-394-1870"
-88.0415764,42.050651,"Five Below-Schaumburg,IL","1468 East Golf Road [Woodfield Village Green], Schaumburg,IL 60173, 847-995-0415"
-89.7066481,39.7676151,"Five Below-Springfield,IL","2757 Veterans Pkwy [White Oaks Plaza], Springfield,IL 62704, 217-546-7952"
-87.797905,41.5497055,"Five Below-Tinley Park,IL","7400 West 191st Street [Brookside Marketplace], Tinley Park,IL 60487, 815-464-8268"
-87.9461517,42.2399788,"Five Below-Vernon Hills,IL","700 N Milwaukee Avenue [Hawthorn Hills Fashion Center], Vernon Hills,IL 60061, 847-549-0542"
-88.015136,41.750553,"Five Below-Woodridge,IL","1001 W 75th Street Suite 171 [Woodgrove Festival], Woodridge,IL 60517, 630-985-4626"
-86.124717,40.002975,"Five Below-Carmel,IN","1950 - 4 East Greyhound Pass [Village Park Plaza], Carmel,IN 46033, 317-844-4502"
-87.4707413,37.9756165,"Five Below-Evansville,IN","6625 East Lloyd Expressway [Evansville Pavilion], Evansville,IN 47715, (812) 602-5861"
-85.2014107,41.0756399,"Five Below-Fort Wayne,IN","1034 Thomas Rd [Orchard Crossing SC], Fort Wayne,IN 46804, 260-432-6096"
-85.9042816,41.6218605,"Five Below-Goshen,IN","3818 Midway Rd [The Willows and Goshen Shops], Goshen,IN 46526, (574) 875-4761"
-87.4711557,41.5256938,"Five Below-Highland,IN","10335 Indianapolis Blvd [Highland Grove Shopping Center], Highland,IN 46322, 219-924-2843"
-86.0746843,39.9052519,"Five Below-Indianapolis,IN","5530 E 82nd Street [Castleton Crossing], Indianapolis,IN 46250, 317-913-9328"
-86.1080591,40.4697771,"Five Below-Kokomo,IN","1423 S Reed Road C04A [Markland Plaza], Kokomo,IN 46902, 765-457-1029"
-87.2882385,41.473011,"Five Below-Merrillville,IN","1962-1988 E 80th Street [Merrillville Plaza], Merrillville,IN 46410, 219-793-9529"
-86.1854553,41.718811,"Five Below-Mishawaka,IN","6502 Grape Road Suite 838B [University Center], Mishawaka,IN 46544, 574-273-0506"
-85.3806534,40.2202187,"Five Below-Muncie,IN","612 East Mcgallard Rd [Muncie Marketplace], Muncie,IN 47303, 765-287-8021"
-86.3530807,39.7179604,"Five Below-Plainfield,IN","2685 E Main Street Suite 117 [Plainfield Commons], Plainfield,IN 46168, 317-837-5133"
-87.4134888,39.4325501,"Five Below-Terre Haute,IN","3092 S US Hwy 41 [South Towne], Terre Haute,IN 47802, 812-234-1663"
-87.0162964,41.4725914,"Five Below-Valparaiso,IN","110 Porters Vale Blvd [Porter's Vale], Valparaiso,IN 46382"
-94.759193,39.1165014,"Five Below-Kansas City,KS","7734 State Ave [Kansas City], Kansas City,KS 66112, (913) 299-8266"
-94.7559536,38.912675,"Five Below-Olathe,KS","14635 W 119th Street [Olathe Pointe Shopping Center], Olathe,KS 66062, (913) 393-5420"
-86.4279896,36.9541206,"Five Below-Bowling Green,KY","1865 Campbell Lane [Campbell Lane Shopping Center], Bowling Green,KY, 270-782-8119"
-84.5213089,38.0064316,"Five Below-Lexington,KY","150 W Lowry Lane [Regency Center], Lexington,KY 40503, (859) 224-0165"
-85.5361023,38.24823,"Five Below-Louisville,KY","13401 Shelbyville Road [Middletown Commons], Louisville,KY 40243, 502-244-7646"
-85.6666654,38.1379129,"Five Below-Louisville,KY","5001 Outer Loop [Jefferson Commons], Louisville,KY 40219, 502-966-6039"
-87.1224289,37.7184753,"Five Below-Owensboro,KY","5101 Frederica St, Owensboro,KY 42301, (none listed)"
-91.0628843,30.387397,"Five Below-Baton Rouge,LA","6865 A Siegen Lane [Siegen Plaza], Baton Rouge,LA 70809, (225) 368-4890"
-90.1128266,30.4489759,"Five Below-Covington,LA","69328 Hwy 21 [River Chase], Covington,LA 70433, (985) 893-5295"
-92.037116,30.154741,"Five Below-Lafayette,LA","111 Meadow Farm Rd [Ambassador TC Ste 110], Lafayette,LA 70508, (337) 991-3768"
-89.7811745,30.2751945,"Five Below-Slidell,LA","620 Town Center Pkwy [Fremaux TC], Slidell,LA 70458, (985) 649-7633"
-70.9988403,42.21455,"Five Below-Braintree,MA","255 Grossman Dr [Marketplace at Braintree], Braintree,MA 02184-4945, 781-356-9061"
-72.5764232,42.173806,"Five Below-Chicopee,MA","591 Memorial Dr [Chicopee Marketplace], Chicopee,MA 01020, (413) 593-3175"
-70.9385021,42.551978,"Five Below-Danvers,MA","100 Independence Way [Liberty Tree Mall], Danvers,MA 01923, 978-774-3990"
-71.1718087,42.2518093,"Five Below-Dedham,MA","340 Providence Highway [Dedham Mall], Dedham,MA 02026, 781-326-7604"
-71.5941212,42.3953296,"Five Below-Hudson,MA","30 Highland Commons East [Highland Commons], Hudson,MA 01749, (978) 567-5806"
-70.3008575,41.6330605,"Five Below-Hyannis,MA","790 Lyanough Rd [Capetown Plaza], Hyannis,MA 02601, 508-790-5748"
-71.7592842,42.5424005,"Five Below-Leominster,MA","56 Water Tower Plaza [Water Tower Plaza], Leominster,MA 01453, 978-466-3417"
-71.3173527,42.6245344,"Five Below-Lowell,MA","199 Plain St Unit #7 [Meadow Brook Center], Lowell,MA 01852, 978-453-2989"
-71.229866,42.0146217,"Five Below-Mansfield,MA","280 School Street [Mansfield Crossing], Mansfield,MA 02048, 508-339-1832"
-71.3865604,42.2989652,"Five Below-Natick,MA","1324 Worcester Street [Sherwood Plaza], Natick,MA 01760, 508-655-0256"
-71.3481369,41.9395294,"Five Below-North Attleboro,MA","1250 S Washington Street Suite I-1 [North Attleboro], North Attleboro,MA 02760, 508-699-2937"
-73.196049,42.4682428,"Five Below-Pittsfield,MA","555 Hubbard Avenue [Berkshire Crossing], Pittsfield,MA 01201, 413-442-2082"
-71.0209274,42.4794655,"Five Below-Saugus,MA","444 Broadway [Saugus], Saugus,MA 01906, 781-231-4789"
-71.067578,42.102195,"Five Below-Stoughton,MA","1334 Park Street [RK Plaza], Stoughton,MA 02072, 781-344-4786"
-72.6232605,42.1298103,"Five Below-West Springfield,MA","935 Riverdale Street [Riverdale Shops], West Springfield,MA 01089, 413-737-1928"
-76.5431844,38.9804182,"Five Below-Annapolis,MD","2313 H Forest Drive [Festival at Riva], Annapolis,MD 21401, 410-897-8401"
-76.5667422,39.2770746,"Five Below-Baltimore,MD","3531 Boston Street [Canton Crossing], Baltimore,MD 21224, 410-327-2101"
-76.3261185,39.4953079,"Five Below-Bel Air,MD","5 Bel Air South Parkway Suite M-1301 [Festival at Bel Air], Bel Air,MD 21015, 410-569-4621"
-76.7355678,38.9426225,"Five Below-Bowie,MD","3855 Evergreen Parkway [The Shoppes at Bowie Town Center], Bowie,MD 20716, 301-464-5313"
-76.7607155,39.2851205,"Five Below-Catonsville,MD","6459 Baltimore National Pike [West Plaza], Catonsville,MD 21228, 410-747-4898"
-76.8875465,38.7715633,"Five Below-Clinton,MD","8775-B Branch Ave [Woodyard Crossing], Clinton,MD 20735, 301-877-4075"
-76.6670609,39.4904823,"Five Below-Cockeysville,MD","118M1 Shawan Road [Hunt Valley], Cockeysville,MD 21030, 410-329-1524"
-76.6342212,39.4641298,"Five Below-Cockeysville,MD","44 Cranbrook Road Unit 23 [Yorktowne Plaza], Cockeysville,MD 21030, 410-628-1275"
-76.8865738,38.8490944,"Five Below-District Heights,MD","3269 Donnell Drive [Centre at Forestville], District Heights,MD 20747, 301-736-1281"
-76.7944383,39.1832308,"Five Below-Elkridge,MD","8261 Gateway Overlook Dr [Gateway Overlook], Elkridge,MD 21075, 410-312-0444"
-77.4157586,39.3942757,"Five Below-Frederick,MD","7246 Guilford Road [Frederick Crossing], Frederick,MD 21704, 301-631-8178"
-77.249733,39.1132813,"Five Below-Gaithersburg,MD","202 Kentlands Blvd Kentlands Marketplace [Kentlands Marketplace], Gaithersburg,MD 20878, 301-869-3640"
-76.6859899,39.0328393,"Five Below-Gambrills,MD","1417 South Main Chapel Suite 106 [Village South at Waugh Chapel], Gambrills,MD 21054, 410-451-1472"
-77.2692845,39.1808523,"Five Below-Germantown,MD","12970 Middlebrook Road [Germantown Commons], Germantown,MD 20874, 301-540-4213"
-76.6328201,39.1616402,"Five Below-Glen Burnie,MD","6714-A2 Ritchie Highway [Chesapeake Square], Glen Burnie,MD 21061, 410-766-0364"
-76.9111481,38.9989433,"Five Below-Greenbelt,MD","6000 Greenbelt Rd [Beltway Plaza], Greenbelt,MD 20770, (301) 345-2670"
-77.7451882,39.6620326,"Five Below-Hagerstown,MD","18057 Garland Groh Blvd Space 14 [Shoppes at Hagerstown], Hagerstown,MD 21740, 301-766-7956"
-76.728279,39.157108,"Five Below-Hanover,MD","7000 Arundel Mills Circle Suite 136 [Arundel Mills Mall], Hanover,MD 21076, 410-379-8357"
-76.8611515,39.086171,"Five Below-Laurel,MD","14260 A Baltimore Avenue [Laurel Lakes Centre], Laurel,MD 20707, 301-490-5680"
-76.4499756,39.3672263,"Five Below-Nottingham,MD","5275 Campbell Blvd [Nottingham Commons], Nottingham,MD 21236, (410) 931-3703"
-75.1112603,38.3378448,"Five Below-Ocean City,MD","12641 Ocean Gateway #304 [White Marlin Mall], Ocean City,MD 21842, 410-213-7791"
-77.1830902,39.0905685,"Five Below-Rockville,MD","1776 E Jefferson Street Federal Plaza [Federal Plaza], Rockville,MD 20850, 301-984-4878"
-76.4860153,39.3350334,"Five Below-Rosedale,MD","8640 Pulaski Highway Unit 139 [The Center at Golden Ring], Rosedale,MD 21237, 410-686-0109"
-75.5598679,38.4165344,"Five Below-Salisbury,MD","127-D East North Pointe Dr [The Commons], Salisbury,MD 21804, 410-546-1239"
-76.5567245,39.0808029,"Five Below-Severna Park,MD","558M Gov Ritchie Hwy [Park Plaza], Severna Park,MD 21146, 410-544-7526"
-77.0805549,39.0793039,"Five Below-Silver Spring,MD","13661 Connecticut Avenue [Aspen Hill Shopping Center], Silver Spring,MD 20906, 301-598-2057"
-76.8232284,38.8938479,"Five Below-Upper Marlboro,MD","10486 Campus Way South [Largo Plaza], Upper Marlboro,MD 20774, 301-324-0106"
-76.9117494,38.6297938,"Five Below-Waldorf,MD","3011 Festival Way [The Shops at Waldorf], Waldorf,MD 20601, 301-885-0650"
-76.973945,39.563125,"Five Below-Westminster,MD","625C Baltimore Blvd [Crossroads Square], Westminster,MD 21157, 410-857-3817"
-70.3344592,43.6392906,"Five Below-South Portland,ME","198 Maine Mall Rd [Mallside Plaza], South Portland,ME 04106, 207-761-0302"
-83.2058807,42.2816435,"Five Below-Allen Park,MI","3140 Fairlane Drive [Allen Park], Allen Park,MI 48101, 313-982-9157"
-83.7804885,42.2838251,"Five Below-Ann Arbor,MI","345 N Maple Rd, Ann Arbor,MI 48103, (734) 222-0024"
-83.6888997,42.2556295,"Five Below-Ann Arbor,MI","3529 Washtenaw Avenue [Arborland], Ann Arbor,MI 48104, 734-975-0742"
-86.4351873,42.0870553,"Five Below-Benton Harbor,MI","970 E Napier Avenue [Fairplain Plaza], Benton Harbor,MI 49022, 269-925-4856"
-83.2975164,42.6070444,"Five Below-Bloomfield Hills,MI","2145 S Telegraph Rd [Bloomfield Town Square], Bloomfield Hills,MI 48302, 248-451-0423"
-83.7519966,42.5063449,"Five Below-Brighton,MI","9520 Village Place Blvd [Brighton], Brighton,MI 48116, 810-229-4350"
-83.4538885,42.3228342,"Five Below-Canton,MI","41864 Ford Rd [Willow Creek SC], Canton,MI 48187, (734) 844-0641"
-82.8310508,42.6679715,"Five Below-Chesterfield,MI","50579 Waterside Drive [Waterside Marketplace], Chesterfield,MI 48051, 586-598-4930"
-83.2014618,42.3290489,"Five Below-Dearborn,MI","16001 Ford Road [Fairlane Meadows], Dearborn,MI 48126, 313-982-3192"
-83.1212769,42.446228,"Five Below-Detroit,MI","2015 West 8 Mile Rd [Gateway Marketplace], Detroit,MI 48220, 313-368-2664"
-83.3600689,42.5257534,"Five Below-Farmington Hills,MI","31065 Orchard Lake Road [Hunters Square], Farmington Hills,MI 48334, 248-737-5174"
-83.7550215,42.9824209,"Five Below-Flint,MI","4085 Miller Rd [Pirate Plaza], Flint,MI 48507, 810-732-0455"
-85.6890129,43.0234513,"Five Below-Grand Rapids,MI","3330 Alpine Ave NW [Greenridge Square], Grand Rapids,MI 49544, 616-647-4904"
-85.5797068,42.9125749,"Five Below-Grand Rapids,MI","3545 28th Street SE [Centerpointe Mall], Grand Rapids,MI 49512, 616-974-1032"
-85.7724208,42.8828077,"Five Below-Grandville,MI","4485 Canal Ave SW [Grandville Market Place], Grandville,MI 49418, 616-534-6211"
-86.0919189,42.8328819,"Five Below-Holland,MI","3530 West Shore Dr [Riley Center], Holland,MI, 616-399-4010"
-84.4296621,42.267627,"Five Below-Jackson,MI","1100 Jackson Crossing Ave [Jackson Crossing], Jackson,MI 49202, 517-784-0359"
-85.6524751,42.2962401,"Five Below-Kalamazoo,MI","5210 West Main Street [Maple Hill Mall], Kalamazoo,MI 49009, 269-382-5202"
-84.6726494,42.7374796,"Five Below-Lansing,MI","333B North Marketplace Blvd [Marketplace at Delta], Lansing,MI 48917, 517-622-1387"
-83.333462,42.3797326,"Five Below-Livonia,MI","13212 Middlebelt Road [Millenium Park], Livonia,MI 48150, 734-425-2430"
-84.2376276,43.6600545,"Five Below-Midland,MI","905 Joe Mann Blvd, Midland,MI 48642, (989) 839-4138"
-84.7667836,43.575348,"Five Below-Mount Pleasant,MI","4176 E Blue Grass Rd [Indian Hills Plaza], Mount Pleasant,MI 48858, (none listed)"
-86.2422028,43.2024612,"Five Below-Muskegon Heights,MI","5313 South Harvey Street [Lakeshore Marketplace], Muskegon Heights,MI 49444, 231-798-0272"
-83.4326629,42.4150452,"Five Below-Northville,MI","17631 Haggerty Road [Northville Retail Center], Northville,MI 48168, 248-305-8047"
-83.473587,42.5066948,"Five Below-Novi,MI","43514 W Oaks Ave [West Oaks II], Novi,MI 48377, 248-305-9419"
-84.4138947,42.7252579,"Five Below-Okemos,MI","4904 Marsh Rd [Meridian Town Ctr], Okemos,MI 48864, 517-381-3414"
-85.7351379,44.8626175,"Five Below-Orion,MI","4814 S Baldwin Road [Baldwin Commons], Orion,MI 48359, 248-391-1585"
-85.7351379,44.8626175,"Five Below-Port Huron/Fort Gratiot,MI","4350 24th St [Birchwood Mall], Port Huron/Fort Gratiot,MI 48059, (810) 385-2705"
-85.5895653,42.2257885,"Five Below-Portage,MI","6284 S Westnedge Ave [Southland Shopping Center], Portage,MI 49024, 269-329-1380"
-83.1317599,42.6377336,"Five Below-Rochester Hills,MI","2897 S Rochester Rd [Hampton Village Center], Rochester Hills,MI 48307, 248-853-5731"
-82.9288213,42.5087462,"Five Below-Roseville,MI","28794 Gratiot Ave [Roseville Towne Center], Roseville,MI 48066, 586-771-0026"
-83.9843262,43.4800787,"Five Below-Saginaw,MI","3435 Tittabawassee Road [West Valley], Saginaw,MI 48604, 989-790-2165"
-82.9852,42.6276143,"Five Below-Shelby Township,MI","14215 Hall Road [Shelby Town Center], Shelby Township,MI 48315, 586-566-1070"
-83.2658288,42.1975697,"Five Below-Taylor,MI","23853 Eureka Road [Crossings at Taylor], Taylor,MI 48180, 734-287-5156"
-83.1069307,42.5376403,"Five Below-Troy,MI","520 John R Road [Oakland Square], Troy,MI 48083, 248-577-1179"
-83.0243314,42.5067144,"Five Below-Warren,MI","8317 East 12 Mile Rd [Tech Plaza], Warren,MI 48093, (586) 558-9018"
-83.3934979,42.3387156,"Five Below-Westland,MI","35635 Warren Rd [West Ridge SC], Westland,MI 48185, (734) 728-4629"
-83.2233996,42.1407739,"Five Below-Woodhaven,MI","19211 West Road [Woodhaven Commons], Woodhaven,MI 48183, 734-362-0164"
-93.315553,45.0555687,"Five Below-Brooklyn Center,MN","1300 Shingle Creek Crossing [ste 108], Brooklyn Center,MN 55430, (763) 561-1800"
-92.5226835,44.5566003,"Five Below-Eagan,MN","1400 Central Park Commons [ste 140], Eagan,MN 55121, none listed"
-93.4497573,45.1007498,"Five Below-Osseo,MN","8028 Wedgewood Lane [Maple grove crossing], Osseo,MN 55369, (763) 416-0885"
-94.1630783,45.5570412,"Five Below-St Cloud,MN","20 2nd St South [Marketplace SC], St Cloud,MN 56387, (320) 253-0042"
-92.83879,45.03826,"Five Below-Stillwater,MN","1901 Market Dr, Stillwater,MN 55082, (651) 439-5835"
-90.5595356,38.5928766,"Five Below-Ballwin,MO","15341 Manchester Rd [Central Plaza], Ballwin,MO 63011, 636-527-0300"
-94.2491381,39.025199,"Five Below-Blue Springs,MO","1016 NE Coronado Drive [Adam's Dairy Landing], Blue Springs,MO 64014, (816) 229-2335"
-90.3427474,38.6263981,"Five Below-Brentwood,MO","83 Brentwood Promenade Court [Brentwood Promenade], Brentwood,MO 63144, 314-918-1596"
-89.5824371,37.3008558,"Five Below-Cape Girardeau,MO","157 Siemers Drive [Lambert Plaza], Cape Girardeau,MO 63701, 573-335-0042"
-90.5877478,38.6674916,"Five Below-Chesterfield,MO","54 THF Boulevard [Chesterfield Commons East], Chesterfield,MO 63005, 636-536-0728"
-90.4469875,38.5021616,"Five Below-Fenton,MO","193 Gravois Bluffs Plaza Drive [Gravois Bluffs], Fenton,MO 63026, 636-326-1542"
-90.3079317,38.8044586,"Five Below-Florissant,MO","2423 N Hwy 67 [Target Plaza], Florissant,MO 63033, 314-830-2685"
-94.5274887,38.8958206,"Five Below-Grandview,MO","12250 15th St [Truman's Marketplace], Grandview,MO 64030, (816) 765-0948"
-94.3564301,39.0484009,"Five Below-Independence,MO","19010 E 39th St [Independence Commons], Independence,MO 64057, (816) 795-1633"
-92.2240012,38.5797311,"Five Below-Jefferson City,MO","735 Stoneridge Pkwy [Stoneridge Village], Jefferson City,MO 65109, (573) 761-5122"
-94.6513261,39.2579866,"Five Below-Kansas City,MO","8960 NW Skyview Ave [Tiffany Springs Market Center], Kansas City,MO 64154, (816) 584-2633"
-94.4523717,39.2491497,"Five Below-Liberty,MO","245 S Stewart Rd, Liberty,MO 64068, (816) 414-3824"
-90.6999761,38.7782554,"Five Below-O'Fallon,MO","2259 State Hwy K, O'Fallon,MO 63368, (636) 281-0614"
-94.8123322,39.8143578,"Five Below-Saint Joseph,MO","5201 N Belt Hwy [ste 113], Saint Joseph,MO, (none listed)"
-90.4089826,38.553495,"Five Below-Saint Louis,MO","10800 Sunset Hills Plaza [Plaza at Sunset Hills], Saint Louis,MO 63127, 314-966-1091"
-90.9811096,38.5371399,"Five Below-Washington,MO","1905 Vernaci Drive [Phoenix Center], Washington,MO 63090, 636-390-3986"
-89.8987707,34.9624282,"Five Below-Olive Branch,MS","5135 Goodman Rd [Harbison Court SC Ste 120], Olive Branch,MS 38654, 662-893-0008"
-89.5192484,34.3664951,"Five Below-Oxford,MS","700 Merchants Dr, Oxford,MS 38655, (662) 234-4812"
-88.710022,34.2590752,"Five Below-Tupelo,MS","893 Kings Crossing Dr [ste 1], Tupelo,MS 38804, (662) 844-5881"
-78.8841856,35.7472131,"Five Below-Apex,NC","1463 Beaver Creek Commons Dr [Beaver Creek Crossing], Apex,NC 27502, 919-303-2954"
-79.5156555,36.0696754,"Five Below-Burlington,NC","1477 Boone Station Drive [Alamance West], Burlington,NC 27215, 336-584-9348"
-78.7402676,35.7610794,"Five Below-Cary,NC","233 Crossroads Blvd [Crossroads Plaza], Cary,NC 27518, 919-851-5674"
-80.984773,35.1047616,"Five Below-Charlotte,NC","12740 S Tryon St [Steele Creek Crossing], Charlotte,NC 28273, (704) 583-6386"
-80.8573412,35.3475451,"Five Below-Charlotte,NC","9733 Northlake Centre Pkwy [Northcrest SC], Charlotte,NC 28216, (704) 921-2772"
-80.7185885,35.3714564,"Five Below-Concord,NC","8111 Concord Mills Blvd [Concord Mills], Concord,NC 28027, 704-979-8706"
-78.9955764,35.9539423,"Five Below-Durham,NC","5432 New Hope Commons Drive [New Hope Commons], Durham,NC 27707, 919-403-3160"
-78.5819381,35.6945526,"Five Below-Garner,NC","155 Shenstone Blvd [White Oak Crossing], Garner,NC 27529, 919-779-3033"
-79.8860931,36.0569305,"Five Below-Greensboro,NC","4217 West Wendover Ave [Wendover Village], Greensboro,NC 27407, 336-299-6753"
-77.3829422,35.5788689,"Five Below-Greenville,NC","3040 Evan St [University Commons], Greenville,NC 27834, 252-353-0060"
-80.6994617,35.1267035,"Five Below-Matthews,NC","10530 Northeast Pkwy [Sycamore Commons], Matthews,NC 28105, (704) 841-8224"
-78.5691681,35.8646431,"Five Below-Raleigh,NC","5900 Poyner Anchor Lane [Poyner Place], Raleigh,NC 27616, 919-981-7371"
-80.4626389,35.7084084,"Five Below-Salisbury,NC","125 Tingle Dr [Rowan Summit], Salisbury,NC 28144, (704) 639-7940"
-77.9631882,35.7423897,"Five Below-Wilson,NC","3401 Raleigh Rd Pkwy West [Heritage Crossing SC], Wilson,NC 27896, 252-206-4963"
-80.3216524,36.0676599,"Five Below-Winston Salem,NC","1048 Hanes Mall Blvd [Winston Salem], Winston Salem,NC 27103, 336-774-8642"
-71.4442655,42.9638647,"Five Below-Manchester,NH","777 South Willow Street [South Willow Shopping Center], Manchester,NH 03103, 603-623-9321"
-71.4413036,42.707471,"Five Below-Nashua,NH","266 Daniel Webster Highway [Nashua], Nashua,NH 03060, 603-888-0207"
-70.7977411,43.0926537,"Five Below-Newington,NH","45 Gosling Road [Portsmouth], Newington,NH 03801, 603-431-4784"
-70.8710975,42.8952096,"Five Below-Seabrook,NH","700 Lafayette Rd Suite 209 [Seabrook Town Center], Seabrook,NH 03874, 603-474-0852"
-75.0506744,39.7620049,"Five Below-Blackwood,NJ","5851 Route 42 [Plaza 42], Blackwood,NJ 08012, 856-227-1946"
-74.1421024,40.0598712,"Five Below-Brick,NJ","666 Route 70 [Bricktown Plaza], Brick,NJ 08732, (732) 477-1225"
-75.0086094,39.9155845,"Five Below-Cherry Hill,NJ","1598 North King's Highway [Ellisburg Circle Shopping Center], Cherry Hill,NJ 08034, 856-428-4144"
-74.3048859,40.6317253,"Five Below-Clark,NJ","1255 Raritan Rd [Clark Commons], Clark,NJ 07066, 732-381-0612"
-74.1357498,40.8318558,"Five Below-Clifton,NJ","386 Rt #3 [Riverfront Center], Clifton,NJ 07014, 973-470-9920"
-74.9441794,40.0196388,"Five Below-Delran,NJ","1321 Fairview Blvd [Hartford Corners], Delran,NJ 08075, 856-461-2386"
-75.0902753,39.8375322,"Five Below-Deptford,NJ","2000 Clements Bridge Road [Deptford Landing], Deptford,NJ 08096, 856-686-6024"
-74.4126434,40.4818306,"Five Below-East Brunswick,NJ","607 Route 18 South [East Brunswick], East Brunswick,NJ 08816, 732-254-1325"
-74.3614507,40.8021632,"Five Below-East Hanover,NJ","384 Route 10 [Castle Ridge Plaza], East Hanover,NJ 07936, 973-560-1100"
-74.8528978,40.4991145,"Five Below-Flemington,NJ","100 Reaville Ave [Shoppes at Flemington], Flemington,NJ 08822, 908-806-4954"
-74.7238617,40.2303581,"Five Below-Hamilton Township,NJ","300 Hamilton Marketplace Blvd [Hamilton Marketplace], Hamilton Township,NJ 08691, (609) 585-2652"
-74.14505,40.4142036,"Five Below-Holmdel,NJ","2101 Route 35 [Holmdel Town Center], Holmdel,NJ 07733, 732-671-3282"
-74.2237408,40.1325484,"Five Below-Howell,NJ","4921 US Rt 9 [Lanes Mill Marketplace], Howell,NJ 07731, (732) 370-6581"
-74.15971,40.75883,"Five Below-Kearny,NJ","160 Passaic Ave [Kearny Plaza], Kearny,NJ 07032, (201) 991-3491"
-74.2868042,39.7099063,"Five Below-Manahawkin,NJ","231 Stafford Park Blvd, Manahawkin,NJ 08050, (609) 597-0035"
-74.2767841,39.7068838,"Five Below-Manahawkin,NJ","601 Washington Ave Unit N-1 [The Commons at Manahawkin Village], Manahawkin,NJ 08050, none listed"
-74.302474,40.35773,"Five Below-Manalapan,NJ","15 US Hwy 9 South [Manalapan], Manalapan,NJ 07726, 732-577-0326"
-74.921724,39.8680075,"Five Below-Marlton,NJ","748B Route 73 South [Willow Ridge], Marlton,NJ 08053, 856-983-0697"
-74.6268539,39.445858,"Five Below-Mays Landing,NJ","4215 Black Horse Pike [Hamilton Commons], Mays Landing,NJ 08330, 609-677-1740"
-75.0395816,39.4222424,"Five Below-Millville,NJ","2108 N 2nd Street [Union Lake Crossing], Millville,NJ 08332, 856-825-1333"
-74.9113338,39.9716084,"Five Below-Mt Laurel,NJ","64 Centerton Road [Centerton Square Shopping Center], Mt Laurel,NJ 08054, 856-234-1605"
-74.4574691,40.4604538,"Five Below-North Brunswick,NJ","781 Shoppes Boulevard [Shoppes at North Brunswick], North Brunswick,NJ 08902, 732-828-1764"
-74.0708361,40.9358713,"Five Below-Paramus,NJ","240 Rt 17 North [Paramus Town Square], Paramus,NJ 07652, 201-262-0893"
-75.1367969,40.674936,"Five Below-Phillipsburg,NJ","1211A New Brunswick Ave [Greenwhich Center], Phillipsburg,NJ 08865, 908-454-6712"
-74.6788718,40.3045023,"Five Below-Princeton,NJ","221 Nassau Park Blvd [Nassau Park Pavilion], Princeton,NJ 08540, 609-452-2060"
-74.1454239,41.0594406,"Five Below-Ramsey,NJ","106 Interstate Shopping Center [Interstate SC], Ramsey,NJ 07446, 201-934-1260"
-74.6336272,40.5743397,"Five Below-Raritan,NJ","300 US Highway 202 Space 6A [Somerville Circle Shopping Center], Raritan,NJ 08869, 908-707-0400"
-74.8748932,39.017971,"Five Below-Rio Grande,NJ","3201 Rt 9 South [Rio Grande Commons], Rio Grande,NJ 08242, 609-465-7405"
-74.5470405,40.9080633,"Five Below-Rockaway,NJ","395 Mt Hope Ave Ste 500 [Rockaway Town Plaza], Rockaway,NJ 07866, 973-366-2027"
-74.5945749,39.3331026,"Five Below-Somers Point,NJ","27 Bethel Rd [Ocean Heights SC], Somers Point,NJ 08244, 609-927-4729"
-74.4298303,40.5500161,"Five Below-South Plainfield,NJ","4920 Hadley Center Drive [Hadley Center II], South Plainfield,NJ 07080, 908-791-4516"
-74.3135071,40.6875,"Five Below-Springfield,NJ","295 Route 22 East [Springfield Shopping Center], Springfield,NJ 07081, 973-379-7800"
-74.1606445,39.9818764,"Five Below-Toms River,NJ","1 Route #37 West [Toms River Center], Toms River,NJ 08753, (732) 281-1110"
-75.06475,39.800662,"Five Below-Turnersville,NJ","3501 New Jersey 42 [Cross Keys Commons], Turnersville,NJ 08012, 856-262-6234"
-74.2697836,40.93899,"Five Below-Wayne,NJ","1640 Route 23 North [Waynechester Plaza], Wayne,NJ 07470, 973-305-6668"
-74.2512197,40.8886621,"Five Below-Wayne,NJ","76 Willowbrook Blvd, Wayne,NJ 07470, none listed"
-74.0314425,40.294185,"Five Below-West Long Branch,NJ","310 State Road 36 Unit 17 [Monmouth Consumer Square], West Long Branch,NJ 07764, 732-389-2589"
-74.2978703,40.5504204,"Five Below-Woodbridge,NJ","25 Woodbridge Center Drive [Crosspointe Town Square], Woodbridge,NJ 07095, 732-596-1616"
-73.8500923,42.6955479,"Five Below-Albany,NY","120 Washington Ave Ext [Crossgates Mall], Albany,NY 12203, 518-869-1292"
-76.54986,42.94947,"Five Below-Auburn,NY","217 Grant Ave, Auburn,NY 13021, (315) 253-4579"
-78.2059307,43.0135741,"Five Below-Batavia,NY","4212 Veterans Memorial Drive [Town Center at Batavia], Batavia,NY 14020, 585-344-5613"
-73.2372284,40.7399445,"Five Below-Bay Shore,NY","1851 Sunrise Hwy [Market at Bay Shore], Bay Shore,NY 11706, 631-665-0497"
-73.9048576,40.8766508,"Five Below-Bronx,NY","171 West 230th St [Broadway Plaza 2nd Floor], Bronx,NY 10463"
-73.8245503,40.8691017,"Five Below-Bronx,NY","2156 Bartow Ave [Bay Plaza Shopping Ctr], Bronx,NY 10475, 718-671-1694"
-73.9165497,40.6257477,"Five Below-Brooklyn,NY","2183 Ralph Ave, Brooklyn,NY 11234, (718) 241-5470"
-73.8696087,40.6516544,"Five Below-Brooklyn,NY","470 Gateway Drive [Gateway Center North], Brooklyn,NY 11239, 718-827-2507"
-76.2672501,43.0413399,"Five Below-Camillus,NY","3501-3577 West Genesee Street [Fairmount Fair], Camillus,NY 13031, 315-488-5607"
-76.1225684,43.1557956,"Five Below-Cicero,NY","7954 Brewerton Road [Widewaters Commons], Cicero,NY 13039, 315-699-7815"
-73.797004,41.0429491,"Five Below-Greenburgh,NY","389 Tarrytown Rd [Crossroads SC], Greenburgh,NY 10607, 914-287-6438"
-78.8251724,42.7401199,"Five Below-Hamburg,NY","3670 South McKinley Pkwy [Mckinley Plaza], Hamburg,NY 14219, (716) 822-2169"
-77.6251373,43.0890884,"Five Below-Henrietta,NY","720 Jefferson Road [Market Square], Henrietta,NY 14623, 585-424-5834"
-76.8591537,42.1598816,"Five Below-Horseheads,NY","1501-1506 County Route 64 [Southern Tier Crossing], Horseheads,NY 14845, 607-739-1940"
-73.7549667,42.2781525,"Five Below-Hudson,NY","424 Fairview Ave [Greenport Commons], Hudson,NY 12534, (518) 828-4268"
-76.5079757,42.4301038,"Five Below-Ithaca,NY","744 South Meadow St [South Meadow Square], Ithaca,NY 14860, (607) 277-0248"
-75.9658356,42.1216774,"Five Below-Johnson City,NY","420 Harry L Drive Suite D [Johnson City Center], Johnson City,NY 13790, 607-729-0614"
-73.9835751,41.9595089,"Five Below-Kingston,NY","920 Miron Lane [Dena Marie Plaza], Kingston,NY 12401, 845-336-5123"
-73.7664617,42.7518488,"Five Below-Latham,NY","579 Troy Schenectady Rd, Latham,NY 12110, (518) 783-6325"
-73.5048605,40.7256733,"Five Below-Levittown,NY","3565 Hempstead Turnpike [Nassau Mall], Levittown,NY 11756, 516-731-2962"
-73.9146859,40.7532994,"Five Below-Long Island City,NY","34-41 48th Street [Shops at Northern], Long Island City,NY 11101, 718-278-1940"
-73.870231,41.3119499,"Five Below-Mohegan Lake,NY","3123 E Main St [Mohegan Lake], Mohegan Lake,NY 10547, 914-528-0117"
-74.013878,41.0985164,"Five Below-Nanuet,NY","56 Rockland Plaza [Nanuet], Nanuet,NY 10954, 845-623-1942"
-75.3039354,43.0965771,"Five Below-New Hartford,NY","4801 Commercial Drive [Consumer Square], New Hartford,NY 13413, 315-736-1326"
-73.6961503,40.7418577,"Five Below-New Hyde Park,NY","697 Hillside Ave [Hillside Ave SC], New Hyde  Park,NY 11040, 516-326-2080"
-78.9719501,43.0940954,"Five Below-Niagara Falls,NY","1520 Military Road [La Salle Center], Niagara Falls,NY 14304, 716-297-0191"
-73.8197404,40.8928668,"Five Below-Pelham Manor,NY","846 Pelham Pkwy [Pelham Manor SC], Pelham Manor,NY 10803, 914-738-3492"
-72.7041626,40.9204445,"Five Below-Riverhead,NY","1785 Old Country Rd [Saber Riverhead SC], Riverhead,NY 11901, 631-369-2538"
-77.7065887,43.2087555,"Five Below-Rochester,NY","2833 Ridge Road West Unit 16A [Ridgemont Plaza], Rochester,NY 14626, 585-723-0165"
-73.7391434,43.1077576,"Five Below-Saratoga Springs,NY","3072 Route 50 [The Shoppes at Wilton], Saratoga Springs,NY 12866, 518-584-6375"
-74.1097565,40.5695152,"Five Below-Staten Island,NY","2530 Hylan Blvd [Hylan Commons], Staten Island,NY 10306, 718-987-2708"
-74.1683426,40.5750275,"Five Below-Staten Island,NY","2845 Richmond Avenue Suite 3 [Richmond Shopping Center], Staten Island,NY 10314, 718-698-1631"
-76.1713333,43.06847,"Five Below-Syracuse,NY","306 Hiawatha Blvd W [Destiny USA], Syracuse,NY 13204, 315-424-0583"
-76.0657043,43.0470734,"Five Below-Syracuse,NY","3409 Erie Boulevard East [Dewitt Commons], Syracuse,NY 13214, 315-445-4028"
-73.726791,40.663661,"Five Below-Valley Stream,NY","750 Sunrise Hwy, Valley Stream,NY 11580, (516) 599-2835"
-76.0090157,42.0949282,"Five Below-Vestal,NY","2505 Vestal Parkway East [Town Square Mall], Vestal,NY 13850, 607-797-2583"
-77.436486,43.0163663,"Five Below-Victor,NY","423 Commerce Drive [Victor Crossing], Victor,NY 14564, 585-924-8444"
-75.959525,43.9733027,"Five Below-Watertown,NY","21854 Towne Center Dr [Town Center at Watertown], Watertown,NY 13601, (315) 779-7426"
-77.453331,43.2135811,"Five Below-Webster,NY","913 Holt Rd [Webster Towne Center], Webster,NY 14580, 585-217-9546"
-73.3507964,40.6846335,"Five Below-West Babylon,NY","943 West Montauk Hwy [Great South Bay], West Babylon,NY 11704, 631-661-1201"
-73.9607417,41.0989828,"Five Below-West Nyack,NY","3771 Palisades Center Dr, West Nyack,NY 10994, (845) 358-0341"
-73.5529102,40.7559849,"Five Below-Westbury,NY","1260 Old County Rd [Westbury Plaza], Westbury,NY 11590, 516-222-2431"
-81.3893674,41.3521743,"Five Below-Aurora,OH","7145 Market Place [Marketplace at Four Corners], Aurora,OH 44202, 330-995-0017"
-82.01119,41.4619497,"Five Below-Avon,OH","35852 Detroit Road [Avon Commons], Avon,OH 44011, 440-937-0098"
-80.646008,41.0242595,"Five Below-Boardman,OH","411 Boardman Poland Rd [Boardman], Boardman,OH 44512, 330-758-3465"
-81.7344249,41.424024,"Five Below-Brooklyn,OH","4816 Ridge Road [Ridge Park Square], Brooklyn,OH 44144, 216-741-1452"
-82.9749527,39.3618698,"Five Below-Chillicothe,OH","1251 N Bridge St [Guernsey Crossings], Chillicothe,OH 45601, (740) 775-5515"
-84.2729645,39.096077,"Five Below-Cincinnati,OH","700 Eastgate S Dr [32 East SC], Cincinnati,OH 45245, (513) 752-3121"
-84.379826,39.197287,"Five Below-Cincinnati,OH","7800 Montgomery Rd, Cincinnati,OH 45236, (513) 791-0584"
-82.9827344,40.1411589,"Five Below-Columbus,OH","1355 Polaris Parkway [Polaris Towne Center], Columbus,OH 43240, 614-436-3328"
-83.0864158,40.0942451,"Five Below-Columbus,OH","3624 W Dublin Granville Rd, Columbus,OH 43235, 614-798-2173"
-82.9210322,40.0513854,"Five Below-Columbus,OH","3744 Easton Market [Easton Market], Columbus,OH 43219, 614-414-0135"
-81.4794388,41.1208305,"Five Below-Cuyahoga Falls,OH","375 Howe Ave [Cuyahoga Falls], Cuyahoga Falls,OH 44221, 330-922-4039"
-84.0507584,39.7643356,"Five Below-Dayton,OH","2500 N Fairfield Rd [Beavercreek Plaza], Dayton,OH 45431, 937-429-9126"
-84.2124481,39.6357613,"Five Below-Dayton,OH","8250 Kingsridge Road [South Town Center], Dayton,OH 45459, 937-439-2954"
-81.6393509,41.1379204,"Five Below-Fairlawn,OH","3879 Medina Road Suite 30 [West Market Plaza], Fairlawn,OH 44333, 330-665-3064"
-81.8498535,41.4584007,"Five Below-Fairview Park,OH","3040 Westgate Mall [Westgate], Fairview Park,OH 44126, 440-331-3624"
-84.5040968,39.3906753,"Five Below-Hamilton,OH","3347 Princeton Rd, Hamilton,OH 45011, (513) 737-1563"
-82.7112122,40.4130516,"Five Below-Hillard,OH","5432 Westpointe Plaza Drive [Westpointe Plaza], Hillard,OH 43026, 614-529-6929"
-84.1371062,39.8747009,"Five Below-Huber Heights,OH","8242 Old Troy Pike [North Heights Plaza], Huber Heights,OH 45424, 937-236-0196"
-84.154365,40.768386,"Five Below-Lima,OH","2720 Elida Road Suite 128A [Lima Center], Lima,OH 45805, 419-223-0013"
-81.518364,41.3122139,"Five Below-Macedonia,OH","8210 Macedonia Commons [Macedonia Commons], Macedonia,OH 44056, 330-467-7713"
-82.5959639,40.7881989,"Five Below-Mansfield,OH","2263 Walker Lake Road [Ontario Towne Center], Mansfield,OH 44903, 419-747-0000"
-81.4386557,41.520609,"Five Below-Mayfield Heights,OH","1471 SOM Center Road [Eastgate Shopping Center], Mayfield Heights,OH 44124, 440-684-2755"
-81.2972034,41.6820397,"Five Below-Mentor,OH","9559 Mentor Avenue [Creekside Commons], Mentor,OH 44060, 440-354-1433"
-81.4324893,40.8617391,"Five Below-North Canton,OH","5551 Dressler Rd NW [Belden Village], North Canton,OH 44720, 330-305-9418"
-81.9018631,41.4182205,"Five Below-North Olmsted,OH","25913 Greater Northern Shopping Center [Great Northern Plazas], North Olmsted,OH 44070, 440-716-8215"
-82.7857523,39.9290854,"Five Below-Pickerington,OH","10701 Blacklick Eastern Road Suite 100 [Pickerington Plaza], Pickerington,OH 43147, 614-751-8635"
-83.8334399,39.9475627,"Five Below-Springfield,OH","1680 N Bechtie Ave, Springfield,OH 45504, (937) 327-9383"
-81.4059906,41.1554756,"Five Below-Stow,OH","4332 Kent Road [Stow Community Center], Stow,OH 44224, 330-686-2091"
-81.8166212,41.3130797,"Five Below-Strongsville,OH","16650 Royalton Road [The Plaza at South Park], Strongsville,OH 44136, 440-238-0025"
-83.6842393,41.6141329,"Five Below-Toledo,OH","1430 SHolland Sylvania Rd [Springfield Commons], Toledo,OH 43528, 419-865-5608"
-83.654129,41.701561,"Five Below-Toledo,OH","5235 Monroe St [Franklin Place], Toledo,OH, 419-841-2851"
-80.7410507,41.2155609,"Five Below-Warren,OH","2102 Niles Cortland Rd [Howland Commons], Warren,OH 44484, 330-505-8271"
-81.497818,41.442379,"Five Below-Warrensville Heights,OH","4051 Richmond Road [Harvard Park Shopping Center], Warrensville Heights,OH 44122, 216-378-2875"
-81.9434,40.84891,"Five Below-Wooster,OH","3957 Burbank Rd, Wooster,OH 44691, (330) 345-0071"
-97.4603947,35.6501477,"Five Below-Edmond,OK","318 S Bryant Ave, Edmond,OK 73034, (405) 330-3437"
-97.7477592,35.478865,"Five Below-Oklahoma City,OK","12444 NW 10th St [bldg E], Oklahoma City,OK 73099, none listed"
-97.4891957,35.3173396,"Five Below-Oklahoma City,OK","2320 S Service Rd, Oklahoma City,OK 73160, (405) 790-0507"
-97.6281856,35.4619034,"Five Below-Oklahoma City,OK","6413 SW 3rd St [ste B], Oklahoma City,OK 73127, (405) 440-1086"
-75.5674896,40.5657806,"Five Below-Allentown,PA","833 N Krocks Rd [ste 106], Allentown,PA 18106, (610) 366-1682"
-75.4382993,40.6391432,"Five Below-Allentown,PA","928 Airport Center Dr [Allentown], Allentown,PA 18109, 610-231-2072"
-78.3685989,40.5128632,"Five Below-Altoona,PA","214 Fallon Lane [Logan Towne Center], Altoona,PA 16602, 814-944-2897"
-79.9457241,40.8785337,"Five Below-Butler,PA","730 Butler Crossing [Butler Crossing], Butler,PA 16001, 724-214-2413"
-76.953392,40.2319183,"Five Below-Camp Hill,PA","120 Trindle Rd [Camp Hill SC], Camp Hill,PA 17011, 717-737-2137"
-77.6323999,39.9418627,"Five Below-Chambersburg,PA","905 Norland Ave [Chambersburg Crossing], Chambersburg,PA 17201, 717-262-2335"
-75.4770083,40.1645927,"Five Below-Collegeville,PA","40 Town Center Drive Providence Town Center [Providence Town Center], Collegeville,PA 19426, 610-409-2712"
-80.1051788,40.6908607,"Five Below-Cranberry,PA","1000 Cranberry Square Drive [Cranberry Square], Cranberry,PA 16066, 724-742-1660"
-75.6365233,41.4674087,"Five Below-Dickson City,PA","3910 Commerce Boulevard [Kohl's Center], Dickson City,PA 18519, 570-383-0407"
-75.6784154,40.0183097,"Five Below-Downingtown,PA","1078 E Lancaster Ave [Brandywine Square], Downingtown,PA 19335, 610-873-0470"
-75.2847107,40.7118747,"Five Below-Easton,PA","3875 Dryland Way [Lower Nazareth Commons], Easton,PA 18045, 610-253-4931"
-80.1038484,42.0654548,"Five Below-Erie,PA","2088 Interchange Road Unit #230 [Millcreek Pavilion], Erie,PA 16565, 814-866-1032"
-74.8656356,40.1872822,"Five Below-Fairless Hills,PA","128 Commerce Blvd [The Court at Oxford Valley], Fairless Hills,PA 19030, 215-547-2485"
-74.9993773,40.1488039,"Five Below-Feasterville Trevose,PA","95 East Street Road [Bucks Crossings], Feasterville Trevose,PA 19053, 215-355-1545"
-79.946785,40.6197853,"Five Below-Gibsonia,PA","5375 William Flynn Hwy [Richland Mall], Gibsonia,PA 15044, 724-443-5854"
-75.5274104,39.8829205,"Five Below-Glen Mills,PA","200 Town Centre Drive [Concordville Town Center], Glen Mills,PA 19342, 610-459-9970"
-79.5815735,40.3059616,"Five Below-Greensburg,PA","Greengate Circle Drive Rt 30 [Greengate Centre], Greensburg,PA 15601, 724-837-5418"
-76.9982667,39.8287104,"Five Below-Hanover,PA","51 Wilson Avenue [Gateway Hanover], Hanover,PA 17331, 717-630-8499"
-76.8017674,40.3111486,"Five Below-Harrisburg,PA","5096B Jonestown Road [Colonial Commons Shopping Center], Harrisburg,PA 17112, 717-652-3268"
-78.8451561,40.2767734,"Five Below-Johnstown,PA","210 Town Centre Dr [Shops at Richland], Johnstown,PA 15904, 814-266-1675"
-76.3262218,40.0767745,"Five Below-Lancaster,PA","2068 Fruitville Pike [Hawthorne Centre], Lancaster,PA 17601, 717-581-1584"
-76.1977005,40.0224266,"Five Below-Lancaster,PA","35 South Willowdale Road [Rockvale Outlets], Lancaster,PA 17602, 717-393-2448"
-74.8204384,40.1440396,"Five Below-Levittown,PA","177 Levittown Pkwy [Levittown Town Ctr], Levittown,PA 19055, (215) 945-1861"
-80.128186,40.2704427,"Five Below-McMurray,PA","3959 Washington Road [Donaldson Crossroads], McMurray,PA 15317, 724-941-1384"
-80.3069992,40.6821022,"Five Below-Monaca,PA","115 Wagner Road [Township Marketplace], Monaca,PA 15061, 724-774-0912"
-79.7672499,40.4387534,"Five Below-Monroeville,PA","4088 William Penn Highway [Miracle Mile], Monroeville,PA 15146, 412-372-1429"
-76.8332009,41.2402812,"Five Below-Muncy,PA","360 S Lycoming Mall Road [Lycoming Crossings], Muncy,PA 17756, 570-546-7894"
-75.2405508,40.23683,"Five Below-North Wales,PA","23 Airport Square [Airport Square Shopping Center], North Wales,PA 19454, 215-855-0461"
-74.9592823,40.0871205,"Five Below-Philadelphia,PA","1161 Franklin Mills Circle [Philadelphia Mills], Philadelphia,PA 19154, 215-637-1171"
-75.1661255,39.9511747,"Five Below-Philadelphia,PA","1529 Chestnut St [Chestnut St], Philadelphia,PA 19102, (215) 575-1046"
-75.0635578,40.0498599,"Five Below-Philadelphia,PA","2133 Cottman Ave, Philadelphia,PA 19149, (215) 745-3563"
-75.0916367,39.9990692,"Five Below-Philadelphia,PA","2200 Wheatsheaf Lane Suite E6 [Aramingo Crossings], Philadelphia,PA 19137, 215-289-4301"
-75.1400739,39.9184296,"Five Below-Philadelphia,PA","2250 S Columbus Blvd Columbus Commons [Columbus Commons], Philadelphia,PA 19148, 215-463-1266"
-75.0991756,40.0282111,"Five Below-Philadelphia,PA","4640 E Roosevelt Blvd, Philadelphia,PA 19124, (215) 677-1095"
-75.1553176,39.9514154,"Five Below-Philadelphia,PA","901 Market Street [The Gallery at Market Street East], Philadelphia,PA 19107, 215-627-4303"
-75.0329089,40.0760268,"Five Below-Philadelphia,PA","9171 Roosevelt Blvd Ste B [Northeast Shopping Center], Philadelphia,PA 19114, 215-677-1085"
-80.1480954,40.4399892,"Five Below-Pittsburgh,PA","1010 Settlers Ridge Center Drive [Settlers Ridge], Pittsburgh,PA 15205, 412-787-3987"
-80.0076752,40.5248718,"Five Below-Pittsburgh,PA","4801 McKnight Road [North Hills Village], Pittsburgh,PA 15237, 412-364-2758"
-79.829071,40.5389099,"Five Below-Pittsburgh,PA","950/952 Freeport Rd [Waterworks], Pittsburgh,PA 15238, 412-781-2607"
-79.9456637,40.3315636,"Five Below-Pleasant Hills,PA","587 Clairton Blvd [Southland Four Seasons], Pleasant Hills,PA 15236, 412-653-3843"
-75.2918279,40.1022052,"Five Below-Plymouth Meeting,PA","2440 Chemical Road [Metroplex], Plymouth Meeting,PA 19462, 610-828-3792"
-75.3674246,40.4583429,"Five Below-Quakertown,PA","648 N West End Blvd [Quakertown], Quakertown,PA 18951, 215-536-7034"
-75.8591473,40.3055743,"Five Below-Reading,PA","4699 Perkiomen Ave [Exeter Commons], Reading,PA 19606, 610-779-6051"
-76.8342168,40.8409593,"Five Below-Selinsgrove,PA","330 Marketplace Blvd [Monroe Marketplace], Selinsgrove,PA 17870, 570-743-7004"
-75.3542778,39.9374096,"Five Below-Springfield,PA","400 South State Road [Marple Crossroads Shopping Center], Springfield,PA 19064, 610-328-7095"
-75.3400803,39.9142303,"Five Below-Springfield,PA","965 Baltimore Pike [Springfield Square], Springfield,PA 19064, 610-544-4295"
-77.9059182,40.8113471,"Five Below-State College,PA","339 Colonnade Blvd [Colonnade at State College], State College,PA 16803, 814-867-2615"
-75.653959,40.2652426,"Five Below-Stowe,PA","190 Upland Square Drive [Upland Square], Stowe,PA 19464, 610-326-3738"
-75.2355391,40.9892949,"Five Below-Stroudsburg,PA","361 Charles Way Suite 104 [Shoppes at Stroud], Stroudsburg,PA 18360, 570-424-0866"
-79.8026209,40.5681264,"Five Below-Tarentum,PA","1020 Village Center Drive [Pittsburgh Mills], Tarentum,PA 15084, 724-274-0764"
-79.9616698,39.8740055,"Five Below-Uniontown,PA","121 Matthews Drive [Widewaters Commons], Uniontown,PA 15401, 724-439-4031"
-75.1105194,40.2108154,"Five Below-Warminster,PA","978 West Street Road [Warminster Towne Center], Warminster,PA 18974, 215-672-1056"
-80.1728421,40.0756554,"Five Below-Washington,PA","80 Old Mill Blvd [The Old Mill], Washington,PA, 15301, (724) 228-1758"
-75.4323314,40.0727472,"Five Below-Wayne,PA","147 E Swedesford Road [Gateway Shopping Center], Wayne,PA 19087, 610-964-1925"
-75.3795013,40.0442429,"Five Below-Wayne,PA","309 Lancaster Ave, Wayne,PA 19087, (610) 687-3927"
-75.4862626,40.6333161,"Five Below-Whitehall,PA","1239 Whitehall Mall, Whitehall,PA 18052, (610) 266-0254"
-75.8406655,41.2412562,"Five Below-Wilkes Barre,PA","491 Arena Hub Plaza [Arena Hub Plaza], Wilkes Barre,PA 18702, 570-822-4460"
-75.1175588,40.1441094,"Five Below-Willow Grove,PA","114 Park Ave [Willow Grove Shopping Center], Willow Grove,PA 19090, 215-657-4003"
-75.2832288,40.0039606,"Five Below-Wynnewood,PA","266 E Lancaster Avenue [Wynnewood Square], Wynnewood,PA 19096, 610-642-3781"
-75.9729937,40.3383831,"Five Below-Wyomissing,PA","1665 State Hill Rd Berkshire Mall [Berkshire Mall], Wyomissing,PA 19610, 610-736-6948"
-76.7684832,39.9642465,"Five Below-York,PA","1245 Carlisle Road [Delco Plaza], York,PA 17404, 717-851-1061"
-76.6666988,39.9831661,"Five Below-York,PA","2825 Concord Road [York Town Center], York,PA 17402, 717-755-4008"
-71.4808019,41.9354005,"Five Below-Lincoln,RI","620 George Washington Highway [Lincoln Mall], Lincoln,RI 02865, 401-334-2849"
-71.3178281,41.5105936,"Five Below-Newport,RI","199 Connel Hwy [RK Plaza], Newport,RI 02840, 401-849-4510"
-71.500905,41.6878058,"Five Below-Warwick,RI","300 Quaker Lane [Cowesett Corners], Warwick,RI 02886, 401-821-1860"
-81.0100708,34.0273895,"Five Below-Columbia,SC","10136 Two Notch Rd [Sparkleberry Square], Columbia,SC 29204, (803) 462-2192"
-81.1597757,34.0721139,"Five Below-Columbia,SC","256 Harbison Blvd [Harbison Court SC], Columbia,SC 29212, (803) 749-3538"
-79.8546758,32.8129926,"Five Below-Mount Pleasant,SC","1483 N Hwy 17, Mount Pleasant,SC 29465, (843) 388-1928"
-86.8095788,35.9693375,"Five Below-Brentwood,TN","1620 Galleria Blvd Unit 12A [Cool Springs Pointe], Brentwood,TN 37027, 615-370-9638"
-87.2968228,36.5829029,"Five Below-Clarksville,TN","2710 Wilma Rudolph Rd [The Shoppes at Austin], Clarksville,TN 37040, 931-551-9414"
-86.6016388,36.32164,"Five Below-Hendersonville,TN","217 India Lake Blvd [Merchant Pointe], Hendersonville,TN 37075, (615) 826-1534"
-88.8577652,35.6852798,"Five Below-Jackson,TN","127 Stonebrook Place [ste 119 West Towne Commons], Jackson,TN 38305, (731) 660-6108"
-84.1503274,35.9024949,"Five Below-Knoxville,TN","11018 Parkside Drive [Pavillion of Turkey Creek], Knoxville,TN 37934, 865-671-5176"
-89.794976,35.198181,"Five Below-Memphis,TN","8055 Giacosa Place [Memphis Commons SC Ste 103], Memphis,TN 38133, (901) 266-1327"
-86.4291986,35.8457353,"Five Below-Murfreesboro,TN","2047 Old Fort Pkwy [Towne Center], Murfreesboro,TN 37129, 615-867-2107"
-86.8862604,36.1354608,"Five Below-Nashville,TN","6716 Charlotte Pike Suite 105 [Nashville West Shopping Center], Nashville,TN 37209, 615-353-7234"
-97.709861,30.30557,"Five Below-Austin,TX","1201 Barbara Jordan Blvd Unit 450 [Mueller SC], Austin,TX 78723, 512-480-2292"
-97.739372,30.383462,"Five Below-Austin,TX","9333 Research Blvd [Arboretum Crossings], Austin,TX 78759-7364, 512-342-1879"
-97.3550415,30.1123924,"Five Below-Bastrop,TX","761 Hwy 71 East, Bastrop,TX 78602, (512) 308-9807"
-97.5058005,25.9589077,"Five Below-Brownsville,TX","2760 Pablo Kisel Blvd [Sunrise Commons], Brownsville,TX 78526, (956) 542-2109"
-96.945941,32.5932969,"Five Below-Cedar Hill,TX","727 N Hwy 67 [Pleasant Run Towne Crossing], Cedar Hill,TX 75104, (972) 291-5062"
-97.803573,30.468408,"Five Below-Cedar Park,TX","11066 Pecan Park Blvd Suite B06B [Lakeline Plaza], Cedar Park,TX 78613, 512-258-1646"
-95.6454016,29.8811683,"Five Below-Copperfield,TX","7055 Highway 6 North Suite C [Copperfield Village Shopping Center], Copperfield,TX 77095, 281-463-0679"
-96.8658341,32.6510648,"Five Below-Dallas,TX","3450 Bainbridge Drive Suite 500 [Wheatland Towne Crossing], Dallas,TX 75237, 972-780-6182"
-96.8152048,32.9541618,"Five Below-Dallas,TX","5301 Belt Line Road Suite 105 [Prestonwood Town Center], Dallas,TX 75244, 972-851-7964"
-97.1673647,33.22997,"Five Below-Denton,TX","2640 W University Dr Ste 1260 [Rayzor Ranch Marketplace], Denton,TX 76201, 940-387-8746"
-96.9475098,32.9056816,"Five Below-Euless,TX","2901 Rio Grande Blvd [Glades Park], Euless,TX 76039, 817-571-4924"
-97.0802426,33.0650832,"Five Below-Flower Mound,TX","5801 Long Prairie Road Ste 100 [Robertson's Creek], Flower Mound,TX 75028, 972-539-5037"
-97.3986597,32.6839359,"Five Below-Fort Worth,TX","4820 SW Loop 820 [Overton Park Plaza], Fort Worth,TX 76109, 817-570-9072"
-97.4307731,32.8116218,"Five Below-Fort Worth,TX","6598 Lake Worth Blvd [Lake Worth Towne Crossing], Fort Worth,TX 76135, (817) 238-1895"
-97.3152383,32.9061234,"Five Below-Fort Worth ,TX","9348 Sage Meadow Trail [Alliance Town Center], Fort Worth ,TX 76177, 817-741-4116"
-96.8058794,33.1078658,"Five Below-Frisco,TX","3333 Preston Road Suite 650 [The Centre at Preston Ridge], Frisco,TX 75034, 214-618-2381"
-97.0619184,32.6450901,"Five Below-Grand Prairie,TX","5240 South State Hwy 360 Suite 100 [Lake Prairie Towne], Grand Prairie,TX 75052, 972-352-4168"
-97.0370201,32.9681052,"Five Below-Grapevine,TX","3000 Grapevine Mills Pkwy [Grapevine Mills], Grapevine,TX 76051, (972) 874-2548"
-97.668067,31.07154,"Five Below-Harker Heights,TX","201 E Central Texas Expressway Suite 2130 [Market Heights Shopping Center], Harker Heights,TX 76548, 254-680-3852"
-97.735523,26.186481,"Five Below-Harlingen,TX","2827 West Expressway 83 [harlingen corners sc], Harlingen,TX 78552, (956) 412-0755"
-95.2379841,29.6276808,"Five Below-Houston,TX","10007 Almeda Genoa [Almeda Crossing], Houston,TX 77075, (713) 943-1905"
-95.5708683,29.7366348,"Five Below-Houston,TX","11043 Westheimer Rd #300 [Westchase SC], Houston,TX 77042, (713) 266-2225"
-95.5138513,29.8540901,"Five Below-Houston,TX","13762 Northwest Freeway [Northwest Marketplace], Houston,TX 77040, 713-895-9326"
-95.542854,29.954008,"Five Below-Houston,TX","17355 Tomball Pkwy Suite 1A [Willowbrook Plaza], Houston,TX 77064, 281-970-0312"
-95.6458282,29.7379894,"Five Below-Houston,TX","2306 Hwy 6 South [Village at West Oaks], Houston,TX 77077, (281) 531-0347"
-95.3816526,29.8304638,"Five Below-Houston,TX","4444 North Freeway [Northline Commons], Houston,TX, (713) 691-7925"
-95.1640523,29.8115053,"Five Below-Houston,TX","6025 East Sam Houston Pkwy North [New Forest Crossing II], Houston,TX 77049, (281) 459-4260"
-95.5331473,29.6893618,"Five Below-Houston,TX","8020 S Gessner Rd, Houston,TX 77036, (713) 772-1873"
-95.4126818,29.6903471,"Five Below-Houston,TX","8232 Kirby Dr, Houston,TX 77054, (713) 660-0543"
-95.524543,29.782268,"Five Below-Houston,TX","9403-A Katy Freeway [Hedwig Village], Houston,TX 77024, 713-827-4719"
-95.2621553,29.9988312,"Five Below-Humble,TX","19659 US Hwy 59 [Humblewood SC], Humble,TX 77338, (281) 540-7014"
-97.2014724,32.8267897,"Five Below-Hurst,TX","864 North East Mall Blvd [The Shops at Northeast], Hurst,TX 76053, 817-590-9356"
-97.0030526,32.8374247,"Five Below-Irving,TX","3913 W Airport Freeway [Irving Market Ctr], Irving,TX 75062, (972) 255-9291"
-95.7388687,29.7318401,"Five Below-Katy,TX","445 S Fry Road [Greentree Shopping Center], Katy,TX, 281-829-9503"
-99.5043366,27.5498693,"Five Below-Laredo,TX","5410 San Berardo Ave [ste 66], Laredo,TX 78040, (956) 795-1759"
-97.1486101,32.5973146,"Five Below-Mansfield,TX","2041 North Highway 287 Suite 111 [Mansfield Town Center], Mansfield,TX 76063, 817-473-2154"
-96.6271142,32.794406,"Five Below-Mesquite,TX","19161 LBJ Freeway [Marketplace at Town Center], Mesquite,TX, 972-279-1776"
-98.2832716,26.1957675,"Five Below-Mission,TX","2515 E Expressway 83 [Sharyland Town Crossing], Mission,TX 78572, (956) 686-7017"
-95.5680346,29.56968,"Five Below-Missouri City,TX","5754 Highway 6 [Riverstone Shopping Center], Missouri City,TX 77459, 281-261-3081"
-98.0705302,29.7270794,"Five Below-New Braunfels,TX","251 Creekside Crossing [New Braunfels Center at Creekside], New Braunfels,TX 78130, 830-620-5315"
-95.1521426,29.6500893,"Five Below-Pasadena,TX","5786 Fairmont Pkwy [Fairway Plaza SC], Pasadena,TX 77505, (281) 991-1649"
-95.2646179,29.575491,"Five Below-Pearland,TX","2650 Pearland Parkway [Center at Pearland Parkway], Pearland,TX 77581, 281-997-7739"
-97.5950383,30.4718155,"Five Below-Pflugerville,TX","19000 Limestone Commercial Dr Suite 120 [Stone Hill Town Center], Pflugerville,TX 78660, 512-989-9549"
-98.2199447,26.1050552,"Five Below-Pharr,TX","500 N Jackson Rd [Pharr Town Center], Pharr,TX 78577, (none listed)"
-95.7740021,29.6949224,"Five Below-Richmond,TX","5450 West Grand Parkway South [Bella Terra Shopping Center], Richmond,TX 77406, 281-239-3278"
-96.4510091,32.9074256,"Five Below-Rockwall,TX","1047 E Interstate 30 [Rockwall Crossing], Rockwall,TX 75087, 972-722-4012"
-97.6875,30.5566406,"Five Below-Round Rock,TX","201 University Oaks Blvd [University Oaks SC], Round Rock,TX 78665, none listed"
-98.4959869,29.5209195,"Five Below-San Antonio,TX","125 NW Loop 410 [Plaza Del Norte], San Antonio,TX, none listed"
-98.5992278,29.61305,"Five Below-San Antonio,TX","5815 Worth Parkway [The Rim], San Antonio,TX 78257, 210-558-2095"
-98.6512761,29.4365191,"Five Below-San Antonio,TX","8331 State Hwy 151 [Westover Shopping Center], San Antonio,TX 78245, 210-521-2769"
-96.6068212,33.680195,"Five Below-Sherman,TX","4121 North US Hwy 75, Sherman,TX 75090, 903-421-0173"
-95.5218644,30.0853046,"Five Below-Spring,TX","6600 Spring Stuebner Rd [ste 156], Spring,TX 77389, (832) 717-0218"
-95.5867054,29.6373971,"Five Below-Stafford,TX","12692 Fountain Lake Circle [Fountains on the Lake], Stafford,TX 77477, 281-240-0636"
-95.6349892,29.5914951,"Five Below-Sugar Land,TX","16750A Southwest Fwy [Colony Square], Sugar Land,TX, 281-565-8059"
-97.816986,30.231801,"Five Below-Sunset Valley,TX","5207 Brodie Lane Suite 190 [Sunset Valley Homestead], Sunset Valley,TX 78745-2576, 512-899-2719"
-96.8868251,33.0660226,"Five Below-The Colony,TX","4750 State Hwy 121 [Lewisville Towne Crossing], The Colony,TX 75056, 214-469-1801"
-95.6411999,30.0893285,"Five Below-Tomball,TX","14375 FM 2920 Suite 120 [Tomball Marketplace], Tomball,TX 77375, 281-516-4781"
-95.3084544,32.249015,"Five Below-Tyler,TX","8942 S Broadway Ave [Village at Cumberland Park], Tyler,TX 75703, 903-939-0807"
-97.1487737,31.4983848,"Five Below-Waco,TX","4633 Jack Kultgen Freeway [Central Texas Market Place], Waco,TX, 254-662-9667"
-97.2603955,32.8840259,"Five Below-Watauga,TX","7620 Denton Hwy, Watauga,TX 76148, 817-514-1917"
-96.8381812,32.4311216,"Five Below-Waxahachie,TX","1700 N Hwy 77 [Waxahachie Marketplace ste 140], Waxahachie,TX 75165, (972) 937-2706"
-97.791019,32.732094,"Five Below-Weatherford,TX","325 Adams Dr [Weatherford Ridge], Weatherford,TX 76086, 817-594-7384"
-95.1625366,29.5268002,"Five Below-Webster,TX","1209 W Bay Area Blvd [Baybrook Square], Webster,TX 77598, 281-316-5947"
-96.592399,33.009277,"Five Below-Wylie,TX","3420 West FM 544 Suite 700 [Woodbridge Crossing], Wylie,TX 75098, 972-442-1181"
-77.1413968,38.8177342,"Five Below-Alexandria,VA","6198 Little River Tpke [Plaza at Landmark], Alexandria,VA 22312, (703) 256-1293"
-77.083559,38.7491749,"Five Below-Alexandria,VA","7696 D Richmond Hwy [Mt. Vernon Plaza], Alexandria,VA 22306, 703-768-2101"
-77.3839035,38.8756943,"Five Below-Chantilly,VA","13063 Lee Jackson Hwy [Greenbriar Towne Center], Chantilly,VA 22033, 703-378-2148"
-78.4730029,38.0869811,"Five Below-Charlottesville,VA","1790 Rio Hill Center [Rio Hill SC], Charlottesville,VA 22901, 434-975-0172"
-76.2036133,36.7701797,"Five Below-Chesapeake,VA","1501 Sentinel Dr [ste 400], Chesapeake,VA 23320, (757) 494-8713"
-77.6784106,37.4019992,"Five Below-Chesterfield,VA","14623 Hancock Village Street [Hancock Village], Chesterfield,VA 23832, 804-739-8547"
-80.4241645,37.1664175,"Five Below-Christiansburg,VA","165 Shoppers Way [New River Valley], Christiansburg,VA 24073, (540) 382-3958"
-77.3955314,37.2531728,"Five Below-Colonial Heights,VA","328 Southpark Circle [Southpark Mall], Colonial Heights,VA 23834, 804-526-1949"
-77.4480972,38.9516983,"Five Below-Dulles,VA","24630 Dulles Landing Dr [Dulles Landing], Dulles,VA 20166, (571) 349-3854"
-77.2850494,38.8428307,"Five Below-Fairfax,VA","9650-48 Main St [Fair City Mall], Fairfax,VA 22031, 703-323-6294"
-77.5084189,38.3011448,"Five Below-Fredericksburg,VA","1386 Carl D Silver Pkwy [Central Park Plaza], Fredericksburg,VA 22401, 640-785-2827"
-77.3544693,38.0894012,"Five Below-Fredericksburg,VA","9771 Jeff Davis Highway [Massaponax  Cosner Corners], Fredericksburg,VA 22408, 540-834-5595"
-77.6052795,38.7917959,"Five Below-Gainesville,VA","5055 Wellington Rd [Gainesville], Gainesville,VA 20155, 571-261-2757"
-77.6053814,37.6500499,"Five Below-Glen Allen,VA","11331 West Broad Street Suite 141 [Short Pump Station], Glen Allen,VA 23060, 804-360-9411"
-77.4602356,37.6698227,"Five Below-Glen Allen,VA","9921 Brook Road [Virginia Center], Glen Allen,VA 23059, 804-266-4943"
-77.5291671,39.1057324,"Five Below-Leesburg,VA","530-B Fort Evans Rd [Ft Evans Plaza], Leesburg,VA 20176, 571-258-1540"
-79.1954995,37.3415376,"Five Below-Lynchburg,VA","475-A Simons Run [Wards Crossing West], Lynchburg,VA 24502, 434-237-2560"
-76.4896545,37.1026077,"Five Below-Newport News,VA","12080 Jefferson Ave [Marketplace at Tech Ctr], Newport News,VA 23606, (757) 249-2569"
-77.6058628,37.5059275,"Five Below-Richmond,VA","11350 Midlothian Turnpike [Chesterfield Town Center Plaza], Richmond,VA 23235, 804-794-0094"
-77.3649521,37.5365601,"Five Below-Richmond,VA","4501 South Laburnum Ave [White Oak Village, Richmond], Richmond,VA 23231, 804-226-1733"
-79.963491,37.3185369,"Five Below-Roanoke,VA","1397 Towne Square Blvd [Towne Square], Roanoke,VA 24012, 540-362-1615"
-77.4052811,38.4217186,"Five Below-Stafford,VA","1130 Stafford Marketplace [Stafford], Stafford,VA 22556, 540-720-1568"
-77.3983953,39.0269257,"Five Below-Sterling,VA","46301 Potomac Run Plaza [Ste 155] [Potomac Run Plaza], Sterling,VA 20164, 703-421-9430"
-76.4217225,36.8709386,"Five Below-Suffolk,VA","1011 University Blvd [Hampton Road Crossing], Suffolk,VA 23435, (757) 484-0309"
-76.0239328,36.8501991,"Five Below-Virginia Beach,VA","1725 Laskin Road [Hilltop Plaza], Virginia Beach,VA 23454, 757-428-1708"
-76.086022,36.7722481,"Five Below-Virginia Beach,VA","3300 Princess Anne Road Suite 723 [Landstown Commons], Virginia Beach,VA 23453, 757-368-4220"
-76.129913,36.842609,"Five Below-Virginia Beach,VA","4485 Virginia Beach Blvd Suite B1 [Columbus Village], Virginia Beach,VA 23462, 757-552-7069"
-76.751205,37.277488,"Five Below-Williamsburg,VA","5225 Settlers Market Blvd Suitre 130 [Settlers Market], Williamsburg,VA 23188, 757-229-1469"
-78.1738655,39.1567399,"Five Below-Winchester,VA","2420 S Pleasant Valley Rd [Winchester Station], Winchester,VA 22601, 540-667-5264"
-77.2994493,38.6452393,"Five Below-Woodbridge,VA","2700 Potomac Mills Circle [Potomac Mills Mall], Woodbridge,VA 22192, (703) 492-7930"
-80.6136169,38.6424141,"Five Below-Martinsville,WV","296 Retail Commons Pkwy [The Commons at Martinsburg], Martinsville,WV 25403, 304-262-3694"
-80.1816025,39.5559998,"Five Below-Morgantown,WV","1070 Giant St [University Towne Ctr], Morgantown,WV 26501, (304) 598-8480"
