-118.291714,34.022615,CAMPUS PLAZA,"3621 S Vermont Ave, Los Angeles, CA 90007,(323) 732-5145"
-118.28712,34.097794,SUPERCUTS,"4470 W Sunset Blvd, Los Angeles, CA 90027,(323) 662-8135"
-118.1423444,34.0401704,ATLANTIC SQUARE,"2082 S Atlantic Blvd, Monterey Park, CA 91754,(323) 887-0888"
-118.3445364,34.0905707,WEST HOLLYWOOD GATEWAY,"7100 Santa Monica Blvd, Los Angeles, CA 90046,(323) 463-8023"
-118.3662195,34.0762108,OGDEN PLAZA SHOPPING CENTER,"8101 Beverly Blvd, Los Angeles, CA 90048,(323) 653-0192"
-118.1137596,34.0790455,THE MARKETPLACE CENTER,"904 E Valley Blvd, Alhambra, CA 91801,(626) 281-0324"
-118.3788373,34.0883634,RAMADA WEST HOLLYWOOD,"8589 Santa Monica Blvd, West Hollywood, CA 90069,(310) 659-4466"
-118.3428516,34.1592825,BURBANK TOWNE CENTER,"531 N Hollywood Way, Burbank, CA 91505,(818) 842-3483"
-118.1005147,33.9849705,PICO RIVERA TOWNE CENTER,"8720 E Washington Blvd, Pico Rivera, CA 90660,(562) 801-5705"
-118.4084249,34.0177441,WESTSIDE WALK,"10780 Venice Blvd, Culver City, CA 90034,(310) 559-6174"
-118.1284261,33.9374953,PATTON SHOPPING CENTER,"8562 Firestone Blvd, Downey, CA 90241,(562) 904-6100"
-118.4348671,34.037232,PICO/SEPULVEDA SHOPPING CENTER,"11075 W Pico Blvd, Los Angeles, CA 90064,(310) 231-0204"
-118.352106,33.9174239,HAWTHORNE PLAZA,"12620 Hawthorne Blvd, Hawthorne, CA 90250,(310) 978-8882"
-118.0723592,34.1502482,HASTINGS RANCH SHOPPING CENTER,"3735 E Foothill Blvd, Pasadena, CA 91107,(626) 351-8852"
-118.4390279,33.9861351,VILLA MARINA CENTER,"4371 Glencoe Ave, Marina del Rey, CA 90292,(310) 827-0138"
-118.3964868,34.1729402,NORTH HOLLYWOOD SHOPPING CTR,"5622 Laurel Canyon Blvd, San Fernando Valley, CA 91607,(818) 763-8866"
-118.0375405,33.977139,VILLAGE COURT,"7201 Greenleaf Ave, Whittier, CA 90602,(562) 698-9502"
-118.395928,33.8968853,MANHATTAN VILLAGE,"2920 N Sepulveda Blvd, Manhattan Beach, CA 90266,(310) 546-1233"
-118.1254499,33.8741121,BELLFLOWER BLVD SHOPPING CTR,"17421 Bellflower Blvd, Bellflower, CA 90706,(562) 804-1411"
-118.140483,33.85051,LAKEWOOD CENTER MALL,"70 Lakewood Center Mall, Lakewood, CA 90712,(562) 529-7699"
-122.43415,37.7909556,FILLMORE SHOPPING CENTER,"2306 Fillmore St, San Francisco, CA 94115,(415) 474-9652"
-122.3925419,37.7772193,RICH SORO COMMONS,"223 King St, San Francisco, CA 94107,(415) 495-7404"
-122.432634,37.7513063,NOE VALLEY SHOPPING CENTER,"4031 24th St, San Francisco, CA 94114,(415) 282-5929"
-122.4509522,37.781843,GEARY SHOPPING CENTER,"2947 Geary Blvd, San Francisco, CA 94118,(415) 752-0656"
-122.4888332,37.7340247,LAKESHORE PLAZA,"1527 Sloat Blvd, San Francisco, CA 94132,(415) 753-2211"
-122.483028,37.698987,WESTLAKE VILLAGE,"Westlake Center, Daly City, CA 94015,(650) 992-3747"
-122.4642332,37.6977198,MISSION PLAZA,"6899 Mission St, Daly City, CA 94014,(650) 756-3584"
-122.271717,37.783148,MARINA VILLAGE,"951 Marina Village Pkwy, Alameda, CA 94501,(510) 522-8118"
-122.4790039,37.6572882,FAIRMONT SHOPPING CENTER,"Hickey Blvd, Pacifica, CA 94044,(650) 557-1427"
-122.5181159,37.9280974,CORTE MADERA TOWN CENTER,"141 Corte Madera Town Center, Corte Madera, CA 94925,(415) 924-1166"
-122.5167508,37.970528,MONTECITO CENTER,"323 3rd St, San Rafael, CA 94901,(415) 457-8232"
-122.128751,37.701179,FASHION FAIRE PLAZA,"15100 Hesperian Blvd #212, San Leandro, CA 94578,(510) 278-4672"
-122.2856768,37.9942325,PINOLE VALLEY,"2792 Pinole Valley Rd, Pinole, CA 94564,(510) 758-4823"
-122.5418185,38.0049582,TERRA LINDA PLAZA,"470 Las Gallinas Ave, San Rafael, CA 94903,(415) 472-2226"
-122.274334,37.5187669,SAFEWAY SHOPPING CENTER,"1250 El Camino Real, Belmont, CA 94002,(650) 592-2887"
-122.033564,37.852614,ALAMO PLAZA,"3000 Danville Blvd, Alamo, CA 94507,(925) 855-8714"
-122.231844,37.484338,SEQUOIA STATION,"1057 El Camino Real, Redwood City, CA 94063,(650) 369-8992"
-122.0620486,37.9461105,PLEASANT HILL PLAZA,"55 Crescent Dr, Pleasant Hill, CA 94523,(925) 609-6477"
-122.1087166,37.9955067,VILLAGE OAKS SHOPPING CENTER,"1155 Arnold Dr, Martinez, CA 94553,(925) 228-2721"
-122.5562799,38.090935,VINTAGE OAKS SHOPPING CENTER,"208 Vintage Way, Novato, CA 94945,(415) 897-2336"
-121.9972852,37.8191426,IRON HORSE PLAZA,"441 Railroad Ave, Danville, CA 94526,(925) 362-4807"
-122.5723114,38.1038201,NOVATO FAIR SHOPPING CENTER,"922 Diablo Ave, Novato, CA 94947,(415) 898-2136"
-122.014667,37.9273627,ENCINA GRANDE,"2895 Ygnacio Valley Rd, Walnut Creek, CA 94598,(925) 937-3850"
-122.1667547,38.0668929,SOUTHAMPTON SHOPPING CENTER,"868 Southampton Rd, Benicia, CA 94510,(707) 747-0659"
-121.9663691,37.7805802,CROW CANYON COMMONS,"3191 Crow Canyon Rd, San Ramon, CA 94583,(925) 866-2873"
-121.9602282,37.7615019,SHOPS AT BISHOP RANCH,"150 Sunset Dr, San Ramon, CA 94583,(925) 355-1378"
-122.1799005,37.4519235,VICTORIA LANE CENTER,"803 El Camino Real, Menlo Park, CA 94025,(650) 326-8075"
-121.993808,37.963932,TREAT PLAZA SHOPPING CENTER,"4475 Treat Blvd, Concord, CA 94521,(925) 671-2525"
-122.2237128,38.1325586,VALLEJO CORNERS SHOPPING CTR,"962 Admiral Callaghan Ln, Vallejo, CA 94591,(707) 644-6618"
-121.9218585,37.7987863,BLACKHAWK SHOPPING CENTER,"11000 Crow Canyon Rd, Danville, CA 94506,(925) 648-7750"
-121.927098,37.7058419,SHAMROCK PLAZA,"6851 Amador Plaza Rd #103, Dublin, CA 94568,(925) 803-5920"
-121.9871511,37.5499554,FREMONT PLAZA,"3760 Mowry Ave, Fremont, CA 94538,(510) 796-3016"
-122.0965518,37.422024,CHARLESTON PLAZA,"2420 Charleston Rd, Mountain View, CA 94043,(650) 625-0846"
-118.1850755,33.8338737,BIXBY CENTER,"4251 Atlantic Ave, Long Beach, CA 90807,(562) 427-9333"
-118.072513,33.87486,CERRITOS CENTER,"17226 Norwalk Blvd, Cerritos, CA 90703,(562) 402-1444"
-118.3114947,33.8312921,TORRANCE CENTER,"1790 W Carson St, Torrance, CA 90501,(310) 781-3074"
-118.1644696,33.8313229,LONG BEACH TOWN SQUARE,"2288 E Carson St, Long Beach, CA 90807,(562) 424-4457"
-118.0894745,33.8584926,SOUTH STREET CERRITOS,"11465 South St, Cerritos, CA 90703,(562) 809-4442"
-117.9836725,34.1394913,MOUNTAIN VISTA PLAZA,"1010 E Huntington Dr, Duarte, CA 91010,(626) 358-8112"
-118.1164746,33.8343847,CARWOOD SHOPS,"4208 Woodruff Ave, Lakewood, CA 90713,(562) 425-8806"
-118.328871,33.8215069,CRENSHAW ESEPULVEDA,"22501 Crenshaw Blvd #300, Torrance, CA 90505,(310) 517-0299"
-122.6231208,45.4972151,POWELL SQUARE,"3848 SE Powell Blvd, Portland, OR 97202,(503) 233-0184"
-122.7029942,45.4955839,RALEIGH WEST SHOPPING CENTER,"6525 SW Beaverton Ave, Portland, OR 97239,(503) 291-5225"
-122.564193,45.5141679,MALL 205,"1010 SE 96th Ave, Portland, OR 97216,(503) 256-6227"
-122.723742,45.453036,CAPITOL CORNER,"10075 SW Barbur Blvd, Portland, OR 97219,(503) 293-9467"
-122.6299105,45.443682,OAK STREET SQUARE,"10983 SE Oak St, Milwaukie, OR 97222,(503) 659-2444"
-122.578678,45.453962,JOHNSON CREEK CROSSING,"9610 SE 82nd Ave, Happy Valley, OR 97086,(503) 777-2255"
-122.558327,45.572551,CASCADE STATION,"9920 NE Cascades Pkwy, Portland, OR 97220,(503) 288-3545"
-122.7299495,45.4870571,BEAVERTON TOWN SQUARE,"SW Beaverton-Hillsdale Hwy, OR,(503) 644-6662"
-122.779663,45.451506,WASHINGTON CIRCLE,"9009 SW Hall Blvd #150, Tigard, OR 97223,(503) 639-3702"
-122.509596,45.519571,ONE STOP PLAZA,"14919 SE Stark St #109, Portland, OR 97233,(503) 256-0560"
-122.535847,45.618079,COLUMBIA SQUARE,"13215 SE Mill Plain Blvd, Vancouver, WA 98683,(360) 944-4415"
-122.613305,45.392653,JENNINGS PLAZA,"18030 SE McLoughlin Blvd, Milwaukie, OR 97267,(503) 659-3681"
-122.8675014,45.5109022,SUNSET SQUARE SHOPPING CENTER,"1249 SW 185th Ave, Aloha, OR 97006,(503) 690-2116"
-122.8296343,45.4373271,MURRAY SCHOLLS TOWN CENTER,"14845 SW Murray Scholls Dr, Beaverton, OR 97007,(503) 579-3378"
-122.589907,45.655497,VANCOUVER PARK PLACE,"8101 NE Parkway Dr, Vancouver, WA 98662,(360) 892-9000"
-122.793114,45.4079035,TIGARD PROMENADE,"15532 SW Pacific Hwy, Tigard, OR 97224,(503) 639-5034"
-122.74793,45.3827401,TULATIN CONVENIENCE CENTER,"7013 SW Nyberg St, Tualatin, OR 97062,(503) 692-1438"
-122.6690805,45.687245,HAZEL DELL TOWN CENTER,"8901 NE Hazel Dell Ave #105, Vancouver, WA 98665,(360) 573-6124"
-122.4359971,45.5032346,GRESHAM TOWN FAIR,"800 NW Eastman Pkwy, Gresham, OR 97030,(503) 665-6450"
-122.601255,45.685478,CENTERPOINTE RETAIL CENTER,"8720 NE Centerpointe Dr #107, Vancouver, WA 98665,(360) 885-0200"
-122.551601,45.67879,ORCHARDS GREEN,"11717 NE 78th Way #103, Vancouver, WA 98682,(360) 260-6887"
-122.663589,45.721728,SALMON CREEK,"800 NE Tenney Rd #205, Vancouver, WA 98685,(360) 573-1104"
-122.4001466,45.5190669,THE COMMONS,"25667 SE Stark St, Troutdale, OR 97030,(503) 667-5824"
-122.8429623,45.3697615,SHERWOOD MARKET PLAZA,"16006 SW Tualatin Sherwood Rd, Sherwood, OR 97140,(503) 625-9599"
-122.7640837,45.3348555,ARGYLE SQUARE,"SW Gwen Dr, Wilsonville, OR 97070,(503) 582-9626"
-122.5716145,45.3308972,BERRY HILL SHOPPING CENTER,"19025 S Beavercreek Rd, Oregon City, OR 97045,(503) 723-7285"
-122.3360275,45.5782293,EVERGREEN MARKETPLACE,"3307 Evergreen Way #30, Washougal, WA 98671,(360) 335-9245"
-122.6778865,45.2678154,CANBY MARKET CENTER,"1477 SE 1st Ave #111, Canby, OR 97013,(503) 651-2840"
-123.0490773,45.5201016,CORNELIUS RETAIL CENTER,"1884 Baseline St, Cornelius, OR 97113,(503) 359-5643"
-122.548748,45.781418,BATTLE GROUND SQUARE,"11 NW 12th Ave #102, Battle Ground, WA 98604,(360) 687-3100"
-122.830223,45.150312,WOODBURN RETAIL CENTER,"1530 N Pacific Hwy #160, Woodburn, OR 97071,(503) 982-5175"
-123.000549,45.006402,KEIZER STATION VILLAGE CENTER,"2555 Jorie Ln NE #102, Keizer, OR 97303,(503) 390-3004"
-122.9831668,44.941296,LANCASTER MALL,"831 Lancaster Dr NE #300, Salem, OR 97301,(503) 363-8506"
-122.3854698,47.5602137,JEFFERSON SQUARE,"4736 42nd Ave SW, Seattle, WA 98116,(206) 932-0400"
-122.3213476,47.7084843,NORTHGATE PLACE,"543 NE Northgate Way, Seattle, WA 98125,(206) 367-8363"
-122.3485661,47.741066,AURORA SQUARE,"15407 Westminster Way N, Shoreline, WA 98133,(206) 367-8141"
-122.1889152,47.7112068,TOTEM LAKE WEST,"11320 NE 124th St, Kirkland, WA 98034,(425) 823-1161"
-122.134057,47.6286,SHERWOOD SHOPPING CENTER,"15400 NE 20th St #3, Bellevue, WA 98007,(425) 643-0522"
-122.344211,47.784214,AURORA MARKETPLACE,"23632 Hwy 99, Edmonds, WA 98026,(425) 672-9105"
-122.2522056,47.4558004,SOUTH CENTER,"383 Strander Blvd, Tukwila, WA 98188,(206) 575-3609"
-122.0573131,47.5493215,PICKERING SQUARE,"1802 12th Ave NW, Issaquah, WA 98027,(425) 392-3553"
-122.268063,47.831478,LUEN YUI PLAZA,"18411 Alderwood Mall Pkwy, Lynnwood, WA 98037,(425) 712-0807"
-122.6907864,47.6505558,SILVERDALE PLAZA,"2960 NW Bucklin Hill Rd #15, Silverdale, WA 98383,(360) 698-7139"
-122.2209172,47.8565546,MILL CREEK TOWN CENTER,"15415 Main St, Mill Creek, WA 98012,(425) 316-9448"
-122.299938,47.374925,FRED MEYER SHOP CTR-REDONDO,"25246 Pacific Hwy S, Kent, WA 98032,(253) 529-1050"
-122.65885,47.75874,COLLEGE MARKET PLACE,"Olhava Way NW, Poulsbo, WA 98370,(360) 697-5090"
-122.2026374,47.3718345,KENT EAST CENTER,"25611 104th Ave SE, Kent, WA 98030,(253) 859-8800"
-122.1138333,47.3590791,COVINGTON CENTER,"17017 SE 270th Pl, Covington, WA 98042,(253) 630-6238"
-122.3116998,47.3152269,SEATAC VILLAGE,"1706 S 320th St, Federal Way, WA 98003,(253) 941-6585"
-122.2214947,47.3186844,NORTH SHOPPING CENTER,"1207 Auburn Way N, Auburn, WA 98002,(253) 931-5505"
-122.4745679,47.2224939,BEST PLAZA,"2941 S 38th St, Tacoma, WA 98409,(253) 473-0444"
-122.1768529,48.063576,SAFEWAY PLAZA,"1262 State Ave, Marysville, WA 98270,(360) 658-7777"
-122.5202092,47.1654279,LAKEWOOD CENTER,"6111 Lakewood Towne Center Blvd SW, Lakewood, WA 98499,(253) 584-2121"
-122.433956,47.128317,S & S CENTER,"14125 Pacific Ave S, Tacoma, WA 98444,(253) 536-1130"
-122.7663331,47.0591996,HAWKS PRAIRIE VILLAGE,"1401 Marvin Rd NE #106, Lacey, WA 98516,(360) 923-1495"
-122.834348,47.039902,SOUTH SOUND PAVILION,"909 Sleater Kinney Rd SE, Lacey, WA 98503,(360) 459-3030"
-122.6608321,48.2859299,BAYVIEW PLAZA,"31239 State Route 20, Oak Harbor, WA 98277,(360) 679-3369"
-115.248111,36.261002,RIO VISTA PLAZA,"7065 W Ann Rd #140, Las Vegas, NV 89130,(702) 396-4542"
-115.2811561,36.2012037,SMITHS CENTER,"2257 N Rampart Blvd #3m, Las Vegas, NV 89134,(702) 363-2264"
-115.2646736,36.2716497,CENTENNIAL CENTER,"7920 W Tropical Pkwy #140, Las Vegas, NV 89149,(702) 515-0471"
-115.2240883,36.1871032,SANTA FE PLAZA,"1449 N Jones Blvd, Las Vegas, NV 89108,(702) 631-6675"
-115.2541985,36.1813126,PARKWAY RETAIL CENTER,"7575 W Washington Ave #119, Las Vegas, NV 89128,(702) 228-2146"
-115.1800012,36.2593974,SIMMONS MARKETPLACE,"5575 N Simmons St, North Las Vegas, NV 89031,(702) 638-1026"
-115.159517,36.2379729,REDROCK COMMERCIAL CENTER,"1311 W Craig Rd, North Las Vegas, NV 89032,(702) 639-6346"
-115.2442448,36.1637516,RAINBOW PLAZA II,"827 S Rainbow Blvd, Las Vegas, NV 89145,(702) 878-5787"
-115.279367,36.301176,TULE SPRINGS SHOPPING CTR,"8414 Farm Rd #170, Las Vegas, NV 89131,(702) 395-9716"
-115.2069325,36.1564828,WESTLAND FAIR,"1291 S Decatur Blvd #160, Las Vegas, NV 89102,(702) 259-4961"
-115.3098535,36.1588979,HUALAPAI COMMONS,"9811 W Charleston Blvd #3, Las Vegas, NV 89117,(702) 947-7755"
-115.299625,36.145582,FORT APACHE,"9326 W Sahara Ave #7, Las Vegas, NV 89117,(702) 233-6594"
-115.262149,36.116543,FLAMINGO-BUFFALO CENTER,"4011 S Buffalo Dr #103b, Las Vegas, NV 89147,(702) 871-7676"
-115.280727,36.115316,ASHLEY PARK PLAZA,"4075 S Durango Dr #113, Las Vegas, NV 89147,(702) 255-1504"
-115.1367712,36.1420126,SAHARA TOWNE SQUARE,"2620 S Maryland Pkwy #15, Las Vegas, NV 89169,(702) 732-0040"
-115.310626,36.1131559,GRAND CANYON PARKWAY,"4205 S Grand Canyon Dr #5, Las Vegas, NV 89147,(702) 362-4040"
-115.314372,36.101602,SIENA TOWN CENTER,"10170 W Tropicana Ave #159, Las Vegas, NV 89147,(702) 362-6366"
-115.136191,36.105164,LAS VEGAS UNIVERSITY GARDENS,"4632 S Maryland Pkwy #3, Las Vegas, NV 89119,(702) 736-2917"
-115.0623223,36.1618024,CHARLESTON COMMONS,"135 N Nellis Blvd, Las Vegas, NV 89110,(702) 452-6404"
-115.025484,36.194185,SUNRISE PLAZA,"6895 E Lake Mead Blvd #4, Las Vegas, NV 89156,(702) 453-5079"
-115.1936023,36.03911,BLUE DIAMOND CROSSING,"3962 Blue Diamond Rd #102, Las Vegas, NV 89139,(702) 734-9700"
-115.120036,36.055838,WAL-MART GROCERY,"7435 S Eastern Ave #102, Las Vegas, NV 89123,(702) 614-5956"
-115.08003,36.072147,GREEN VALLEY TOWN CENTER,"4300 E Sunset Rd, Henderson, NV 89014,(702) 938-5080"
-115.1044725,36.0422914,PECOS WINDMILL PLAZA,"2649 Windmill Pkwy, Henderson, NV 89074,(702) 263-1480"
-115.1192208,36.0206928,EASTERN BELTWAY CENTER,"2390 E Serene Ave #430, Las Vegas, NV 89123,(702) 263-7377"
-115.0357729,36.0638977,SUNSET PLAZA,"1138 W Sunset Rd, Henderson, NV 89014,(702) 898-8883"
-115.1083751,36.0020097,EASTERN COMMONS,"10345 S Eastern Ave #140, Henderson, NV 89052,(702) 407-8599"
-114.977882,36.042469,VICTORY VILLAGE,"276 E Lake Mead Dr, Henderson, NV 89015,(702) 558-3928"
-114.9633427,36.0127143,COLLEGE DRIVE SHOPPING CENTER,"565 College Dr, Henderson, NV 89015,(702) 856-0275"
-115.9877469,36.2110693,PAHRUMP VALLEY JUNCTION,"250 Hwy 160 #7, Pahrump, NV 89048,(775) 727-9955"
-112.0371864,33.5092651,TOWN & COUNTRY CENTER,"2037 E Camelback Rd, Phoenix, AZ 85016,(602) 955-1760"
-111.998913,33.4804176,DESERT PALMS CENTER,"3833 E Thomas Rd, Phoenix, AZ 85018,(602) 629-9280"
-112.101774,33.378959,SOUTH MOUNTAIN PAVILLION,"2020 W Baseline Rd #168, Phoenix, AZ 85041,(602) 276-0909"
-112.0936492,33.5239944,PHOENIX SPECTRUM MALL,"1615 W Bethany Home Rd, Phoenix, AZ 85015,(602) 246-0826"
-111.925685,33.422756,THE CORNERSTONE,"725 S Rural Rd, Tempe, AZ 85281,(480) 968-8008"
-111.913008,33.4658764,FOUNTAIN PLAZA SHOP,"7790 E McDowell Rd #104, Scottsdale, AZ 85257,(480) 990-1081"
-112.1210832,33.581829,METRO TOWNE CENTER,"2815 W Peoria Ave, Phoenix, AZ 85029,(602) 371-0316"
-111.982554,33.321342,AHWATUKEE FOOTHILLS TOWNE CTR,"4722 E Ray Rd #16, Phoenix, AZ 85044,(480) 893-3738"
-112.271355,33.42428,PECAN PROMENADE STE 103,"9870 W Lower Buckeye Rd, Tolleson, AZ 85353,(623) 474-2230"
-111.9796904,33.5983315,VILLAGE SQUARE II,"4663 E Cactus Rd, Phoenix, AZ 85032,(602) 996-3766"
-111.8777868,33.5385685,SCOTTSDALE PAVILLIONS,"8960 E Indian Bend Rd, Scottsdale, AZ 85256,(480) 991-6282"
-112.257911,33.5521559,PEORIA CROSSING,"9230 W Northern Ave #108, Glendale, AZ 85305,(623) 772-1377"
-111.862943,33.392762,MERCADO FIESTA SHOPPING CENTER,"1457 W Southern Ave #4, Mesa, AZ 85202,(480) 898-7004"
-111.912961,33.320219,COPPER POINT,"4050 W Ray Rd #15, Chandler, AZ 85226,(480) 831-7072"
-112.067757,33.638633,BELL TOWNE CENTRE,"401 E Bell Rd #20, Phoenix, AZ 85022,(602) 866-3196"
-111.8881575,33.5688666,FRY'S MARKETPLACE,"8912 E Vía Linda #110, Scottsdale, AZ 85258,(480) 657-8499"
-112.149711,33.64005,BELL PARK SHOPPING CENTER,"4232 W Bell Rd #3, Glendale, AZ 85308,(602) 424-0852"
-111.9011589,33.2978936,CHANDLER VILLAGE,"3415 W Frye Rd #2, Chandler, AZ 85226,(480) 855-7003"
-112.0874175,33.7129924,HAPPY VALLEY TOWNE CENTER,"1320 W Happy Valley Rd, Phoenix, AZ 85085,(623) 582-2269"
-112.2312815,33.6380347,NORTH VALLEY POWER CENTER,"8085 W Bell Rd, Peoria, AZ 85382,(623) 486-2176"
-111.9772438,33.6787484,DESERT RIDGE MARKETPLACE,"21001 N Tatum Blvd, Phoenix, AZ 85050,(480) 563-8005"
-111.889479,33.629192,SCOTTSDALE TOWNE CENTER,"15560 N Frank Lloyd Wright Blvd, Scottsdale, AZ 85260,(480) 614-1982"
-111.8740037,33.620008,SCOTTSDALE HORIZON,"14676 N Frank Lloyd Wright Blvd, Scottsdale, AZ 85260,(480) 661-9266"
-111.82143,33.321491,SAFEWAY AT THE PROVINCES,"1070 E Ray Rd #8, Chandler, AZ 85225,(480) 722-7598"
-111.8091783,33.3354281,BAYSHORE PLAZA,"884 W Warner Rd, Gilbert, AZ 85233,(480) 632-5983"
-111.7536179,33.3807514,VAL VISTA GATEWAY,"1939 S Val Vista Dr #107, Mesa, AZ 85204,(480) 632-2104"
-112.359602,33.60966,FRY'S SHOPPING CENTER,"13954 W Waddell Rd #100, Surprise, AZ 85379,(623) 537-5183"
-111.7880074,33.2802175,CROSSROADS TOWN CENTER,"3841 S Gilbert Rd #108, Gilbert, AZ 85297,(480) 963-7044"
-112.3486345,33.63718,SURPRISE MARKETPLACE,"c102, 13371 W Grand Ave, Surprise, AZ 85374,(623) 544-1939"
-111.703335,33.450251,FALCON VIEW PLAZA,"5901 E McKellips Rd #107, Mesa, AZ 85205,(480) 985-7872"
-112.2717308,33.7106472,LAKE PLEASANT PAVILION,"9947 W Happy Valley Rd, Peoria, AZ 85383,(623) 572-7040"
-111.991623,33.757623,TATUM RANCH CROSSING,"29834 N Cave Creek Rd #120, Deer Valley, AZ 85331,(480) 513-4493"
-111.683945,33.388396,MESA PAVILIONS,"1545 S Power Rd #112, Mesa, AZ 85209,(480) 854-8910"
-111.72537,33.609687,RED MOUNTAIN PLAZA,"16425 E Palisades Blvd #1, Fountain Hills, AZ 85268,(480) 836-9591"
-111.6871661,33.3351781,GILBERT GATEWAY TOWN CENTER,"4980 S Power Rd #105, Mesa, AZ 85212,(480) 279-0133"
-112.42085,33.640149,ALBERTSON'S SHOPPING CENTER,"16772 W Bell Rd #108, Surprise, AZ 85374,(623) 544-4052"
-111.9257518,33.7814907,THE SUMMIT AT SCOTTSDALE,"32619 N Scottsdale Rd #101, Scottsdale, AZ 85266,(480) 575-3267"
-111.634661,33.377437,AUGUSTA RANCH,"9221 E Baseline Rd #110, Mesa, AZ 85209,(480) 354-0150"
-111.6016425,33.3788145,SUPERSTITION GATEWAY WEST,"1752 S Signal Butte Rd #106, Mesa, AZ 85209,(480) 380-1112"
-112.1366502,33.865999,ANTHEM WAY RETAIL SHOPS,"3636 W Anthem Way, Phoenix, AZ 85086,(623) 551-5614"
-111.715813,32.880006,ECKERED DRUG CENTER,"1664 E Florence Blvd #10, Casa Grande, AZ 85122,(520) 423-8494"
-116.2124504,43.6247477,MARKETPLACE SHOPPING CENTER,"1798 W State St, Boise, ID 83702,(208) 429-1101"
-116.1553411,43.5415599,COLUMBIA MARKETPLACE,"6570 S Federal Way, Boise, ID 83716,(208) 333-8677"
-116.3128083,43.6194777,VILLAGE SHOPPING CENTER,"10440 W Fairview Ave, Boise, ID 83704,(208) 322-1234"
-116.390226,43.597244,CENTRAL PARK PLAZA,"750 S Progress Ave #115, Meridian, ID 83642,(208) 888-9552"
-116.352297,43.693412,EAGLE PLAZA,"228 E Plaza St, Eagle, ID 83616,(208) 938-1495"
-116.5723797,43.5860061,FRED MEYER CENTER,"64 2nd St S, Nampa, ID 83651,(208) 461-2199"
-121.552024,39.504585,BANK OF AMERICA BUILDING,"1820 Oro Dam Blvd E #150, Oroville, CA 95966,(530) 532-1090"
-121.800458,39.726215,PHEASANT RUN PLAZA,"2009 Forest Ave, Chico, CA 95928,(530) 893-2727"
-117.163015,32.750146,HILLCREST AREA,"126-180 Washington St, San Diego, CA 92103,(619) 297-7494"
-117.1295477,32.7555477,NORTH PARK AREA,"3024 El Cajon Blvd, San Diego, CA 92104,(619) 280-1133"
-117.2045861,32.7513677,GROSVENOR SQUARE,"3660 Rosecrans St, San Diego, CA 92110,(619) 224-3735"
-117.1449583,32.7756184,RIO VISTA SHOP CTR-MISSION VAL,"8440 Rio San Diego Dr #103, San Diego, CA 92108,(619) 297-6055"
-117.067987,32.760529,MR-3 CENTER,"6011 El Cajon Blvd #105, San Diego, CA 92115,(619) 286-2240"
-117.052465,32.7434622,COLLEGE GROVE,"3434 College Ave, San Diego, CA 92115,(619) 287-6835"
-117.115348,32.808762,STONECREST PLAZA,"3675 Murphy Canyon Rd, San Diego, CA 92123,(858) 571-8996"
-117.183601,32.821545,LIBERTY PARK PLAZA,"4310 Genesee Ave #103, San Diego, CA 92117,(858) 492-9892"
-117.2545225,32.7939619,PACIFIC BEACH MARKETPLACE,"4305 Mission Blvd #101, San Diego, CA 92109,(858) 270-2722"
-117.0267258,32.7647399,PLAZA LA MESA,"7970 University Ave, La Mesa, CA 91942,(619) 469-9646"
-117.0109627,32.7072626,SPRING VALLEY CENTER,"529 Sweetwater Rd, Spring Valley, CA 91977,(619) 462-2430"
-117.0116333,32.8015774,NAVAJO SHOPPING CENTER,"8736 Lake Murray Blvd, San Diego, CA 92119,(619) 667-6657"
-117.2141947,32.8690183,COSTA VERDE SHOPPING CENTER,"8750 Genesee Ave #252, San Diego, CA 92122,(858) 587-2888"
-117.231649,32.8665329,LA JOLLA VILLAGE SQUARE,"8657 Villa La Jolla Dr #107, San Diego, CA 92037,(858) 552-8475"
-117.033235,32.5817539,OTAY MESA - PALM PROMENADE,"640 Dennery Rd, San Diego, CA 92154,(619) 690-4893"
-116.9649692,32.6487284,EASTLAKE VILLAGE CENTER EAST,"2315 Otay Lakes Rd #303, Chula Vista, CA 91914,(619) 216-1717"
-116.937234,32.739753,RANCHO SAN DIEGO TOWN CENTER,"2891 Jamacha Rd, El Cajon, CA 92019,(619) 670-4700"
-116.9611236,32.8075532,EC PLAZA,"131 Broadway, El Cajon, CA 92021,(619) 442-7757"
-116.985881,32.841491,SANTEE TOWN CENTER,"235 Town Center Pkwy, Santee, CA 92071,(619) 562-4777"
-116.9297472,32.7448226,RANCHO SAN DIEGO TWN & COUNTRY,"2514 Jamacha Rd #504, El Cajon, CA 92019,(619) 670-1962"
-117.1138561,32.9138653,NEXT TO CHUCK E CHEESE,"9872 Hibert St, San Diego, CA 92131,(858) 695-1360"
-117.213487,32.920615,TORREY HILLS CENTER,"4653 Carmel Mountain Rd, San Diego, CA 92130,(858) 259-0800"
-117.231182,32.953233,DEL MAR HIGHLANDS,"3485 Del Mar Heights Rd, San Diego, CA 92130,(858) 794-1717"
-117.150803,32.963775,TORREY HIGHLANDS,"13350 Camino Del Sur, San Diego, CA 92129,(858) 484-0147"
-117.07705,32.979994,CARMEL MOUNTAIN RANCH TOWN CTR,"11835 Carmel Mountain Rd, San Diego, CA 92128,(858) 487-5611"
-117.2590976,32.9959769,SOLANA BEACH TOWNE CENTRE,"661 Lomas Santa Fe Dr, Solana Beach, CA 92075,(858) 481-7177"
-117.077331,33.015047,BERNADO CENTER,"16588 Bernardo Center Dr, San Diego, CA 92128,(858) 613-9364"
-117.2590215,33.048819,EL CAMINO SQUARE,"191 N El Camino Real #102, Encinitas, CA 92024,(760) 942-7122"
-117.2624198,33.066114,ENCINITAS RANCH TOWN CENTER,"1044 N El Camino Real, Encinitas, CA 92024,(760) 635-9300"
-117.267948,33.085941,LA COSTA PLAZA,"7670 El Camino Real #101, Carlsbad, CA 92009,(760) 944-0177"
-116.8802838,33.0352108,STONEGATE PLAZA,"1664 Main St, Ramona, CA 92065,(760) 789-8302"
-117.0992105,33.1112207,ESCONDIDO PROMENADE,"1264 Auto Park Way, Escondido, CA 92029,(760) 839-0417"
-117.210459,33.130936,SAN MARCOS PLAZA,"1921 W San Marcos Blvd #110, San Marcos, CA 92078,(760) 599-0660"
-117.0606879,33.133328,VINEYARD SQUARE,"1511 E Valley Pkwy, Escondido, CA 92027,(760) 738-0716"
-117.3266475,33.1776352,CARLSBAD SOUTH PLAZA,"2624 El Camino Real, Carlsbad, CA 92008,(760) 434-5055"
-117.251734,33.192186,VISTA TOWN CENTER,"510 Hacienda Dr #106, Vista, CA 92081,(760) 631-8160"
-117.3567264,33.1926155,RANCHO DEL ORO GATEWAY CENTER,"4225 S Oceanside Blvd, Oceanside, CA 92054,(760) 758-7400"
-123.1990714,39.1514915,PEAR TREE CENTER,"132 N Orchard Ave, Ukiah, CA 95482,(707) 462-9048"
-104.9556482,39.7208321,CHERRY CREEK,"2702 E 3rd Ave, Denver, CO 80206,(303) 399-8717"
-105.0799072,39.7404922,CREEKSIDE SHOPPING CENTER,"7475 W Colfax Ave #106, Lakewood, CO 80214,(303) 274-0565"
-104.997223,39.654775,CITY CENTER,"b104, 800 Englewood Pkwy, Englewood, CO 80110,(303) 781-2112"
-105.0788645,39.7910322,ARVADA MARKETPLACE,"7450 W 52nd Ave, Arvada, CO 80002,(303) 431-9107"
-105.053375,39.827627,THE SHOPS AT 72ND & SHERIDAN,"7211 Sheridan Blvd #200, Westminster, CO 80003,(303) 650-0331"
-105.022752,39.624404,CENTENNIAL SQUARE,"2897 W Belleview Ave, Littleton, CO 80123,(303) 794-5226"
-104.82002,39.714427,AURORA CITY CENTER,"14401 E Bayaud Ave, Aurora, CO 80012,(303) 739-0900"
-105.096009,39.615326,SOUTHWEST COMMONS,"8601 W Cross Dr, Denver, CO 80123,(303) 973-0126"
-104.789564,39.693861,SOMERSET VILLAGE SHOPPING CTR,"1250 S Buckley Rd, Aurora, CO 80017,(720) 747-0253"
-104.9489661,39.913766,THORNCREEK CROSSING,"E 120th Ave, Thornton, CO 80233,(303) 452-5816"
-104.7894788,39.6384151,VALLEY PLAZA,"17070 E Quincy Ave, Aurora, CO 80015,(303) 766-7292"
-104.947,39.542775,KING'S SUPERCENTER,"3620 E Highlands Ranch Pkwy, Highlands Ranch, CO 80126,(303) 471-8448"
-104.775265,39.884879,REUNION VILLAGE,"18220 E 104th Ave, Commerce City, CO 80022,(303) 287-0941"
-104.8963682,39.5360997,LINCOLN COMMONS,"Lone Tree, CO,(303) 799-6046"
-104.7245607,39.5815615,SADDLE ROCK VILLAGE,"7450 S Gartrell Rd, Aurora, CO 80016,(303) 680-8930"
-104.9772217,39.9968249,LARKRIDGE SHOPPING CENTER,"16649 Washington St, Broomfield, CO 80023,(303) 457-0955"
-105.1695418,39.9576157,SUPERIOR MARKETPLACE,"Center Dr, Superior, CO 80027,(303) 543-0072"
-105.1005003,40.000866,SUMMIT MARKETPLACE,"385 Crossing Dr #106, Lafayette, CO 80026,(303) 604-6538"
-104.7656583,39.5217176,PARKER MARKET PLACE,"11031 S Parker Rd, Parker, CO 80138,(303) 840-5075"
-105.259749,40.035278,SAFEWAY CENTER,"3325 28th St #7, Boulder, CO 80304,(303) 440-7262"
-105.130907,40.1377496,NORTH HOVER CENTER,"1751 S Hover Rd, Longmont, CO 80501,(303) 651-9151"
-105.0446965,40.4081087,34 MARKETPLACE,"1435 Denver Ave, Loveland, CO 80538,(970) 593-9454"
-104.8487024,39.0645093,MONUMENT MARKETPLACE,"15932 Jackson Creek Pkwy, Monument, CO 80132,(719) 487-3314"
-104.748473,40.4226647,COUNTRY CLUB PLAZA,"4318 9th Street Rd #3, Greeley, CO 80634,(970) 378-7311"
-104.6090509,38.2981051,PUEBLO SHOPPING CENTER,"206 W 29th St, Pueblo, CO 81008,(719) 543-5287"
-104.6206683,38.3334642,PUEBLO CROSSING,"5759 N Elizabeth St #120, Pueblo, CO 81007,(719) 544-4649"
-104.6978309,38.324973,PUEBLO WEST MARKETPLACE,"1021 N Market Plaza #105, Pueblo West, CO 81007,(719) 647-9199"
-105.078773,40.556192,UNIVERSITY CENTER,"2407 S College Ave #500, Fort Collins, CO 80525,(970) 416-1400"
-105.097577,40.566702,PROSPECT PARK,"1115 W Prospect Rd #103, Fort Collins, CO 80526,(970) 407-9580"
-105.053403,40.5833207,MULBERRY-LEMAY CROSSING,"1281 E Magnolia St, Fort Collins, CO 80524,(970) 484-1817"
-106.590194,35.1055382,PAVILLIONS AT SAN MATEO,"4900 Cutler Ave NE #1, Albuquerque, NM 87110,(505) 830-3500"
-106.58947,35.12976,ROSS PLAZA,"4770 Montgomery Blvd NE, Albuquerque, NM 87109,(505) 881-3900"
-106.6384219,35.1533502,NORTHDALE PLAZA,"6611 4th St NW, Albuquerque, NM 87107,(505) 345-8966"
-106.682669,35.153387,MONTANO PLAZA,"6200 Coors Blvd NW, Albuquerque, NM 87120,(505) 897-4500"
-106.5492503,35.1477902,SYCAMORE PLAZA,"8060 Academy Rd NE, Albuquerque, NM 87111,(505) 821-2345"
-106.738317,35.055065,SAGE MARKETPLACE,"9550 Sage Rd SW, Albuquerque, NM 87121,(505) 385-0620"
-106.6499149,35.253736,RIO RANCHO MARKETPLACE,"4300 Ridgecrest Dr SE, Rio Rancho, NM 87124,(505) 892-1300"
-106.6262179,35.2670855,VENADA PLAZA,"510 State Highway 528 #8, Rio Rancho, NM 87144,(505) 771-4411"
-95.370395,29.757547,ALLEN CENTER,"500 Dallas St, Houston, TX 77002,(713) 652-3855"
-95.3789931,29.7487839,PLAZAS AT MIDTOWN,"2509 Bagby St, Houston, TX 77006,(713) 524-9810"
-95.4098854,29.7891263,MERCHANTS PARK SOUTH SHOPPING,"933 N Shepherd Dr, Houston, TX 77008,(713) 864-4688"
-95.4412345,29.7228817,WESLAYAN PLAZA,"5533 Weslayan St, Houston, TX 77005,(713) 663-7474"
-95.2991453,29.6973162,GULFGATE CENTER,"765 Gulfgate Center Mall, Houston, TX 77087,(713) 645-9800"
-95.4335106,29.8282387,OAK FOREST SHOPPING CENTER,"1227 W 43rd St, Houston, TX 77018,(713) 683-0001"
-95.4776297,29.6765076,BRAES OAK SHOPPING CENTER,"5429 S Braeswood Blvd, Houston, TX 77096,(713) 723-8223"
-95.184053,29.805798,NORTHEAST SQUARE,"16 Uvalde Rd, Houston, TX 77015,(713) 455-5077"
-95.550429,29.735832,CARILLON CENTER,"10001 Westheimer Rd #1010a, Houston, TX 77042,(713) 783-3141"
-95.2323597,29.6306912,ORANGE GROVE SHOPPING CENTER,"11558 Gulf Fwy, Houston, TX 77034,(713) 947-0046"
-95.1637137,29.8112217,THE SHOPS AT STONE PARK,"5866 East Sam Houston Pkwy N, Houston, TX 77049,(281) 454-7160"
-95.3903174,29.5582742,SHADOW CREEK MARKET PLACE,"2803 Business Center Dr, Pearland, TX 77584,(713) 340-0737"
-95.5928786,29.7363058,GRAY FALLS CENTER,"12108 Westheimer Rd, Houston, TX 77077,(281) 558-7360"
-95.1336423,29.663471,PASADENA PARK SHOPPING CENTER,"6848 Spencer Hwy, Pasadena, TX 77505,(281) 487-4009"
-95.5869418,29.6363216,THE FOUNTAINS,"12720 Fountain Lake Cir, Stafford, TX 77477,(281) 491-4140"
-95.0980421,29.664147,DEER PARK STATION,"9001 Spencer Hwy, La Porte, TX 77571,(281) 542-0152"
-95.497395,29.989068,CHAMPIONS VILLAGE,"FM 1960 Rd W, Houston, TX 77069,(281) 583-1941"
-95.5361395,29.5395305,SIENNA MARKET,"8880 Hwy 6 #120, Missouri City, TX 77459,(000) 000-0000"
-95.6137759,29.6067095,FIRST COLONY COMMONS,"15205 Southwest Fwy, Sugar Land, TX 77478,(281) 491-0220"
-95.187727,29.510581,WEBSTER TOWN CENTER,"210 E Parkwood Ave, Friendswood, TX 77546,(281) 992-4697"
-95.637305,29.896551,COPPERFIELD LANDING,"8100 Hwy 6 N, Houston, TX 77095,(281) 345-1112"
-95.1217384,29.5777636,CLEAR LAKE,"1958 El Dorado Blvd, Houston, TX 77062,(281) 486-2085"
-95.1789376,29.9984927,WOODFOREST PLAZA,"6480 Farm to Market 1960, Humble, TX 77346,(281) 540-0355"
-95.432245,30.049792,CYPRESSWOOD COURT SHOPPING CTR,"19507 Interstate 45 #800, Spring, TX 77388,(281) 350-2518"
-95.4862172,30.041718,CORUM STATION SHOPPING CENTER,"4720 Louetta Rd, Spring, TX 77388,(281) 353-7445"
-95.752899,29.778195,MASON PLAZA,"430 S Mason Rd, Katy, TX 77450,(281) 395-0303"
-95.5117385,30.0740341,SPRING TOWN SHOPPING CENTER,"5921 Farm to Market 2920, Spring, TX 77379,(281) 907-0155"
-95.7771829,29.736457,THE MARKET AT VILLAGE CENTER,"23730 Westheimer Pkwy, Katy, TX 77494,(281) 574-3116"
-95.44693,30.125799,THE WOODLANDS,"309 Sawdust Rd, Spring, TX 77380,(281) 367-5878"
-95.2481754,29.3963995,HIGHLAND SQUARE SHOPPING CTR,"3120 Hwy 35, Alvin, TX 77511,(281) 331-1100"
-95.6281907,30.0766522,TOMBALL PARKWAY SHOPPING CTR,"27676 State Highway 249, Tomball, TX 77375,(281) 357-0091"
-95.5366417,30.1773951,INDIAN SPRINGS CENTER,"10807 Kuykendahl Rd #404, Spring, TX 77382,(281) 292-5788"
-94.9731615,29.3547991,LA MARQUE CROSSING,"Interstate 45, La Marque, TX 77568,(409) 986-7530"
-98.592912,29.564824,UNIVERSITY HEIGHTS,"12822 W Interstate 10 #207, San Antonio, TX 78249,(210) 641-1900"
-98.4626669,29.4738465,THE STEWART CENTER,"5114 Broadway St, San Antonio, TX 78209,(210) 824-8158"
-98.4574191,29.3752513,MCCRELESS COURT SHOPPING CTR,"2374 E Southcross Blvd, San Antonio, TX 78223,(210) 533-2161"
-98.5400908,29.3566273,ALISON'S CORNER,"2716 SW Military Dr #104, San Antonio, TX 78224,(210) 924-9757"
-98.5013563,29.5201969,PARK NORTH SHOPPING CENTER,"510 NW Loop 410 #103, San Antonio, TX 78216,(210) 530-2500"
-98.3940737,29.510284,WINDSOR PLACE,"4905 Walzem Rd, San Antonio, TX 78218,(210) 655-7663"
-98.5284086,29.542668,NORTH SALADO VILLAGE,"2325 NW Military Hwy, San Antonio, TX 78231,(210) 541-9644"
-98.5923,29.561554,COLONNADE I SHOPPING CENTER,"W Ih 10, San Antonio, TX 78249,(210) 691-1003"
-98.6397177,29.4598351,CROWN MEADOWS SHOPPING CTR,"7616 Culebra Rd, San Antonio, TX 78251,(210) 520-4959"
-98.652488,29.437415,THE SHOPS AT WESTPOINTE,"8403 State Highway 151 #105, San Antonio, TX 78245,(210) 521-0110"
-98.635837,29.516057,BANDERA PLACE,"8103 Bandera Rd #100, San Antonio, TX 78250,(210) 680-9848"
-98.464898,29.606872,NORTHWOODS SHOPPING CENTER,"1730 E Loop 1604 S #103, San Antonio, TX 78232,(210) 404-2737"
-98.7073443,29.4900636,ALAMO RANCH,"5519 N w Loop 1604 #105, San Antonio, TX 78253,(210) 509-7575"
-98.3292742,29.5693004,THE FORUM,"8222 Agora Pkwy, Live Oak, TX 78148,(210) 566-8282"
-97.9383633,29.8856787,COLLOQUIM SQUARE,"312 University Dr, San Marcos, TX 78666,(512) 396-8010"
-96.8093805,32.8150666,LEMMON & KNIGHT SHOPPING CTR,"4107 Lemmon Ave, Dallas, TX 75219,(214) 522-1441"
-96.7870354,32.847793,SNIDER PLAZA,"6701 Hillcrest Ave, Dallas, TX 75205,(214) 265-9086"
-96.8187968,32.8511759,INWOOD VILLAGE,"5470 W Lovers Ln #334, Dallas, TX 75209,(214) 351-4466"
-96.7526233,32.8567707,MEDALLION CENTER,"Medallion Shopping Center, Dallas, TX 75214,(214) 369-2920"
-96.7038829,32.8351915,CASA LINDA PLAZA,"Guaranty Bank - Casa Linda, 1134 N Buckner Blvd, Dallas, TX 75218,(214) 324-2889"
-96.855088,32.908559,PARK FOREST SOUTHWEST,"11722 Marsh Ln, Dallas, TX 75229,(214) 357-3717"
-96.6437458,32.8624322,MEADOW CREEK SQUARE,"1015 Northwest Hwy, Garland, TX 75041,(972) 271-5453"
-96.803112,32.951586,PEPPERWOOD SQUARE,"14902 Preston Rd #940, Dallas, TX 75254,(972) 385-0575"
-96.8537577,32.9530706,ADDISON TOWN CENTER,"3720 Belt Line Rd, Addison, TX 75001,(972) 241-4332"
-96.7687926,32.9602132,PROMENADE NORTH,"970 N Coit Rd, Richardson, TX 75080,(972) 437-0811"
-96.7001192,32.9452981,RICHARDSON VILLAGE SHOP CTR,"1374 E Belt Line Rd, Richardson, TX 75081,(972) 480-8556"
-96.9584722,32.9514197,VALLEY RANCH PLAZA,"817 S MacArthur Blvd #130, Coppell, TX 75019,(972) 304-1373"
-96.943872,32.59933,CEDAR HILL TOWN CENTER,"140 W Fm 1382 #170, Cedar Hill, TX 75104,(972) 291-0005"
-96.7631367,32.9996433,MARKET PLAZA,"3801 W President George Bush Hwy #128, Plano, TX 75075,(469) 241-1623"
-96.890067,32.98816,TRINITY VALLEY,"2626 N Josey Ln #107, Carrollton, TX 75007,(972) 446-4701"
-96.577079,32.9087109,ROWLETT CORNER,"5401 Kenwood Dr #105, Rowlett, TX 75089,(972) 475-9877"
-96.7951919,33.0245945,PRESTON SHEPARD PLACE,"1805 Preston Rd, Plano, TX 75093,(972) 248-7387"
-96.9153011,33.020754,HEBRON CROSSING,"1016 E Hebron Pkwy #100, Carrollton, TX 75010,(214) 731-1095"
-96.604721,32.968571,OAK GROVE PLAZA,"5120 Hwy 78 #500, Sachse, TX 75048,(972) 495-6003"
-97.0997828,32.7556315,LINCOLN SQUARE,"702 Lincoln Square, Arlington, TX 76011,(817) 275-1045"
-97.0621034,32.6592968,LAKE PRAIRIE TOWNE CROSSING,"5244 State Highway 360, Grand Prairie, TX 75052,(972) 641-2112"
-96.9931894,32.9886249,COPPELL CROSSROADS,"760 N Denton Tap Rd #140, Coppell, TX 75019,(972) 459-7191"
-96.716612,33.040429,PARKVIEW SQUARE,"1100 W Parker Rd #520, Plano, TX 75075,(972) 423-6266"
-96.969023,33.010461,TARGET CENTER,"729 Hebron Pkwy, Lewisville, TX 75057,(972) 459-4543"
-96.5177976,32.9165091,LAKE POINTE MARKET,"6702 Dalrock Rd #124, Rowlett, TX 75089,(214) 607-4247"
-97.1167927,32.9430874,SOUTHLAKE CORNERS,"200 N Kimball Ave #202, Southlake, TX 76092,(817) 251-8246"
-97.1349773,32.6515918,SUBLETT CORNERS,"5904 S Cooper St #106, Arlington, TX 76017,(817) 466-8888"
-97.069193,33.013065,TOWNE VIEW PLAZA II,"2601 Flower Mound Rd, Flower Mound, TX 75028,(972) 899-6060"
-97.198992,32.67374,GREEN OAKS PLAZA,"5721 Interstate 20, Arlington, TX 76017,(817) 561-6555"
-96.8044939,33.140686,PRESTONBROOK SHOPPING CENTER,"7548 Preston Rd #137, Frisco, TX 75034,(972) 712-9141"
-97.2386018,32.8465539,MEADOW CREST CORNERS,"5350 Rufe Snow Dr, North Richland Hills, TX 76180,(817) 281-6468"
-96.6842904,33.1749397,LAKE FOREST CROSSING,"4180 Lake Forest Dr #410, McKinney, TX 75070,(214) 504-0623"
-96.637112,33.171024,MCKINNEY MARKETPLACE,"3001 S Central Expy, McKinney, TX 75070,(214) 585-0124"
-97.3546517,32.7537421,MONTGOMERY PLAZA,"501 Carroll St #620, Fort Worth, TX 76107,(817) 810-0060"
-97.3630472,32.6543225,WESTMONT NORTH SHOPPING CENTER,"6242 McCart Ave, Fort Worth, TX 76133,(817) 292-3851"
-97.388449,32.728406,HEIGHT CORNER,"3250 Hulen St #110, Fort Worth, TX 76107,(817) 377-3700"
-97.3953687,32.6823465,OVERTON PARL PLAZA,"4668 SW Loop 820 #2, Fort Worth, TX 76132,(817) 569-9107"
-97.1507257,33.2064976,CARRIAGE SQUARE,"921 Ave C, Denton, TX 76201,(940) 387-5507"
-97.348106,32.523039,SOUTH TOWNE CROSSING,"140 NW John Jones Dr #128, Burleson, TX 76028,(817) 426-4403"
-97.1664716,33.229922,RAZOR RANCH,"2710 W University Dr #1016, Denton, TX 76201,(940) 387-0111"
-101.8734981,35.2222205,GRAND PLAZA SHOPPING CENTER,"3300 Interstate 40 Business, Amarillo, TX 79103,(806) 372-0037"
-97.424098,35.4500079,MIDDELL CROSSING,"5529 SE 15th St, Del City, OK 73110,(405) 677-0500"
-97.4066,35.456108,DECKER CENTER,"809 S Air Depot Blvd, Midwest City, OK 73110,(405) 737-8229"
-97.5425009,35.5225375,BELLE ISLE STATION,"1710 Belle Isle Blvd, Oklahoma City, OK 73118,(405) 841-3355"
-97.4236293,35.4069804,SOONER CROSSING SHOPPING CTR,"5913 S Sooner Rd, Oklahoma City, OK 73135,(405) 619-7882"
-97.5657885,35.5297733,CENTENNIAL PLAZA,"5801 N May Ave #104, Oklahoma City, OK 73112,(405) 840-0669"
-97.5858261,35.5114755,PORTLAND PLAZA,"3617 NW 39th St, Oklahoma City, OK 73112,(405) 942-0273"
-97.5301376,35.394206,WESTERNVIEW SHOPPING CENTER,"7141 S Western Ave, Oklahoma City, OK 73139,(405) 632-7163"
-97.601127,35.4948435,WINDSOR PARK SHOPPING CENTER,"2508 N Meridian Ave, Oklahoma City, OK 73127,(405) 949-0307"
-97.4782379,35.6882338,BOULEVARD SHOPPING CENTER,"3230 N Boulevard St, Edmond, OK 73003,(405) 341-0773"
-97.6284891,35.4617393,WESTGATE MARKETPLACE,"6311 SW 3rd St, Oklahoma City, OK 73128,(405) 491-8620"
-97.5495953,35.6094524,QUAIL SPRINGS MARKETPLACE,"13419 N Pennsylvania Ave, Oklahoma City, OK 73120,(405) 748-4500"
-97.4834992,35.6362255,EDMOND PLAZA,"1716 S Broadway, Edmond, OK 73013,(405) 348-2119"
-97.4768693,35.3473167,EASTERN AVENUE PLAZA,"1116 S Eastern Ave, Moore, OK 73160,(405) 912-4200"
-97.5121925,35.34831,WEST MOORE RETAIL CENTER,"1231 N Santa Fe Ave, Moore, OK 73160,(405) 912-5500"
-97.51437,35.639409,SOUTH SANTA FE SHOPPING CTR,"1425 S Santa Fe Ave, Edmond, OK 73003,(405) 844-0400"
-97.6366587,35.5573439,NORTHWEST PLAZA,"6919 Northwest Expy, Oklahoma City, OK 73132,(405) 720-6062"
-97.4592834,35.6528463,KICKINGBIRD PLAZA,"1521 E 2nd St, Edmond, OK 73034,(405) 715-3000"
-97.6363837,35.5946512,MAGNUM RETAIL CENTER,"6913 NW 122nd St, Oklahoma City, OK 73142,(405) 720-0041"
-97.513999,35.6639531,BRIDGEWATER SERVICE CENTER,"1014 N Santa Fe Ave #200, Edmond, OK 73012,(405) 330-8700"
-97.5101184,35.6675989,PEBBLE CREEK SHOPPING CENTER,"2011 W Danforth Rd, Edmond, OK 73003,(405) 340-4125"
-97.494285,35.2605734,CROWNE PLAZA,"3451 36th Ave NW #110, Norman, OK 73072,(405) 329-1655"
-97.605531,35.2909986,NEWCASTLE PLAZA,"685 NW 32nd St, Newcastle, OK 73065,(405) 387-5686"
-97.7589907,35.4933956,CHRISHOLM CENTER,"1034 W Vandament Ave, Yukon, OK 73099,(405) 350-0099"
-97.7602263,35.4911691,WEST END POINTE SHOPPING CTR,"1751 Garth Brooks Blvd, Yukon, OK 73099,(405) 350-1694"
-97.4229842,35.2183926,HEISMAN SQUARE,"1213 Alameda St, Norman, OK 73071,(405) 366-2800"
-97.480878,35.230827,QUORUM SHOPS,"1004 24th Ave NW #103, Norman, OK 73069,(405) 366-7010"
-97.4253185,35.878937,PRESTIGE POINT,"Guthrie, OK,(405) 282-4646"
-96.9298484,35.3625593,KICKAPOO POINTE SHOPPING CTR,"2808 N Kickapoo St, Shawnee, OK 74804,(405) 214-2500"
-97.3679308,34.9884061,HEARTLAND POINTE SHOPPING CTR,"1915 S Green Ave, Purcell, OK 73080,(405) 527-1236"
-97.9325968,35.0328846,CHICKASHA CROSSING,"1706 S 1st St, Chickasha, OK 73018,(405) 222-4900"
-97.0587612,36.1277292,BRADFORD PLAZA,"505 N Main St, Stillwater, OK 74075,(405) 372-2900"
-95.975244,36.107517,BROOKSIDE MARKET,"3807 S Peoria Ave, Tulsa, OK 74105,(918) 747-4470"
-95.9155059,36.104993,SOUTHROADS VILLAGE,"5345 E 41st St, Tulsa, OK 74135,(918) 280-1100"
-95.9032543,36.0898795,SHERIDAN MALL,"6568 E 51st St, Tulsa, OK 74145,(918) 665-8130"
-95.85435,36.10448,CROSSBOW SHOPPING CENTER,"11011 E 41st St, Tulsa, OK 74146,(918) 622-2100"
-95.9488695,36.0159464,RIVERSIDE MARKETPLACE,"9641 Riverside Dr, Tulsa, OK 74137,(918) 296-4400"
-95.9237349,36.03228,SOUTHERN WOODS PARK,"4785 E 91st St, Tulsa, OK 74137,(918) 491-4096"
-96.117505,36.135794,CIMMARON PLAZA,"430 W Wekiwa Rd, Sand Springs, OK 74063,(918) 245-3320"
-95.855819,36.0603679,EASY RIDER CENTER,"10824 E 71st St, Tulsa, OK 74133,(918) 249-4567"
-95.8864249,36.0034307,SOUTH MEMORIAL SHOPPING CENTER,"11063 S Memorial Dr, Tulsa, OK 74133,(918) 369-1991"
-95.8151638,36.0609142,TRIOLGY SQUARE,"2052 W Kenosha St, Broken Arrow, OK 74012,(918) 259-0492"
-95.746397,36.181632,PARAMOUNT PLAZA,"1875 N Hwy 66, Catoosa, OK 74015,(918) 266-2439"
-96.013936,35.984435,GLENPOOL SHOPPING CENTER,"S Waco Ave, Sapulpa, OK 74066,(918) 298-4882"
-95.7766537,36.0627721,KENOSHA POINTE WEST CENTER,"1101 E Lansing Ave, Broken Arrow, OK 74012,(918) 258-8989"
-95.8436616,36.2795416,OWASSO RETAIL CENTER,"8751 N 117th E Ave #125, Owasso, OK 74055,(918) 274-3400"
-96.1255793,35.9883155,SAPULPA PLAZA,"1004 W Taft Ave, Sapulpa, OK 74066,(918) 224-0800"
-95.7973443,35.994419,ELM PLACE CENTER,"6305 S Elm Pl, Broken Arrow, OK 74011,(918) 251-5351"
-95.824461,36.320122,GARRET CREEK CENTER,"11560 N 135th E Ave #106, Owasso, OK 74055,(918) 371-1580"
-95.3738732,35.7698171,RIVER CITY CENTER,"948 W Shawnee St, Muskogee, OK 74401,(918) 683-5235"
-95.3258216,35.740575,MUSKOGEE BLOCKBUSTER,"3409 Chandler Rd, Muskogee, OK 74403,(918) 682-4621"
-94.584904,39.067953,MIDTOWN MARKET PLACE,"3215 Main St, Kansas City, MO 64111,(816) 931-4048"
-94.769844,39.010527,SHAWNEE STATION SHOPPING CTR,"15810 Shawnee Mission Pkwy, Shawnee, KS 66217,(913) 631-3436"
-94.4654229,39.2481416,SHOPPES AT SHOAL CREEK,"8706 Flintlock Rd, Kansas City, MO 64157,(816) 781-3671"
-94.7606116,38.912659,OLATHE STATION SHOPPING CENTER,"15171 W 119th St, Olathe, KS 66062,(913) 390-5150"
-94.494401,38.812298,RAYMORE SHOPPING CENTER,"2007 W Foxwood Dr, Raymore, MO 64012,(816) 331-7901"
-95.2605717,38.9260076,PIER ONE RETAIL CENTER,"3221 Iowa St, Lawrence, KS 66046,(785) 838-4307"
-95.2894279,38.9726915,HY-VEE SHOPS,"4000 W 6th St, Lawrence, KS 66049,(785) 312-9443"
-89.9933019,38.725958,COLLINSVILLE CROSSING,"Stonebridge Crossing Dr, Maryville, IL 62062,(618) 343-9078"
-89.925061,38.521851,GREENMOUNT COMMONS,"2525 Green Mt Commons Dr, Belleville, IL 62221,(618) 355-0731"
-90.3517647,38.4307477,ARNOLD COMMONS,"842 Arnold Tenbrook Rd, Arnold, MO 63010,(636) 287-9020"
-89.9524054,38.7889257,EDWARDSVILLE CROSSING,"6679 Edwardsville Crossing Dr, Edwardsville, IL 62025,(618) 659-1582"
-90.589564,38.666981,CHETERFIELD COMMONS,"96 THF Blvd, Chesterfield, MO 63005,(636) 536-9838"
-90.587392,38.755819,TRIAD CENTER,"1345 Triad Center Dr, St Peters, MO 63376,(636) 498-0900"
-90.698609,38.792843,O'FALLON CENTER,"1306 Hwy K, O'Fallon, MO 63366,(636) 379-0670"
-90.9918434,38.5482237,PHOENIX CENTER II,"Center Dr, Washington, MO 63090,(636) 390-4020"
-87.6196174,41.8836898,STATE OF ILLINOIS CENTER,"Chicago, IL 60601,(312) 419-1799"
-87.6687335,41.8664421,ASHLAND/ROOSEVELT CENTER,"1651 W Roosevelt Rd, Chicago, IL 60608,(312) 829-6035"
-87.6626121,41.9251896,LAKEWOOD COMMONS,"1353 W Fullerton Ave, Chicago, IL 60614,(773) 281-3030"
-87.6685677,41.9347478,ASHLAND WELLINGTON PLAZA,"2912 N Ashland Ave, Chicago, IL 60657,(773) 525-5445"
-87.7233186,41.7996766,MIDWAY SQUARE,"5129 S Pulaski Rd, Chicago, IL 60632,(773) 585-0033"
-87.7075484,41.9906076,THE CENTER,"6009 N Lincoln Ave, Chicago, IL 60659,(773) 274-0563"
-87.807371,41.909784,NORTH TOWER PLAZA,"7230 W North Ave #106, Elmwood Park, IL 60707,(708) 453-2900"
-87.7699736,42.011952,VILLAGE CROSSING,"5693 W Touhy Ave, Niles, IL 60714,(847) 647-8448"
-87.6821698,42.0468981,SHERMAN PLAZA,"819 Davis St, Evanston, IL 60201,(847) 424-0326"
-87.7169986,42.0408406,PARK PLACE PLAZA,"3539 Dempster St, Skokie, IL 60203,(847) 677-8889"
-87.8067036,42.0113745,TOUHY & HARLEM PLAZA,"7154 N Harlem Ave, Chicago, IL 60631,(773) 631-3307"
-87.7991797,41.7362306,BURBANK SQUARE,"8507 S Harlem Ave, Burbank, IL 60459,(708) 430-7072"
-87.8072271,42.0407002,SPORTMART PLAZA SHOPPING CTR,"7241 Dempster St, Niles, IL 60714,(847) 966-5550"
-87.8212916,42.0845224,GLEN RETAIL CENTER,"1374 Patriot Blvd, Glenview, IL 60026,(847) 998-5685"
-87.8943295,42.0320101,LEE STREET COMMONS,"1159 Lee St, Des Plaines, IL 60016,(847) 803-8220"
-87.558833,41.5871797,TORRENCE COMMONS,"16907 Torrence Ave, Lansing, IL 60438,(708) 895-0800"
-87.7940298,41.6027898,HOME DEPOT CENTER,"15820 S Harlem Ave, Orland Park, IL 60462,(708) 614-6040"
-88.0128253,41.7512113,THE GROVE,"1202 W 75th St, Downers Grove, IL 60516,(630) 968-8880"
-87.8530252,41.6025274,LAKEVIEW PLAZA,"15864 S La Grange Rd, Orland Park, IL 60462,(708) 403-8599"
-87.9310763,41.6332819,ROSE PLAZA AT GOODINGS GROVE,"14047 S Bell Rd, Homer Glen, IL 60491,(708) 301-2537"
-88.0228816,42.079163,DOWNTOWN ROLLING MEADOWS SHOPP,"3334 Kirchoff Rd, Rolling Meadows, IL 60008,(847) 632-1867"
-88.1094874,41.8329445,DANADA SQUARE,"180 Danada Square W, Wheaton, IL 60189,(630) 510-8232"
-88.121082,41.952601,STRATFORD PLAZA,"142 S Gary Ave, Bloomingdale, IL 60108,(630) 582-4746"
-87.7144491,41.5060253,MATTESON CENTER,"4061 211th St, Matteson, IL 60443,(708) 481-0090"
-88.085974,42.0490018,SCHAUMBURG MARKET PLACE,"221 W Golf Rd #28, Schaumburg, IL 60195,(847) 884-0588"
-87.4711091,41.5113711,SHOPPES OF SCHERERVILLE,"713 U.S. 41, Schererville, IN 46375,(219) 864-8701"
-87.9651975,42.1715797,THE SHOPS AT APTAKISIC CREEK,"1655 Buffalo Grove Rd, Buffalo Grove, IL 60089,(847) 821-8358"
-88.1185809,41.7038351,TWO RIVERS SHOPPING CENTER,"1110 W Boughton Rd, Bolingbrook, IL 60440,(630) 759-9792"
-88.1739924,41.8024315,CANTERA COMMONS,"28361 Diehl Rd, Warrenville, IL 60555,(630) 393-2950"
-87.9164807,41.5080927,BLUE STONE COMMONS,"2544 E Lincoln Hwy, New Lenox, IL 60451,(815) 462-2497"
-87.949235,42.239149,TOWNLINE COMMONS,"555 E Townline Rd #29, Vernon Hills, IL 60061,(847) 367-7135"
-88.2032947,41.9747677,STEARNS CROSSING,"1005 W Stearns Rd, Bartlett, IL 60103,(630) 289-6105"
-88.2081276,41.7622639,YORKSHIRE PLAZA,"4420 E New York St, Aurora, IL 60564,(630) 820-8810"
-88.109099,42.1928784,NORTH LAKE COMMONS,"339 S Rand Rd, Lake Zurich, IL 60047,(847) 438-5060"
-88.2804977,41.9212465,FOXFIELD COMMONS,"2660 E Main St, St Charles, IL 60174,(630) 513-7347"
-88.205765,41.650929,KENSINGTON CENTER,"12736 S Rte 59 #112, Plainfield, IL 60585,(815) 609-7096"
-88.1329123,41.5224325,JEFFERSON POINTE PLAZA,"2147 W Jefferson St, Joliet, IL 60436,(815) 744-8203"
-87.881643,42.3704416,GRANDVIEW COURT,"752 N Green Bay Rd, Waukegan, IL 60085,(847) 263-0558"
-88.3403608,41.8733745,GENEVA FARGO PLAZA,"1441 S Randall Rd, Geneva, IL 60134,(630) 262-0728"
-88.340805,41.9857644,PLAISANCE CENTER,"326 Randall Rd, South Elgin, IL 60177,(847) 741-1592"
-87.977786,42.385271,GURNEE TOWN CENTER,"7105 Grand Ave #2b, Gurnee, IL 60031,(847) 855-8312"
-95.8475399,41.2296828,LAKE MANAWA CENTER,"3134 Manawa Center Dr #62, Council Bluffs, IA 51501,(712) 366-1014"
-95.940976,41.1576779,CORNHUSKER PLAZA,"2015 Pratt Ave #117, Bellevue, NE 68123,(402) 292-2959"
-96.100245,41.278274,NORTH PARK RETAIL,"2085 N 120th St, Omaha, NE 68164,(402) 493-0898"
-96.10164,41.233046,WESTWOOD PLAZA,"12005 W Center Rd, Omaha, NE 68144,(402) 334-1538"
-96.141282,41.2915009,GREYHAWK SHOPPING CENTER,"14513 W Maple Rd #101, Omaha, NE 68116,(402) 614-2531"
-96.185098,41.234578,LAKESIDE PLAZA,"17330 W Center Rd #108, Omaha, NE 68130,(402) 758-6648"
-96.455769,41.45029,DEER POINTE PLAZA,"3220 Elk Ln #300, Fremont, NE 68025,(402) 727-4586"
-96.608379,40.828482,HOLDREGE CENTER,"8222 Holdrege St, Lincoln, NE 68505,(402) 488-7010"
-96.6019759,40.73557,PRAIRIE LAKE POINT,"a103, 8600 Andermatt Dr, Lincoln, NE 68526,(402) 488-2811"
-96.8691282,46.8618438,TIMES SQUARE,"4900 13th Ave SW, Fargo, ND 58103,(701) 282-0112"
-93.4819473,45.0175551,SHOPPES AT PLYMOUTH CREEK,"3235 Vicksburg Ln N, Plymouth, MN 55447,(763) 553-7859"
-93.4886483,45.1228366,MAPLE GROVE SQUARE,"9515 Black Oaks Ln N, Maple Grove, MN 55311,(763) 420-5040"
-93.4164217,44.7764612,SOUTHBRIDGE CROSSING,"8032 Old Carriage Ct, Shakopee, MN 55379,(952) 233-5455"
-92.9353666,44.9432019,TAMARACK VILLAGE,"8362 Tamarack Village #112, Woodbury, MN 55125,(651) 702-1257"
-93.214164,44.7311509,APPLE VALLEY PLAZA,"15052 Gleason Path #103, Apple Valley, MN 55124,(952) 431-2661"
-92.8453963,45.0347532,OAK PARK HEIGHTS MARKETPLACE,"5980 Neal Ave N #700, Oak Park Heights, MN 55082,(651) 275-1745"
-93.5562904,45.3026413,CARSON STREET STATION,"18209 Carson Ct, Elk River, MN 55330,(763) 441-6144"
-92.2378438,34.7992049,NORTH HILLS PLAZA,"4814 N Hills Blvd, North Little Rock, AR 72116,(501) 758-9400"
-90.134224,30.0015422,OAKLAWN CENTER,"Veterans Memorial Blvd, Metairie, LA 70005,(504) 838-8446"
-90.1596612,30.005402,SEVERN PLAZA,"3000 Severn Ave, Metairie, LA 70002,(504) 455-3151"
-90.1814799,29.9497375,WAL-MART CENTER,"5250 Jefferson Hwy #4, Elmwood, LA 70123,(504) 736-9882"
-90.2737625,30.0231168,KENNER CENTER,"303 W Esplanade Ave, Kenner, LA 70065,(504) 469-0340"
-90.091534,30.392167,NORTHLAKE SHOPPING CENTER,"1874 N Causeway Blvd, Mandeville, LA 70471,(985) 674-1091"
-90.081515,30.45116,12TH STREET SHOPPING CENTER,"1500 N Hwy 190, Covington, LA 70433,(985) 809-7805"
-90.4802154,30.5009453,CHANNEL SHOPPING CENTER,"1816 W Thomas St, Hammond, LA 70401,(985) 542-5650"
-90.7460254,29.6055187,WAL-MART SHOPPING CENTER,"1544 Martin Luther King Blvd, Houma, LA 70360,(985) 223-3078"
-91.107696,30.3932365,ESSEN CENTER,"7711 Perkins Rd, Baton Rouge, LA 70810,(225) 769-7746"
-91.0517202,30.4118868,LAKE SHERWOOD MALL,"4520 S Sherwood Forest Blvd, Baton Rouge, LA 70816,(225) 292-9761"
-93.2770735,37.1595808,DELIVER TO FRONT DOOR,"1306 E Battlefield Rd, Springfield, MO 65804,(417) 889-2887"
-93.2303699,37.156695,FOX GRAPE PLAZA,"3250 E Battlefield St, Springfield, MO 65804,(417) 881-8746"
-93.323198,37.138944,REPUBLIC PLAZA,"2135 W Republic Rd, Springfield, MO 65807,(417) 890-1666"
-93.295854,37.115701,PLAINVIEW CORNERS,"324 W Plainview Rd, Springfield, MO 65810,(417) 882-1114"
-86.0788708,39.6946273,EMERSON PLAZA,"5223 E Thompson Rd, Indianapolis, IN 46237,(317) 782-0630"
-85.9878541,39.7749389,WASHINGTON PLACE,"10117 E Washington St, Indianapolis, IN 46239,(317) 895-1957"
-86.02075,39.688099,WILDCAT SHOPS,"5650 S Franklin Rd, Indianapolis, IN 46239,(317) 862-0421"
-86.231815,39.932075,WEST CARMEL MARKETPLACE,"9893 N Michigan Rd, Carmel, IN 46032,(317) 228-9920"
-86.0126448,39.9598459,FISHER CORNER SHOPPES II,"11765 Commercial Dr, Fishers, IN 46038,(317) 845-9120"
-85.7694625,39.8140618,GREENFIELD CORNER SHOPPES,"148 E New Rd, Greenfield, IN 46140,(317) 462-8975"
-86.025206,40.0482113,WESTERN PLAZA,"325 Sheridan Rd, Noblesville, IN 46060,(317) 770-9855"
-86.5024072,39.1642175,EASTLAND PLAZA,"2506 E 3rd St, Bloomington, IN 47401,(812) 330-1412"
-85.7632071,38.2039294,CENTRAL STATION SHOPPING CTR,"3127 S 2nd St, Louisville, KY 40214,(502) 361-8004"
-85.7104843,38.3261821,JEFFERSON CENTRE,"Jefferson Centre Way, Jeffersonville, IN 47130,(812) 283-5595"
-85.7995374,38.3319821,SILVER RUN CENTRE,"2878 Charlestown Rd, New Albany, IN 47150,(812) 542-0191"
-85.6419638,38.2518057,LOCKE PLAZA CENTER,"4157 Shelbyville Rd, Louisville, KY 40207,(502) 894-0162"
-85.6235605,38.2197035,HIKE POINT,"4036 Taylorsville Rd #38, Louisville, KY 40220,(502) 452-2300"
-85.5870686,38.2173841,HURSTBOURNE PARKWAY,"2007 S Hurstbourne Pkwy, Louisville, KY 40220,(502) 493-0700"
-85.5742149,38.3078343,SPRINGHURST SHOPPING CENTER,"9470 Brownsboro Rd, Louisville, KY 40241,(502) 339-7798"
-85.5883798,38.1523238,FERN CREEK SHOPPING CENTER,"6519 Bardstown Rd, Louisville, KY 40291,(502) 762-9113"
-85.8714187,38.0998798,VALLEY COMMONS,"10629 Dixie Hwy, Louisville, KY 40272,(502) 995-8851"
-85.5099834,38.292208,SHOPS AT FOREST SPRINGS,"12474 Lagrange Rd, Louisville, KY 40245,(502) 243-6911"
-84.8937723,38.160514,FRANKLIN SQUARE,"1303 U.S. 127 #404, Frankfort, KY 40601,(502) 227-4481"
-86.7990831,36.1460193,WESLEY PLACE,"2059 Scarritt Pl, Nashville, TN 37212,(615) 341-0140"
-86.665626,36.148228,CONLSON TIME SQUARE,"519 Donelson Pike, Nashville, TN 37229,(615) 391-4288"
-86.9058398,36.1290196,THE MARKETPLACE AT CHARLOTTE,"7058 Charlotte Pike, Nashville, TN 37209,(615) 353-0047"
-86.693212,36.304059,KROEGER'S PLAZA,"Gallatin Rd N, Madison, TN 37115,(615) 868-5954"
-86.7417478,36.039906,BRENTWOOD EAST SHOPPING CTR,"15541 Old Hickory Blvd, Nashville, TN 37211,(615) 331-3909"
-86.7615142,35.8903828,CROSSGATE SHOPPING CENTER,"Murfreesboro Rd, Nashville, TN 37217,(615) 399-7745"
-86.693212,36.304059,RIVERGATE STATION,"Gallatin Rd N, Madison, TN 37115,(615) 860-0296"
-86.5960942,36.2151367,OAKWOOD COMMONS,"4678 Lebanon Pike, Hermitage, TN 37076,(615) 883-7421"
-86.9574544,36.0442266,TRACE CREEK KROGER CENTER,"8157 Hwy 100, Nashville, TN 37221,(615) 646-4464"
-86.6151215,36.3257216,GLEN OAK COMMONS,"102 Glen Oak Blvd #30, Hendersonville, TN 37075,(615) 826-3391"
-86.592908,36.329423,THE STREETS OF INDIAN LAKES,"300 Indian Lake Blvd #120d, Hendersonville, TN 37075,(615) 822-1216"
-86.5552294,35.9825858,BELLA PLACE SHOPPING CENTER,"479 Sam Ridley Pkwy W, Smyrna, TN 37167,(615) 220-2719"
-86.497837,35.973282,SHOPS AT ENON SPRINGS,"532 Enon Springs Rd E, Smyrna, TN 37167,(615) 220-4195"
-86.667695,36.470615,HIGHLANDS KROGER CENTER,"520 Hwy 76 #6, White House, TN 37188,(615) 672-6930"
-86.8656327,35.9278512,WILLIAMSON SQUARE,"115 Franklin Rd, Franklin, TN 37064,(615) 794-2909"
-86.9137832,35.7810843,CAMPBELL STATION,"4910 Columbia Pike #108, Spring Hill, TN 37174,(615) 302-3535"
-86.3838399,35.9113137,PUBLIX SHOPPING CENTER,"3411 Memorial Blvd, Murfreesboro, TN 37129,(615) 896-0306"
-86.4252282,35.8463547,MARKETPLACE CENTRE,"1948 Old Fort Pkwy, Murfreesboro, TN 37129,(615) 895-0486"
-88.172452,30.6895333,UNIVERSITY VILLAGE,"5632 Old Shell Rd, Mobile, AL 36608,(251) 342-0575"
-88.101557,30.803375,SHELTON BEACH SHOPPING CENTER,"1204 Shelton Beach Rd #5, Saraland, AL 36571,(251) 679-0898"
-88.189431,30.639363,COTTAGE CREST SHOPPING CENTER,"6345 Cottage Hill Rd, Mobile, AL 36693,(251) 660-9814"
-93.1129221,30.2325492,JUBILEE SQUARE SHOPPING CENTER,"U.S. 90,(251) 621-8055"
-88.2260273,30.7628049,RETAIL CENTER,"7885 Moffett Rd #2b, Semmes, AL 36575,(251) 645-0429"
-81.719806,30.280657,ROOSEVELT SQUARE,"4495 Roosevelt Blvd, Jacksonville, FL 32210,(904) 981-0430"
-81.5526609,30.3213975,REGENCY POINT PLAZA,"9428 Arlington Expy, Jacksonville, FL 32225,(904) 723-3713"
-81.557611,30.267771,SHOPS AT THE PARK,"4375 Southside Blvd, Jacksonville, FL 32216,(904) 620-0472"
-81.5277815,30.2597298,ST.JOHN'S TOWN CENTER,"4624 Town Crossing Dr #143, Jacksonville, FL 32246,(904) 807-9199"
-81.492655,30.319729,KERNAN VILLAGE,"11900 Atlantic Blvd #219, Jacksonville, FL 32246,(904) 564-2210"
-81.6283588,30.173544,RIVERPLACE,"11111 San Jose Blvd, Jacksonville, FL 32223,(904) 268-3007"
-81.5525509,30.189611,SOUTHSIDE SHOPPES,"9960 Southside Blvd #107, Jacksonville, FL 32256,(904) 519-7970"
-81.4590031,30.2875868,HODGES POINT,"13546 Beach Blvd, Jacksonville, FL 32224,(904) 223-1824"
-81.828109,30.198764,OAKLEAF TOWN CENTER,"Crosshill Blvd, Jacksonville, FL 32222,(904) 772-1024"
-81.766646,30.143487,ORANGE PARK SQUARE,"868 Blanding Blvd #126, Orange Park, FL 32065,(904) 213-9363"
-81.716054,30.101044,FLEMING PLAZA CENTER,"1605 County Road 220 #115, Orange Park, FL 32003,(904) 215-2887"
-81.288743,28.597428,UNIVERSITY SQUARE,"7414 University Blvd, Winter Park, FL 32792,(407) 679-5446"
-81.4592945,28.5165008,KIRKMAN COMMONS,"2308 S Kirkman Rd, Orlando, FL 32811,(407) 253-3820"
-81.2069294,28.5568572,WATERFORD LAKES TOWN CENTER,"859 N Alafaya Trail, Orlando, FL 32828,(407) 381-3789"
-81.4852557,28.4498823,PLAZA VENEZIA RETAIL CENTER,"7564 W Sand Lake Rd, Orlando, FL 32836,(407) 355-3577"
-81.2077868,28.6022326,UNIVERSITY COMMONS,"4498 N Alafaya Trail #318, Orlando, FL 32817,(407) 381-9995"
-81.4241569,28.365956,HUNTERS CREEK COMMONS,"13851 S John Young Pkwy, Orlando, FL 32837,(407) 240-1339"
-81.3327862,28.800561,SEMINOLE TOWNE CENTER,"1681 WP Ball Blvd, Sanford, FL 32771,(407) 688-8211"
-80.7031778,28.3887009,CENTRE OF MERRITT SHOP CENTER,"1850 N Courtenay Pkwy #114, Merritt Island, FL 32953,(321) 452-6034"
-80.6836076,28.3573005,SABAL POINTE PLAZA,"780 E Merritt Island Causeway, Merritt Island, FL 32952,(321) 453-0087"
-80.719728,28.267242,VIERA EAST VILLAGE,"5410 Murrell Rd #201, Rockledge, FL 32955,(321) 504-7975"
-81.0231285,29.1167027,THE PINES RETAIL CENTER,"5000 Clyde Morris Blvd #5, Port Orange, FL 32127,(386) 761-3863"
-81.9740232,28.0933779,SHOPS ON 98,"3962 U.S. 98, Lakeland, FL 33810,(863) 816-7068"
-80.1964309,25.7614667,BRICKELL VILLAGE,"120 SW 13th St, Miami, FL 33130,(305) 857-0616"
-80.2395219,25.739011,DIXIE HIGHWAY SHOPPING CENTER,"2720 S Dixie Hwy, Miami, FL 33133,(305) 441-6406"
-80.1203889,25.8521438,COLLINS PLAZA,"6784 Collins Ave, Miami Beach, FL 33141,(305) 865-6333"
-80.3038901,25.7623881,TRAIL PLAZA,"908 SW 67th Ave, Miami, FL 33144,(305) 262-7040"
-80.1627816,25.8922514,KEYSTONE CENTER,"12567 Biscayne Blvd, Miami, FL 33181,(305) 892-0508"
-80.3306125,25.7697935,FLAGLER PARK PLAZA,"8319 W Flagler St, Miami, FL 33144,(305) 264-2871"
-80.3548478,25.8117307,DORAL PLAZA,"9771 NW 41st St, Miami, FL 33178,(305) 599-8224"
-80.3256573,25.6618138,PINECREST PLAZA,"11739 S Dixie Hwy, Miami, FL 33156,(305) 255-3951"
-80.1219749,25.9321868,CVS CENTER,"16850 Collins Ave #107, Sunny Isles Beach, FL 33160,(305) 947-8771"
-80.2944145,25.9569531,TARGET OUTPARCEL,"18355 NW 57th Ave #102, Opa-locka, FL 33055,(305) 623-6988"
-80.3658269,25.6867321,KENDALL MALL,"8815 SW 107th Ave, Miami, FL 33176,(305) 275-8880"
-80.339965,25.6485423,BRIAR BAY SHOPPING CENTER,"13075 SW 89th Pl, Miami, FL 33176,(305) 234-9233"
-80.3260519,25.9140171,ROYAL OAKS PLAZA,"15472 NW 77th Ct #270, Miami Lakes, FL 33016,(305) 362-9957"
-80.3821412,25.7011268,KENDALL VALUE CENTER,"7183 SW 117th Ave, Miami, FL 33183,(305) 279-1076"
-80.1455341,25.9667291,PROMENADE SHOPS,"20533 Biscayne Blvd, Miami, FL 33180,(305) 935-8844"
-80.4186575,25.7608387,TAMIAMI TRAILS,"13806 SW 8th St, Miami, FL 33184,(305) 228-0705"
-80.4207342,25.6853016,KENDALE LAKES MALL,"13909 SW 88th St, Miami, FL 33186,(305) 385-5090"
-80.3544577,25.5977687,SOUTH DADE PLAZA,"18493 S Dixie Hwy, Miami, FL 33157,(305) 235-7502"
-80.4396308,25.7269365,PUBLIX AT THE MEADOWS,"4272 SW 152nd Ave, Miami, FL 33185,(305) 221-2223"
-80.3433325,25.9786242,MIRAMAR SQUARE,"12132 Miramar Pkwy, Miramar, FL 33027,(954) 433-9160"
-80.2475671,26.0092847,FLORIDA COMPUTER PLAZA,"7899 Pines Blvd, Hollywood, FL 33024,(954) 961-4013"
-80.441377,25.672906,HAMMOCKS TOWN CENTER,"10201 Hammocks Blvd, Miami, FL 33196,(305) 388-9833"
-80.1432359,26.0274723,BROWARD/HARDING PLAZA,"1831 N Federal Hwy, Hollywood, FL 33020,(954) 925-8771"
-80.3598906,25.9840833,FOUNTAINS OF MIRAMAR,"2921 SW 160th Ave, Miramar, FL 33027,(954) 443-1123"
-80.3172264,26.0076246,FLAMINGO PINES SHOPPING CENTER,"12632 Pines Blvd, Pembroke Pines, FL 33027,(954) 450-8331"
-80.3969323,25.577796,THE SHOPPES AT QUAIL ROOST,"20221 SW 127th Ave, Miami, FL 33177,(305) 259-3066"
-80.159972,26.044785,OAKWOOD PLAZA,"4150 Oakwood Blvd, Hollywood, FL 33020,(954) 920-2119"
-80.2831613,26.0445663,STIRLING PALM PLAZA,"10235 Stirling Rd, Cooper City, FL 33026,(954) 252-0094"
-80.2523163,26.0635138,DAVIE SHOPPING CENTER,"4647 S University Dr, Davie, FL 33328,(954) 680-9078"
-80.3922955,26.0077588,SHOPPES AT SILVERLAKES TERR,"18371 Pines Blvd, Pembroke Pines, FL 33029,(954) 450-8778"
-80.1353301,26.1004123,17TH STREET PLAZA,"709 SE 17th St, Fort Lauderdale, FL 33316,(954) 832-9991"
-80.3153729,26.112679,SHENANDOAH SQUARE,"W State Road 84, Fort Lauderdale, FL 33325,(954) 474-2609"
-80.2856887,26.1330007,PLANTATION PROMENADE,"10075 Cleary Blvd, Plantation, FL 33324,(954) 474-3433"
-80.1201401,26.1398529,FEDERAL SHOPPING CENTER,"1127 N Federal Hwy, Fort Lauderdale, FL 33304,(954) 563-0090"
-80.4369562,25.4799666,HOMESTEAD PAVILION,"2532 NE 10th Ct, Homestead, FL 33033,(305) 245-6241"
-80.3327927,26.1459735,SAWGRASS LANDINGS,"13975 W Sunrise Blvd, Sunrise, FL 33323,(954) 835-9976"
-80.1471466,26.1664155,CENTRAL SHOPPING CENTER,"60 W Oakland Park Blvd, Wilton Manors, FL 33311,(954) 566-9771"
-80.4752349,25.4485161,FLORIDA CITY CENTER,"104 S Dixie Hwy, Florida City, FL 33034,(305) 248-2918"
-80.2740626,26.1936298,PUBLIX AT SUNRISE WEST,"9250 W Commercial Blvd, Sunrise, FL 33351,(954) 747-9979"
-80.1055765,26.2161444,POMPANO MARKETPLACE,"1147 S Federal Hwy, Pompano Beach, FL 33062,(954) 942-3152"
-80.1029034,26.2372853,POMPANO PLAZA,"405 N Federal Hwy, Pompano Beach, FL 33060,(954) 941-7337"
-84.2509458,30.4328521,GULF WIND SHOPPING CENTER,"1492 Apalachee Pkwy, Tallahassee, FL 32301,(850) 942-6150"
-84.248371,30.442531,GOVERNORS CROSSING,"101 N Blairstone Rd #102, Tallahassee, FL 32301,(850) 671-2493"
-84.318532,30.44571,OCALA CORNERS SHOPPING CTR,"800 Ocala Rd #310, Tallahassee, FL 32304,(850) 222-9140"
-84.363527,30.531657,OAK VALLEY CENTER,"5810 N Monroe St #204, Tallahassee, FL 32303,(850) 514-1905"
-84.389642,33.8170475,PEACHTREE SQUARE,"2278 Peachtree Rd NW, Atlanta, GA 30309,(404) 605-0108"
-84.3267398,33.7879654,EMORY VILLAGE,"1583 N Decatur Rd, Atlanta, GA 30307,(404) 371-0896"
-84.2963123,33.7748275,COMMERCE SQUARE,"Decatur, GA,(404) 377-2020"
-84.313787,33.815616,TOCO HILLS,"2205 Lavista Rd NE, Atlanta, GA 30329,(404) 325-1106"
-84.380545,33.871987,CHASTAIN SQUARE,"4285 Roswell Rd NE #5, Atlanta, GA 30342,(404) 851-9596"
-84.4560057,33.8756709,RIVERVIEW VILLAGE,"3220 Cobb Pkwy SE #103, Atlanta, GA 30339,(770) 859-9955"
-84.52868,33.873676,CONCORD SQUARE,"3315 South Cobb Dr SE #8, Smyrna, GA 30080,(770) 435-1891"
-84.3786034,33.9365836,ABERNATHY SQUARE,"6649 Roswell Rd NE, Sandy Springs, GA 30328,(404) 256-0476"
-84.3375026,33.9327337,PERIMETER VILLAGE,"4709 Ashford Dunwoody Rd, Dunwoody, GA 30346,(770) 512-0553"
-84.3661939,33.534038,CROSSROADS SOUTH,"8029 Tara Blvd, Jonesboro, GA 30236,(770) 478-5355"
-84.2844526,34.0002257,EAST VILLAGE,"2622 Holcomb Bridge Rd #120, Alpharetta, GA 30022,(678) 229-0270"
-84.2405517,33.5028823,HUDSON BRIDGE CROSSING,"1534 Hudson Bridge Rd, Stockbridge, GA 30281,(770) 389-6228"
-84.0797583,33.6176658,SMYRNA CROSSING,"2870 Hwy 212, Conyers, GA 30094,(770) 602-1456"
-84.6518946,33.9535465,THE VILLAGE AT OLD TRACE,"3405 Dallas Hwy, Marietta, GA 30064,(770) 218-1188"
-84.1461333,33.9696911,SHOPS AT PLEASANT HILL,"2628 Pleasant Hill Rd #200, Duluth, GA 30096,(770) 476-9530"
-84.567518,34.037182,THE VILLAGE AT TOWN PARK,"600 Chastain Rd NW #110, Kennesaw, GA 30144,(770) 422-0044"
-84.0143585,33.6412643,HUNTING PLAZA,"1810 Hwy 20 #176, Conyers, GA 30013,(770) 922-4735"
-84.610086,34.049369,KENNESAW WALK SHOPPING CENTER,"2090 Baker Rd NW #306, Kennesaw, GA 30144,(770) 218-1421"
-84.5439902,34.0838211,WOODSTOCK SQUARE,"Woodstock Square Ave, Woodstock, GA 30189,(770) 928-1388"
-84.5912155,33.4411808,KEDRON VILLAGE,"1265 N Peachtree Pkwy, Peachtree City, GA 30269,(770) 487-8805"
-84.733337,33.932786,SHOPS AT PAULDING PEAK,"59 Hillside Trce #115, Dallas, GA 30157,(678) 363-3833"
-84.358284,34.07783,VILLAGE WALK SHOPPING CENTER,"270 Rucker Rd, Alpharetta, GA 30004,(678) 822-0200"
-84.6845316,34.0361756,LAKESIDE MARKETPLACE,"3372 Cobb Pkwy NW #410, Acworth, GA 30101,(770) 966-1100"
-84.2705956,34.1194794,BETHANY VILLAGE,"13800 Hwy 9 N, Alpharetta, GA 30004,(678) 366-9958"
-84.0409603,34.0055494,DEAN TAYLOR CROSSING,"2133 Lawrenceville Suwanee Rd NW, Suwanee, GA 30024,(678) 377-7127"
-84.5101584,34.1522976,HOLLY SPRINGS STATION,"4504 Holly Springs Pkwy, Canton, GA 30115,(770) 517-6033"
-83.8710781,33.8309101,LOGANVILLE PLAZA,"4211 Atlanta Hwy #300, Loganville, GA 30052,(000) 000-0000"
-83.8710781,33.8309101,SEVEN HILLS STATION,"4211 Atlanta Hwy #300, Loganville, GA 30052,(770) 966-7305"
-84.7786822,34.02963,GOVERNORS TOWNE SQUARE,"80 7 Hills Blvd #309, Dallas, GA 30132,(678) 574-0551"
-84.7262779,34.063816,THE SHOPPES AT LOCUST GROVE,"6110 Cedarcrest Rd NW, Acworth, GA 30101,(770) 898-2579"
-84.1794765,33.3641163,CASTLEBERRY SHOUTHARD CROSSING,"2752 Hwy 155, Locust Grove, GA 30248,(678) 455-5573"
-84.1865512,34.1727053,MILL CREEK STATION,"5485 Bethelview Rd #330, Cumming, GA 30040,(678) 482-8445"
-83.9850088,34.0788939,STILLWOOD PAVILLIONS,"3320 Buford Dr #50, Buford, GA 30519,(678) 423-0252"
-84.7528981,33.3736148,VILLAGES OF HAMILTON MILL,"1111 Lower Fayetteville Rd, Newnan, GA 30265,(678) 541-0600"
-83.913486,34.072952,MAIN STREET COMMONS,"Hamilton Creek Pkwy, Dacula, GA 30019,(770) 386-3002"
-84.7844697,34.169874,BARROW CROSSING,"622 E Main St, Cartersville, GA 30121,(678) 963-0312"
-83.7564867,33.9444157,STONEBRIDGE VILLAGE,"916 Loganville Hwy #370, Bethlehem, GA 30620,(770) 965-6220"
-83.911575,34.177751,SHOPPERS WORLD,"5855 Spout Springs Rd, Flowery Branch, GA 30542,(770) 832-2345"
-85.074462,33.543272,PELHAM COMMONS,"1745 Hwy 27 S #400, Carrollton, GA 30117,(864) 242-1490"
-82.347407,34.866078,TAYLORS SQUARE,"215 Pelham Rd, Greenville, SC 29615,(864) 268-2268"
-82.331306,34.906388,HUDSON CORNERS,"3023 Wade Hampton Blvd, Taylors, SC 29687,(864) 322-5903"
-82.290937,34.8925613,DORMAN CENTRE,"2115 Old Spartanburg Rd, Greer, SC 29650,(864) 595-3558"
-81.986301,34.931012,GALLERY CENTER,"120 Dorman Commerce Dr, Spartanburg, SC 29301,(865) 584-1027"
-84.029497,35.929266,HALLS CROSSROADS CENTER,"7240 Kingston Pike, Knoxville, TN 37919,(865) 922-3845"
-83.847446,35.909767,THE COMMONS CENTER,"7320 Chapman Hwy, Knoxville, TN 37920,(865) 560-5110"
-84.0827249,35.9169441,PAVILLION AT TURKEY CREEK,"Town and Country Cir, Knoxville, TN 37923,(865) 675-1907"
-84.1573371,35.9001617,MARYVILLE COMMONS,"Parkside Dr, Knoxville, TN 37934,(865) 984-1004"
-83.9914019,35.751644,SEVIERVILLE COMMONS,"742 Watkins Rd, Maryville, TN 37801,(865) 453-7440"
-83.5723422,35.8810993,CROCKETT SQUARE SHOPPING CTR,"712 Winfield Dunn Pkwy, Sevierville, TN 37876,(423) 581-6906"
-83.254777,36.215475,CRESCENT CORNERS,"463 S Davy Crockett Pkwy, Morristown, TN 37813,(704) 334-8787"
-80.850725,35.165675,PECAN RIDGE SHOPPING CENTER,"4736 Park Rd, Charlotte, NC 28209,(704) 393-9800"
-80.867643,35.356875,MCMULLEN CREEK MARKET SHP CTR,"9548 Mt Holly Hntrsvlle Rd, Huntersville, NC 28216,(704) 543-4247"
-80.858745,35.089721,MATTHEWS TOWNSHIP SHOPPING CTR,"8318 Pineville-Matthews Rd, Charlotte, NC 28226,(704) 844-6099"
-80.848285,35.05424,CLOVERLEAF SHOPS,"15235 John J Delaney Dr, Charlotte, NC 28277,(704) 720-7634"
-80.6010776,35.4498484,NORTHLITE COMMONS,"3383 Cloverleaf Pkwy, Kannapolis, NC 28083,(704) 792-0255"
-83.1732688,42.5047577,INKSTER PLAZA,"29150 Woodward Ave, Royal Oak, MI 48073,(313) 255-3400"
-83.3148916,42.3979101,WONDERLAND MALL,"15132 Inkster Rd, Redford, MI 48239,(734) 422-0470"
-83.3368853,42.3690256,TROY MARKETPLACE,"29587 Plymouth Rd, Livonia, MI 48150,(248) 743-2612"
-83.1094177,42.5918683,HAYES PARK SHOPPING CENTER,"4928 John R Rd, Troy, MI 48085,(586) 677-6434"
-82.9750566,42.6715712,REGENCY HILLS SHOPPING CENTER,"51040 Hayes Rd, Macomb, MI 48042,(248) 650-0846"
-83.0946498,42.693452,WESTMARKET SQUARE,"54818 Dequindre Rd, Shelby Township, MI 48307,(248) 596-1121"
-83.5201063,42.4907765,COUNTRY CREEK COMMONS,"47800 Grand River Ave, Novi, MI 48374,(248) 371-9966"
-83.1963603,42.724903,WATERFORD TOWN CENTER,"4966 Adams Rd, Rochester, MI 48306,(248) 618-7707"
-83.3878655,42.6602669,FENTON VILLAGE MARKETPLACE,"5117 Highland Rd, Waterford, MI 48327,(810) 714-6021"
-83.73395,42.8043896,NEWPORT SHOPPING CENTER,"15090 Silver Pkwy, Fenton, MI 48430,(859) 431-4668"
-84.5066517,39.0412836,ROCKWOOD PAVILION,"4315 Winston Ave, Covington, KY 41015,(513) 631-8113"
-84.44446,39.146504,ERLANGER SHOPPING CENTER,"2692 Madison Rd, Cincinnati, OH 45208,(859) 341-2544"
-84.593271,39.019616,CINCINNATI GATEWAY,"3159 Dixie Hwy, Erlanger, KY 41018,(513) 574-9971"
-84.6275623,39.1485998,HOUSTON COMMONS,"6365 Glenway Ave, Cincinnati, OH 45211,(859) 647-1756"
-84.636358,39.0177212,FIVE MILE CENTER,"1052 Hansel Ave, Florence, KY 41042,(513) 231-0111"
-84.3520928,39.075541,ALEXANDRIA VILLAGE,"7747 5 Mile Rd, Cincinnati, OH 45230,(859) 635-6442"
-84.400309,38.9836966,FLORENCE SQUARE,"7029 Alexandria Pike, Alexandria, KY 41001,(859) 371-0555"
-84.6535525,38.99723,NORTH BEND SQUARE,"7697 Mall Rd #17, Florence, KY 41042,(859) 689-5310"
-84.3515383,39.2337048,AMELIA THRIFTWAY,"9793 Montgomery Rd, Montgomery, OH 45242,(513) 752-1188"
-84.2316087,39.0378867,MILFORD SHOPPING CENTER,"1236 W Ohio Pike, Amelia, OH 45102,(513) 248-9797"
-84.2378664,39.1935147,SHOPPES OF DEERFIELD,"1068 State Route 28, Milford, OH 45150,(513) 770-5514"
-84.3151545,39.3130294,DRUG MART PLAZA,"5143 Bowen Dr, Mason, OH 45040,(513) 229-5333"
-84.3317147,39.3519487,BRIDGEWATER FALLS,"6200 Tylersville Rd, Mason, OH 45040,(513) 895-1234"
-84.5036118,39.3906391,THRIFTWAY MARKET PLACE,"3373 Princeton Rd #105, Hamilton, OH 45011,(513) 722-1805"
-84.1635823,39.2305912,SHOPPES AT GRANDIN,"6725 Dick Flynn Blvd, Goshen, OH 45122,(513) 494-0003"
-84.2189667,39.3461232,KITTYHAWK PLAZA,"5988 State Route 48, Maineville, OH 45039,(513) 422-1047"
-84.3514443,39.5022788,THE SHOPS AT LEBANON,"4493 Marie Dr, Middletown, OH 45044,(513) 228-2887"
-84.1749644,39.4568169,TOWNSHIP SQUARE,"1525 Genntown Dr, Lebanon, OH 45036,(937) 291-3933"
-84.1894499,39.6289,TRIANGLE CENTER,"1045 Miamisburg Centerville Rd, Dayton, OH 45459,(937) 643-9935"
-84.1309566,39.6880375,FAR HILLS CENTER,"4048 Wilmington Pike, Kettering, OH 45429,(937) 297-6766"
-79.9580714,40.4409106,CENTRE PLAZA,"3611 Forbes Ave, Pittsburgh, PA 15213,(412) 681-0161"
-79.946963,40.453716,BANKSVILLE PLAZA,"4815 Centre Ave #103, Pittsburgh, PA 15213,(412) 563-7630"
-79.9230989,40.43049,SHADYSIDE PLAZA,"2345 Murray Ave, Pittsburgh, PA 15217,(412) 361-5510"
-79.9248377,40.4583523,VIRGINIA MANOR SHOPPING CENTER,"219 S Highland Ave, Pittsburgh, PA 15206,(412) 561-7393"
-80.063643,40.3931031,CASTLE SHANNON CENTER,"1717 Cochran Rd, Pittsburgh, PA 15220,(412) 571-5484"
-80.0349198,40.3692,ETNA TOWNE CENTER,"325 Mt Lebanon Blvd, Castle Shannon, PA 15234,(412) 782-4808"
-79.9437814,40.5004538,CASTE VILLAGE,"500 Butler St #300, Etna, PA 15223,(412) 881-8558"
-80.0005666,40.3575723,COLLIER TOWN SQUARE,"Baptist Rd & Grove Rd, Pittsburgh, PA 15236,(412) 278-2790"
-80.01189,40.5397051,SOUTH HILLS VILLAGE,"7388 McKnight Rd, Pittsburgh, PA 15237,(412) 833-9834"
-80.1580214,40.4484032,CHESTNUT SQUARE,"5420 Campbells Run Rd, Pittsburgh, PA 15277,(724) 934-3060"
-80.0515719,40.604154,PENN PLACE,"10339 Perry Hwy, Wexford, PA 15090,(412) 373-3536"
-79.7658886,40.4392632,MOON TOWNSHIP,"4145 William Penn Hwy, Monroeville, PA 15146,(412) 264-2136"
-80.2173399,40.517643,DONALDSON'S CROSSROADS,"825 Beaver Grade Rd, Coraopolis, PA 15108,(724) 969-4133"
-80.1285492,40.2698321,VILLAGE OF PINE,"4080 Washington Rd #3, Canonsburg, PA 15317,(724) 940-7700"
-80.0571893,40.6337966,NORTHTOWNE SQUARE,"1500 Village Run Dr #314, Wexford, PA 15090,(724) 443-7277"
-80.0224761,40.6770153,SHOPPES AT CRANBERRY COMMONS,"Gibsonia, PA 15044,(724) 741-3100"
-80.0816229,40.684837,WALNUT HOLLOW,"1694 Rte 228, Cranberry Township, PA 16066,(724) 733-1791"
-79.6619511,40.4225187,FREEDOM SQUARE,"4891 William Penn Hwy, Murrysville, PA 15668,(724) 741-6300"
-80.1211862,40.6821897,TRINITY POINT,"1185 Freedom Rd, Cranberry Township, PA 16066,(724) 222-7122"
-80.2219826,40.1832903,DELMONT RETAIL CENTER,"116 Trinity Point Dr, Washington, PA 15301,(724) 468-8454"
-79.5894737,40.4003834,TOWNSHIP MARKETPLACE,"6750 Hollywood Blvd #700, Delmont, PA 15626,(919) 833-5554"
-78.6611705,35.7913343,PLEASANT VALLEY PROMENADE,"526 Daniels St, Raleigh, NC 27605,(919) 781-4085"
-78.703597,35.8586,TRYON VILLAGE,"6274 Glenwood Ave #106, Raleigh, NC 27612,(919) 852-2123"
-78.743754,35.747146,PARK PLACE SHOPPING CENTER,"Tryon Woods Dr, Cary, NC 27518,(919) 465-9850"
-78.8097079,35.8061219,BEAVER CREEK SHOPPING CENTER,"9571 Chapel Hill Rd, Morrisville, NC 27560,(919) 387-2927"
-79.0062509,35.7229615,RAMS PLAZA,"1013 Beaver Creek Rd, Apex, NC 27502,(919) 967-0226"
-79.1284824,36.0300544,PAXTON SQUARE,"Rams Way, Hillsborough, NC 27278,(717) 564-1690"
-76.828887,40.254408,BLUE MOUNTAIN COMMONS,"3462 Paxton St, Harrisburg, PA 17111,(717) 545-6450"
-76.8623972,40.3291968,PAXTON TOWNE CENTER,"2252 Linglestown Rd #10, Harrisburg, PA 17110,(717) 545-8872"
-76.7996506,40.3098913,PARK VILLAGE,"5125 Jonestown Rd #161, Harrisburg, PA 17112,(717) 583-0525"
-76.689255,40.2666053,COLONY PARK,"593 E Main St, Hummelstown, PA 17036,(717) 848-5222"
-76.74539,39.982273,OUTBACK CENTER,"701 Loucks Rd #3, York, PA 17404,(717) 600-0073"
-76.6771684,39.9746873,WESTERN CORNERS,"2470 E Market St, York, PA 17402,(717) 391-9558"
-76.3887143,40.0413539,FOXSHIRE PLAZA,"3039 Columbia Ave, Lancaster, PA 17603,(717) 560-3969"
-76.3228562,40.0754141,MONROE MARKETPLACE,"1949 Fruitville Pike #10, Lancaster, PA 17601,(570) 743-4220"
-76.8621935,40.7989735,SINKING SPRING MARKETPLACE,"Selinsgrove, PA,(610) 927-2330"
-76.0514794,40.326782,BERKSHIRE SQUARE,"4866 W Penn Ave, Reading, PA 19608,(610) 376-8646"
-75.9766553,40.3425307,SHILLINGTON SHOPPING CENTER,"1179 Berkshire Blvd, Wyomissing, PA 19610,(610) 796-1157"
-75.957957,40.3075891,ABBOTTS SQUARE,"506 E Lancaster Ave, Reading, PA 19607,(215) 922-2970"
-75.1465645,39.9413063,ROXBOROUGH RIDGE COMMONS,"219 South St, Philadelphia, PA 19147,(215) 509-1030"
-75.214249,40.0320899,WYNNEWOOD SQUARE SHOPPING CTR,"6024 Ridge Ave, Philadelphia, PA 19128,(610) 642-6264"
-75.283095,40.003843,ROOSEVELT CENTER,"250 E Lancaster Ave, Lower Merion, PA 19003,(215) 332-4505"
-75.056696,40.047502,CLOVERLY PLAZA,"2327 Cottman Ave, Philadelphia, PA 19149,(215) 517-7617"
-75.1259336,40.0998359,WHITEMARSH SHOPPING CENTER,"636 Old York Rd, Jenkintown, PA 19046,(610) 941-4700"
-75.2866116,40.094238,MEDIA SHOPPING CENTER,"20 W Ridge Pike, Conshohocken, PA 19428,(610) 891-9660"
-75.3802644,39.9155325,MORRELL PLAZA,"517 E Baltimore Pike, Media, PA 19063,(215) 281-0400"
-74.984814,40.064544,MARLTON CROSSING,"9910 Frankford Ave, Philadelphia, PA 19114,(856) 797-5800"
-74.9292238,39.8955675,ABINGTON CROSSING,"213 Hwy 73, Marlton, NJ 08053,(215) 830-8686"
-75.1277647,40.1477152,HENDERSON SQUARE,"2858 W Moreland Rd, Willow Grove, PA 19090,(610) 337-3738"
-75.3575757,40.087056,DEVON SQUARE SHOPPING CENTER,"314 S Henderson Rd #1080, King of Prussia, PA 19406,(610) 687-9800"
-75.4060411,40.0464381,COUNTY LINE PLAZA,"656 W Lancaster Ave, Wayne, PA 19087,(215) 698-2221"
-75.0100288,40.1337439,SHOPPES AT BLUE BELL,"15200 Bustleton Ave, Philadelphia, PA 19116,(610) 279-9620"
-75.3061614,40.1506384,MULLICA HILL PLAZA,"1730 Dekalb Pike, Blue Bell, PA 19422,(856) 223-5355"
-75.2196533,39.723166,MARKETPLACE AT DOUBLETREE,"141 S Bridgeton Pike, Mullica Hill, NJ 08062,(856) 256-8100"
-75.1096469,39.7202077,KINGS VILLAGE MALL,"186 William L Dalton Dr, Glassboro, NJ 08028,(856) 797-8071"
-74.8737,39.8611999,GLOUCESTER TOWN CENTER,"401 Taunton Lake Rd, Marlton, NJ 08053,(856) 629-7100"
-74.995084,39.7441808,DAVISVILLE CENTER,"525 Berlin Cross Keys Rd, Sicklerville, NJ 08081,(215) 357-7501"
-75.106728,40.210581,PAOLI SHOPPING CENTER,"850 W Street Rd, Warminster, PA 18974,(610) 408-8893"
-75.4753707,40.0386085,GWYNEDD CROSSING,"35 Leopard Rd, Paoli, PA 19301,(215) 628-8214"
-75.226253,40.209475,MOUNT HOLLY SQUARE,"1210 Bethlehem Pike, North Wales, PA 19454,(609) 261-1377"
-74.796448,40.0050792,VALLEY VIEW PLAZA,"516 High St, Mt Holly, NJ 08060,(302) 475-5001"
-75.5005195,39.8259149,SHOPS AT NORTHAMPTON,"2504 Foulk Rd, Wilmington, DE 19810,(000) 000-0000"
-75.0104477,40.2171998,SHOPPES AT GRAYLYN,"1060 Second Street Pike, Richboro, PA 18954,(302) 478-5065"
-75.5051446,39.8016234,LINCOLN COURT CENTER,"1732 Marsh Rd, Wilmington, DE 19810,(610) 640-9411"
-75.5404022,40.0408058,WARWICK SQUARE,"215 Lancaster Ave, Malvern, PA 19355,(215) 491-7550"
-75.0865388,40.2609789,BARN PLAZA SHOPPING CENTER,"2395 York Rd #17, Jamison, PA 18929,(215) 343-4832"
-75.1275234,40.2759249,PHOENIXVILLE PLAZA,"1745 S Easton Rd, Doylestown, PA 18901,(610) 935-5700"
-75.5349483,40.1321265,ROCKFORD SHOPS,"700 Nutt Rd #718, Phoenixville, PA 19460,(302) 654-4477"
-75.5633232,39.7567132,LAKEVIEW COMMERCIAL CENTER,"1406 N Dupont St, Wilmington, DE 19806,(484) 984-0100"
-75.5268828,40.1938926,COURT AT UPPER PROVIDENCE,"953 S Township Line Rd, Royersford, PA 19468,(610) 454-9906"
-75.4955433,40.2122813,HILLTOWN PLAZA,"1814 E Ridge Pike #102, Royersford, PA 19468,(215) 721-0662"
-75.3052351,40.3201783,ACME COMMONS,"772 Rte 113, Souderton, PA 18964,(609) 298-5700"
-74.7122195,40.1301876,SHELLY SQUARE,"Dunns Mill Rd, Bordentown, NJ 08505,(215) 513-7400"
-75.4141865,40.3002854,ASHBRIDGE SQUARE,"2810 Shelly Rd, Harleysville, PA 19438,(610) 269-2400"
-75.6865472,40.0154682,EAGLEPOINTE VILLAGE,"895 E Lancaster Ave, Downingtown, PA 19335,(610) 458-7006"
-75.6900506,40.0779752,HOPEWELL TOWN CENTER,"560 Simpson Dr, Chester Springs, PA 19425,(609) 730-1600"
-74.7824521,40.2997211,PIKE CREEK SHOPPING CENTER,"800 Denow Rd, Pennington, NJ 08534,(302) 998-1377"
-75.6954452,39.7434558,UPLAND SQUARE,"4736 Limestone Rd, Wilmington, DE 19808,(610) 327-1126"
-75.6555439,40.2697216,LONDON GROVE VILLAGE,"Upland Square Dr, Pottstown, PA 19464,(610) 268-2700"
-75.7953173,39.8352204,QUAKERTOWN PLAZA,"815 Gap Newport Pike, Avondale, PA 19311,(215) 529-1688"
-75.3572255,40.4437292,THE SHOPPES OF UPPER HANOVER,"1463 W Broad St, Quakertown, PA 18951,(215) 541-1600"
-75.5094591,40.4145255,BENJAMIN FRANKLIN COURT,"622 Gravel Pike #107, East Greenville, PA 18041,(610) 385-7777"
-75.749508,40.265211,GOVERNOR'S SQUARE,"1139 Ben Franklin Hwy W, Douglassville, PA 19518,(302) 834-1272"
-75.665316,39.631381,UNION LAKE CROSSING,"Quintilio Dr, Bear, DE 19701,(856) 293-9590"
-75.0393874,39.420815,FOUR SEASONS CENTER,"2140 N 2nd St, Millville, NJ 08332,(302) 737-5474"
-75.745745,39.626826,MERCER MALL SHOPPING CENTER,"Plaza Dr, Newark, DE 19702,(609) 419-9300"
-74.6845335,40.29495,EAST WINDSOR VILLAGE,"3371 U.S. Highway 1 #201, Lawrenceville, NJ 08648,(609) 371-3351"
-74.5436135,40.2757018,PLAINSBORO PLAZA,"72 Princeton Hightstown Rd, Hightstown, NJ 08520,(609) 716-6400"
-74.592815,40.3365991,GREENSBURG CENTER,"10 Schalks Crossing Rd, Plainsboro, NJ 08536,(724) 837-6920"
-73.9638844,40.7615996,UNIVERSITY PLACE,"1149 2nd Ave, New York, NY 10022,(212) 228-2545"
-73.999662,40.732961,ST.MARKS PLACE,"378 Avenue of the Americas, New York, NY 10011,(212) 533-2884"
-74.0293287,40.7420667,THE CENTURY,"425 Washington St, Hoboken, NJ 07030,(212) 831-7042"
-73.9473883,40.7793577,UNION KENNEDY CENTER,"1732 1st Ave, New York, NY 10128,(201) 601-8877"
-73.9693245,40.7985297,NORTH BERGEN SHOPPING CENTER,"2675 Broadway, New York, NY 10025,(201) 868-6364"
-73.995198,40.694803,WHITEMAN PLAZA,"108 Montague St, Brooklyn, NY 11201,(201) 585-8992"
-73.8415889,40.7188733,LOWES SHOPPING CENTER,"72-16 Austin St, Queens, NY 11375,(201) 939-2658"
-74.0921751,40.8295852,RIVERFRONT PLAZA,"90 State Route 17, East Rutherford, NJ 07073,(201) 373-0380"
-74.034989,40.863675,VETERANS SQUARE SHOPPING CTR,"500 S River St, Hackensack, NJ 07601,(201) 438-8879"
-74.1490582,40.8345855,PALISADE COURT,"354 Rte 3, Clifton, NJ 07014,(201) 816-7336"
-73.9748128,40.8967929,GARFIELD SHOPPING CENTER,"13 Nathaniel Pl, Englewood, NJ 07631,(000) 000-0000"
-74.099707,40.867153,ESSEX STREET SHOPPING CENTER,"174 Passaic St, Garfield, NJ 07026,(201) 368-3773"
-73.7710575,40.7633919,HACKENSACK PLAZA SHOPPING CTR,"41-04 Bell Blvd, Queens, NY 11361,(201) 488-1292"
-74.03041,40.909411,PLAZA ONE SHOPPING CENTER,"450 Hackensack Ave #24, Hackensack, NJ 07601,(973) 253-5653"
-74.1362325,40.8758862,ELMWOOD SHOPPING CENTER,"261 Clifton Ave, Clifton, NJ 07011,(201) 797-1010"
-74.0344116,40.9249876,THE SIENA,"524 Kinderkamack Rd, River Edge, NJ 07661,(973) 744-4656"
-74.2078875,40.8396364,ESSEX GREEN SHOPPING CENTER,"570 Valley Rd, Montclair, NJ 07043,(973) 736-1400"
-74.2555275,40.7892116,SUPER GAP SHOPPING CENTER,"495 Prospect Ave #311, West Orange, NJ 07052,(201) 967-8080"
-74.0736006,40.9550373,PLAZA 46 SHOPPING CENTER,"501 Rte 17, Paramus, NJ 07652,(973) 256-8761"
-74.1140648,40.5660891,WEST CALDWELL PLAZA,"2714 Hylan Blvd, Staten Island, NY 10306,(973) 227-1655"
-74.2279634,40.930353,BRENHOUSE PLAZA,"578 Valley Rd, Wayne, NJ 07470,(914) 779-1837"
-73.8306275,40.9789023,NORTHVALE SHOPPING CENTER,"2367 Central Park Ave, Yonkers, NY 10710,(201) 767-2766"
-73.9462807,41.0122099,CRANFORD CROSSING,"246 Livingston St, Northvale, NJ 07647,(908) 276-4184"
-74.3318729,40.7202093,SCARSDALE CENTER,"728 Morris Ave, Short Hills, NJ 07078,(914) 472-0202"
-73.8145559,41.0012385,COUNTRY GLEN CENTER,"658 Central Park Ave, Scarsdale, NY 10583,(516) 873-1101"
-73.611365,40.744218,WAYNECHESTER PLAZA,"Old Country Rd, Carle Place, NY 11514,(973) 696-1344"
-73.6139904,40.7311051,DRUG FAIR SHOPPING CENTER,"650 Stewart Ave, Garden City, NY 11530,(908) 654-0440"
-74.3439454,40.6506985,WEST HARTFORD MALL,"272 North Avenue E, Westfield, NJ 07090,(860) 236-7114"
-72.7474718,41.7856952,THE SHOPPES AT ROX RUN,"2540 Albany Ave, West Hartford, CT 06117,(860) 657-8872"
-72.6065287,41.7139309,TOWN LINE PLAZA,"39 Welles St #7, Glastonbury, CT 06033,(860) 257-4007"
-72.6582415,41.6821507,MANCHESTER PARKADE,"80 Town Line Rd, Rocky Hill, CT 06067,(860) 649-2411"
-72.5410394,41.7806361,PRICE CHOPPER PLAZA,"384 Middle Turnpike W, Manchester, CT 06040,(860) 667-8125"
-72.7195414,41.6670217,GATEWAY PLAZA,"2995 Berlin Turnpike, Newington, CT 06111,(860) 648-9126"
-72.5276826,41.814135,BIG Y SHOPPING CENTER,"179 Deming St #5, Manchester, CT 06042,(860) 674-8713"
-72.8536972,41.810752,SHOP RITE PLAZA,"255 W Main St #5, Avon, CT 06001,(860) 584-9655"
-72.9032622,41.6976514,QUEEN PLAZA,"1198 Farmington Ave, Bristol, CT 06010,(860) 276-0892"
-72.8738283,41.6399548,BRISTOL PLAZA MALL,"857 Queen St, Southington, CT 06489,(860) 584-1421"
-72.9248666,41.6902523,NAUGATUCK VALLEY SHOPPING CTR,"575 Farmington Ave, Bristol, CT 06010,(203) 574-0642"
-73.0079025,41.5663048,EAST LONGMEADOW CTR VILLAGE,"920 Wolcott St, Waterbury, CT 06705,(413) 525-1334"
-72.5127403,42.0646846,RIVERDALE SHOPPES,"70 Center Square, East Longmeadow, MA 01028,(413) 781-0012"
-73.1097598,41.5935068,CHICOPEE MARKETPLACE,"1142 Main St, Watertown, CT 06795,(413) 593-6100"
-72.9169469,41.376455,BRANFORD PLAZA,"2380 Dixwell Ave, Hamden, CT 06514,(203) 481-8336"
-72.8298783,41.2754212,EDWARDS PLAZA,"1060 W Main St, Branford, CT 06405,(203) 795-0789"
-73.017692,41.2535629,AMHERST SHOPPING CENTER,"538 Boston Post Rd, Orange, CT 06477,(413) 259-1135"
-72.5335539,42.3675835,NORTH TOWN CENTER,"181 University Dr, Amherst, MA 01002,(203) 375-7764"
-73.1482516,41.2349237,STOP & SHOP PLAZA,"475 Hawley Ln #1, Stratford, CT 06614,(203) 798-2397"
-74.796448,40.0050792,HERITAGE SQUARE,"516 High St, Mt Holly, NJ 08060,(732) 438-0505"
-75.1259336,40.0998359,PRESTIGE PLAZA,"636 Old York Rd, Jenkintown, PA 19046,(908) 237-1818"
-74.8737,39.8611999,CEDAR GLEN,"401 Taunton Lake Rd, Marlton, NJ 08053,(908) 231-1818"
-75.214249,40.0320899,ACME SHOPPING CENTER,"6024 Ridge Ave, Philadelphia, PA 19128,(732) 409-3388"
-75.3575757,40.087056,A & P SHOPPING CENTER,"314 S Henderson Rd #1080, King of Prussia, PA 19406,(732) 855-0195"
-74.2875768,40.5662044,BRICK PLAZA,"765 St Georges Ave, Woodbridge, NJ 07095,(732) 477-7444"
-74.1752647,39.9597376,MIDDLETOWN SHOPPING CENTER,"300 Rte 37, Toms River, NJ 08753,(732) 706-0777"
-74.3439454,40.6506985,ALLAIRE SHOPPING CENTER,"272 North Avenue E, Westfield, NJ 07090,(732) 449-5949"
-75.3802644,39.9155325,PADDOCK PLAZA,"517 E Baltimore Pike, Media, PA 19063,(732) 935-1955"
-71.082623,42.34879,TWIN CITY PLAZA,"829 Boylston St, Boston, MA 02116,(617) 666-1640"
-71.0851148,42.3751307,CENTRAL SQUARE,"20 McGrath Hwy #2, Somerville, MA 02143,(617) 547-1134"
-71.102928,42.365192,GATEWAY CENTER,"605 Massachusetts Ave, Cambridge, MA 02139,(617) 381-0685"
-71.1245675,42.3523603,PIERCE BUILDING,"1083 Commonwealth Ave, Boston, MA 02215,(617) 277-9600"
-71.1221506,42.3421217,PORTER SQUARE,"1336 Beacon St, Brookline, MA 02446,(617) 492-0067"
-71.1245556,42.392217,CAPITOL SHOPPING CENTER,"2150 Massachusetts Ave, Cambridge, MA 02140,(617) 929-0520"
-71.182798,42.365876,WEST ROXBURY STAR MARKET,"1 Mt Auburn St, Watertown, MA 02472,(617) 327-1887"
-71.1637361,42.2773696,HILLSIDE PLAZA,"77 Spring St, Boston, MA 02132,(781) 231-0180"
-70.9948847,42.2430984,ROUTE 1 NORTH PLAZA,"17 Scammell St, Quincy, MA 02169,(781) 233-9700"
-71.0173251,42.4881927,LEXINGTON MALL,"358 Broadway, Saugus, MA 01906,(781) 647-8360"
-71.2334786,42.4118426,AUBURNDALE PLAZA,"1077 Lexington St, Waltham, MA 02452,(617) 928-0660"
-71.2469788,42.3478386,REDSTONE PLAZA,"2058 Commonwealth Ave, Newton, MA 02466,(781) 438-7280"
-71.02182,42.213847,THE LAUNCH AT HINGHAM SHIPYARD,"485 Granite St, Braintree, MA 02184,(781) 740-4414"
-71.236465,42.284233,VINEBROOK PLAZA,"1299 Highland Ave, Needham, MA 02492,(781) 273-2895"
-70.8995586,42.4860346,CENTERCORP,"13 Paradise Ave, Salem, MA 01970,(978) 744-5480"
-71.1982749,42.1903026,BLUE RIBBON PLAZA,"107 Lenox St, Norwood, MA 02062,(781) 541-6759"
-71.2729119,42.4895424,DANVERS PLAZA,"186 Great Rd, Bedford, MA 01730,(978) 750-4441"
-71.1764812,42.5501951,QUEEN ANNE'S CORNER,"335 Main St #2, Wilmington, MA 01887,(781) 741-5562"
-70.8886044,42.1755507,VILLAGE SHOPPES,"40 Whiting St #42, Hingham, MA 02043,(781) 828-4880"
-71.1477195,42.1405636,SUNNYSIDE PLAZA,"95 Washington St #412, Canton, MA 02021,(000) 000-0000"
-71.3630436,42.299681,SHAW PLAZA,"947 Worcester St, Natick, MA 01760,(978) 664-0966"
-71.1176742,42.5916499,NORTH BEVERLY PLAZA,"265 Main St, North Reading, MA 01864,(978) 998-6683"
-70.8918508,42.575461,WESTGATE SHOPPING CENTER,"45 Dodge St, Beverly, MA 01915,(508) 583-1640"
-71.0523449,42.0916096,SUDBURY PLAZA,"520 Westgate Dr, Brockton, MA 02301,(978) 443-2287"
-71.4312408,42.3602481,WALGREENS PLAZA,"519 Boston Post Rd, Sudbury, MA 01776,(508) 879-0931"
-71.4232096,42.2985686,TREBLE COVE PLAZA,"653 Worcester Rd, Framingham, MA 01701,(000) 000-0000"
-71.289218,42.580561,BELMONT PLAZA,"199 Boston Rd, North Billerica, MA 01862,(508) 584-2264"
-71.066116,42.0597702,WAMESIT PLACE,"1285 Belmont St #5a, Brockton, MA 02301,(978) 858-0880"
-70.8192286,42.1140639,ACTON PLAZA,"333 Columbia Rd, Hanover, MA 02339,(978) 263-4040"
-71.1271896,42.6755519,SHOPS AT CHESTNUT GREEN,"62 Peters St, North Andover, MA 01845,(508) 543-2800"
-71.256854,42.074221,WESTFORD VALLEY MARKETPLACE,"121 Main St #430, Foxborough, MA 02035,(978) 692-9203"
-71.422226,42.566941,HIGHLANDS PLAZA,"174 Littleton Rd, Westford, MA 01886,(508) 230-0382"
-71.141479,42.025022,DRUM HILL SHOPPING CENTER,"25 Robert Dr, Easton, MA 02375,(978) 454-9930"
-71.3634679,42.6238017,MERRIMAC PLAZA,"109 Drum Hill Rd, North Chelmsford, MA 01863,(978) 794-8008"
-71.1988384,42.7064223,MANSFIELD CROSSING,"154 Haverhill St, Methuen, MA 01844,(508) 261-2968"
-71.2295785,42.0144746,DELAWARE PARK,"j120, 280 School St, Mansfield, MA 02048,(716) 876-3917"
-78.867524,42.943148,TOPS PLAZA,"2165 Delaware Ave, Buffalo, NY 14216,(716) 875-4134"
-78.8709347,42.9689985,SENECA PLACE,"3116 Delaware Ave, Kenmore, NY 14217,(716) 675-6942"
-78.782651,42.827387,HAR-KEN PLAZA,"1881 Ridge Rd, West Seneca, NY 14224,(716) 836-2040"
-78.7841047,42.9490731,SENECA RIDGE PLAZA,"3842 Harlem Rd, Cheektowaga, NY 14215,(716) 675-1004"
-78.8728012,42.9843107,TOPS UNION PLAZA,"3675 Delaware Ave, Buffalo, NY 14223,(716) 681-8717"
-78.7541461,42.9192192,PARK EDGE PLAZA,"3843 Union Rd #95, Cheektowaga, NY 14225,(716) 835-3202"
-78.825349,42.9819,TJ MAXX PLAZA,"2309 Eggert Rd #13, Tonawanda, NY 14150,(716) 835-1388"
-78.820395,42.984031,BUILDERS SQUARE PLAZA,"3050 Sheridan Dr, Buffalo, NY 14226,(716) 826-0188"
-78.814542,42.788292,URBANDALE PLAZA,"4405 Milestrip Rd, Buffalo, NY 14219,(716) 681-3777"
-78.7332506,42.9187545,BUFFALO/MAIN UNION PLAZA,"2098 George Urban Blvd, Depew, NY 14043,(716) 632-6813"
-78.7564007,42.9609426,QUAKER CROSSING RETAIL CENTER,"5262 Main St, Buffalo, NY 14221,(716) 824-5264"
-78.7821922,42.7898991,CONSUMER SQUARE,"3474 Amelia Dr, Orchard Park, NY 14127,(716) 834-7104"
-78.8223113,42.9979389,ORCHARD PARK PLAZA,"1593 Niagara Falls Blvd, Buffalo, NY 14228,(716) 677-4036"
-78.8814066,43.0204001,TRANSIT FRENCH PLAZA,"80 Niagara St, Tonawanda, NY 14150,(716) 668-3446"
-78.694387,42.868618,TOPS PLAZA DEPEW,"4779 Transit Rd #7, Depew, NY 14043,(716) 686-9180"
-78.696351,42.930925,D & L PLAZA,"6363 Transit Rd, Depew, NY 14043,(716) 681-8715"
-78.82168,43.037108,TOWNHALL PLAZA,"3035 Niagara Falls Blvd, Buffalo, NY 14228,(716) 648-2153"
-78.6969494,42.9810936,MID CITY PLAZA,"7808 Transit Rd, Buffalo, NY 14221,(716) 695-3319"
-78.6969832,42.9885581,TOPS PLAZA AMHERST,"8070 Transit Rd, Buffalo, NY 14221,(716) 636-5929"
-78.9863635,42.6984187,GREY STREET PLAZA,"6924 Erie Rd, Derby, NY 14047,(716) 655-5734"
-78.6332161,42.7649004,WEGMAN'S PLAZA,"132 Grey St, East Aurora, NY 14052,(716) 298-0096"
-78.9727067,43.0950029,RIOCAN CENTRE,"1639 Military Rd #3, Niagara Falls, NY 14304,(905) 358-2941"
-79.1149654,43.1021229,SOUTHTOWN PLAZA,"7190 Morrison St #5c, Niagara Falls, ON L2E 7K5, Canada,(716) 439-4102"
-78.6968399,43.1411192,FAIRVIEW MALL,"5841 S Transit Rd, Lockport, NY 14094,(905) 646-5641"
-78.004968,42.979619,12 CORNERS,"128 W Main St #6, Le Roy, NY 14482,(585) 442-7300"
-77.578911,43.197794,STREET OF SHOPPES,"1381 E Ridge Rd, Rochester, NY 14621,(585) 581-0090"
-77.615017,43.086654,CULVER RIDGE PLAZA,"943 Jefferson Rd, Rochester, NY 14623,(585) 266-2280"
-77.558677,43.203432,JAY SCUTTI PLAZA,"2255 E Ridge Rd #420, Irondequoit, NY 14622,(585) 427-0070"
-77.628138,43.080673,NORTH GATE PLAZA,"1000 Hylan Dr, Rochester, NY 14623,(585) 581-1470"
-77.644564,43.240303,BAYTOWN PLAZA,"3800 Dewey Ave, Rochester, NY 14616,(585) 787-1060"
-77.499455,43.1907039,ELMRIDGE PLAZA,"1900 Empire Blvd, Webster, NY 14580,(585) 227-2140"
-77.7315337,43.2155955,CHILI PLAZA,"300 Elmridge Center Dr, Rochester, NY 14626,(585) 889-2590"
-77.444944,43.129456,TOWN CENTER AT WEBSTER,"2157 Penfield Rd, Penfield, NY 14526,(585) 872-1862"
-77.454837,43.212569,COURTNEY COMMONS,"1028 Ridge Rd #120, Webster, NY 14580,(585) 223-3770"
-77.4394109,43.0678797,COBBLESTONE COURT,"12 Courtney Dr, Fairport, NY 14450,(585) 223-4430"
-78.206148,43.007646,PALACE THEATER MALL,"8351 Lewiston Rd #4, Batavia, NY 14020,(315) 432-1358"
-76.1129025,43.0685145,WESTERN LIGHTS CENTER,"2390 James St, Syracuse, NY 13206,(315) 475-7950"
-76.1926991,43.032701,DEWITT COMMONS,"4729 Onondaga Blvd #110, Syracuse, NY 13219,(315) 251-2610"
-76.067963,43.0449019,FAIRMOUNT CENTER,"3401 Erie Blvd E, Syracuse, NY 13214,(315) 484-4409"
-76.226898,43.049384,NORTHERN LIGHTS CENTER,"3328 W Genesee St, Syracuse, NY 13219,(315) 455-1888"
-76.1445624,43.1101643,TAFT ROAD PLAZA,"225 Northern Lights Plaza, Syracuse, NY 13212,(315) 453-9148"
-76.0493915,43.0299913,CAMILLUS RETAIL SITE,"6831 E Genesee St, Fayetteville, NY 13066,(315) 487-0896"
-76.2747699,43.041059,CICERO MARKETPLACE,"5376 W Genesee St #2, Camillus, NY 13031,(315) 458-4627"
-76.121752,43.150951,ROUTE 57 RETAIL CENTER,"5663-5701 Circle Dr #1000, Cicero, NY 13039,(315) 622-0800"
-76.226421,43.136994,GREAT NORTHERN PLAZA,"7567 Oswego Rd #2, Liverpool, NY 13090,(315) 622-0848"
-76.2371362,43.1870592,MANLIUS MARKET PLACE,"3957 Rte 31, Liverpool, NY 13090,(315) 682-0010"
-75.957541,42.990915,FINGERLAKES CROSSING,"8240 Cazenovia Rd, Manlius, NY 13104,(315) 252-3731"
-76.6082654,42.9280578,GLENWOOD PLAZA,"1626 Clark Street Rd, Auburn, NY 13021,(315) 361-5149"
-75.6397508,43.0687041,WIDEWATER COMMONS,"2176 Glenwood Ave, Oneida, NY 13421,(315) 343-0094"
-76.4748414,43.4637773,MOHAWK ACRES,"437 Rte 104, Oswego, NY 13126,(315) 336-3301"
-75.4381235,43.2325121,AVENUE PLAZA,"1776 Black River Blvd N, Rome, NY 13440,(315) 736-1090"
-75.313469,43.088883,CHANANTRY PLAZA,"4631 Commercial Dr, New Hartford, NY 13413,(315) 732-1233"
-75.28224,43.084836,BETHLEHEM TOWN CENTER,"485 French Rd, Utica, NY 13502,(518) 432-4455"
-73.782804,42.616405,SHOPPES AT NEW GREENBUSH,"Old Route 9 W, Bethlehem, NY 12077,(518) 283-3392"
-73.6998081,42.6471242,NORTHWAY MALL,"600 N Greenbush Rd, Rensselaer, NY 12144,(518) 446-1422"
-73.832353,42.703057,LATHAM RETAIL CENTER,"1440B Central Ave, Colonie, NY 12205,(518) 220-2025"
-73.766617,42.759075,MOHAWK COMMONS,"231 Wade Road Ext #104, Latham, NY 12110,(518) 382-3235"
-73.8934236,42.7734151,WIDEWATER COMMONS HANNAFORD,"410 Balltown Rd, Schenectady, NY 12304,(518) 758-2887"
-73.6885984,42.4287661,GREENPORT COMMONS,"2967 Rte 9 #404, Valatie, NY 12184,(518) 671-6707"
-73.7575331,42.2787089,BERKSHIRE CROSSING,"424 Fairview Ave #900, Hudson, NY 12534,(413) 442-7800"
-73.199367,42.465267,WILTON SQUARE,"555 Hubbard Ave, Pittsfield, MA 01201,(518) 584-4856"
-73.7462618,43.1013418,MONUMENT PLAZA,"3039 Rte 50 #2, Saratoga Springs, NY 12866,(802) 442-7402"
-73.2098645,42.8991151,PRICERITE PLAZA,"214 Northside Dr #4, Bennington, VT 05201,(518) 798-7535"
-73.669729,43.327966,THE GATEWAY SHOPPING CENTER,"735 Upper Glen St, Queensbury, NY 12804,(802) 651-1000"
-73.4861368,44.6948096,THE AVENUE,"Consumer Square, Plattsburgh, NY 12901,(207) 942-9108"
-68.671053,44.9239881,,"601 Stillwater Ave #2, Old Town, ME 04468,(000) 000-0000"
