-86.092874,32.365531,Ulta - Montgomery,"Eastchase Market Center, Montgomery, AL 36117 "
-85.407939,32.619071,Ulta - Opelika,"Tiger Town (Phase IV), Opelika, AL 36801 "
-86.838674,33.340325,Ulta - Hoover,"Patton Creek Shopping Center, Hoover, AL 35244 "
-85.344924,31.299215,Ulta - Dothan,"Dothan Pavilion, Dothan, AL 36303 "
-87.481129,33.236415,Ulta - Tuscaloosa,"Midtown Shopping Center, Tuscaloosa, AL 35404 "
-86.693324,34.753976,Ulta - Huntsville,"Bridge Street Town Center, Huntsville, AL 35806 "
-86.680709,33.430175,Ulta - Birmingham,"Brook Highland Plaza, Birmingham, AL 35242 "
-94.112636,36.278609,Ulta - Rogers,"Pinnacle Hills Plaza, Rogers, AR 72758 "
-93.989939,36.101885,Ulta - Fayetteville,"Spring Creek Centre, Fayetteville, AR 72703 "
-94.364965,35.356581,Ulta - Fort Smith,"Fort Smith Pavilion, Fort Smith, AR 72903 "
-111.908624,33.432121,Ulta - Tempe,"Tempe Marketplace, Tempe, AZ 85281 "
-111.796505,33.360089,Ulta - Gilbert,"The Shoppes at Gilbert Commons, Gilbert, AZ 85233 "
-112.031869,33.509231,Ulta - Phoenix,"Camelback Colonnade Shopping Center, Phoenix, AZ 85016 "
-111.686836,33.381501,Ulta - Mesa,"Mesa Pavilions at Superstition Springs, Mesa, AZ 85209 "
-112.349569,33.465195,Ulta - Goodyear,"Palm Valley Pavilions West, Goodyear, AZ 85395 "
-111.951813,33.619191,Ulta - Scottsdale,"The Promenade @ Frank Lloyd Wright Blvd., Scottsdale, AZ 85254 "
-112.256271,33.822363,Ulta - Peoria,"Lake Pleasant Towne Center, Peoria, AZ 85383 "
-111.924359,33.318181,Ulta - Chandler,"Casa Paloma, Chandler, AZ 85226 "
-112.099229,33.654715,Ulta - Phoenix,"Happy Valley Towne Center, Phoenix, AZ 85027 "
-112.256244,33.531851,Ulta - Glendale,"Peoria Crossings, Glendale, AZ 85305 "
-110.963025,32.428192,Ulta - Oro Valley,"Oro Valley Marketplace, Oro Valley, AZ 85755 "
-111.634519,33.244671,Ulta - Queen Creek,"Queen Creek Marketplace, Queen Creek, AZ 85242 "
-111.885564,33.319093,Ulta - Chandler,"Chandler Festival, Chandler, AZ 85224 "
-112.238228,33.631031,Ulta - Peoria,"Arrowhead Crossing Shopping Center, Peoria, AZ 85382 "
-111.765289,32.916181,Ulta - Casa Grande,"Promenade at Casa Grande, Casa Grande, AZ 85222 "
-112.029424,33.640585,Ulta - Phoenix,"Village Fair North Shopping Center, Phoenix, AZ 85032 "
-112.001247,33.677641,Ulta - Phoenix,"Desert Ridge Shopping Center, Phoenix, AZ 85050 "
-110.874209,32.207001,Ulta - Tucson,"Park Place Mall, Tucson, AZ 85711 "
-111.029069,32.297655,Ulta - Tucson,"Oracle Wetmore, Tucson, AZ 85705 "
-111.903764,33.522395,Ulta - Scottsdale,"Scottsdale Pavilions, Scottsdale, AZ 85250 "
-112.326939,33.638611,Ulta - Surprise,"Surprise Marketplace, Surprise, AZ 85374 "
-111.784304,33.306502,Ulta - Gilbert,"San Tan Village Phase II, Gilbert, AZ 85295 "
-111.627279,33.386485,Ulta - Mesa,"Superstition Gateway, Mesa, AZ 85209 "
-117.231334,32.868125,Ulta - La Jolla,"La Jolla Village Square, La Jolla, CA 92037 "
-119.179844,34.235851,Ulta - Oxnard,"The Esplanade Shopping Center, Oxnard, CA 93036 "
-121.692719,37.934055,Ulta - Brentwood,"Streets of Brentwood, Brentwood, CA 94513 "
-121.894251,37.293939,Ulta - San Jose,"The Plant, San Jose, CA 95125 "
-117.873834,33.652875,Ulta - Newport Beach,"Westcliff Plaza, Newport Beach, CA 92660 "
-118.063704,33.868545,Ulta - Cerritos,"Cerritos Towne Center, Cerritos, CA 90703 "
-117.821213,33.737641,Ulta - Tustin,"The District at Tustin Legacy, Tustin, CA 92780 "
-121.982169,37.550911,Ulta - Fremont,"Fremont Hub Retail Center, Fremont, CA 94538 "
-121.421641,38.420681,Ulta - Elk Grove,"Laguna Gateway, Elk Grove, CA 95758 "
-122.268521,37.560928,Ulta - San Mateo,"Bridgepointe Shopping Center, San Mateo, CA 94404 "
-121.271764,38.697841,Ulta - Citrus Heights,"Marketplace at Birdcage, Citrus Heights, CA 95610 "
-117.532411,34.114849,Ulta - Rancho Cucamonga,"Victoria Gardens, Rancho Cucamonga, CA 91739 "
-121.163264,38.681551,Ulta - Folsom,"Folsom-Gateway II, Folsom, CA 95630 "
-122.728064,38.422495,Ulta - Santa Rosa,"Santa Rose Marketplace, Santa Rosa, CA 95407 "
-121.315086,37.997651,Ulta - Stockton,"Sherwood Mall, Stockton, CA 95207 "
-117.209864,33.149475,Ulta - San Marcos,"Grand Plaza, San Marcos, CA 92078 "
-117.689328,34.012811,Ulta - Chino,"Chino Spectrum Towne Center, Chino, CA 91710 "
-118.308124,34.181471,Ulta - Burbank,"Burbank Empire Center, Burbank, CA 91502 "
-117.380584,33.197151,Ulta - Oceanside,"El Camino North, Oceanside, CA 92054 "
-121.284558,38.748529,Ulta - Roseville,"Creekside Town Center, Roseville, CA 95678 "
-121.405244,38.589601,Ulta - Sacramento,"Howe 'Bout Arden Shopping Center, Sacramento, CA 95825 "
-121.009679,37.711151,Ulta - Modesto,"Vintage Commons, Modesto, CA 95356 "
-119.758449,36.859251,Ulta - Fresno,"Villaggio Retail Center, Fresno, CA 93720 "
-116.412609,33.740201,Ulta - Rancho Mirage,"The River at Rancho Mirage, Rancho Mirage, CA 92270 "
-121.523048,38.642109,Ulta - Sacramento,"The Promenade at Sacramento Gateway, Sacramento, CA 95834 "
-121.916437,37.704098,Ulta - Dublin,"Hacienda Crossings, Dublin, CA 94568 "
-122.435112,37.618279,Ulta - San Bruno,"The Shops at Tanofran, San Bruno, CA 94066 "
-117.244148,33.095612,Ulta - Carlsbad,"The Forum at Carlsbad, Carlsbad, CA 92009 "
-117.995481,33.695667,Ulta - Huntington Beach,"Huntington Beach, Huntington Beach, CA 92647 "
-118.082504,34.148953,Ulta - Pasadena,"Hastings Village Shopping Center, Pasadena, CA 91107 "
-118.355589,34.101661,Ulta - West Hollywood,"West Hollywood Gateway, West Hollywood, CA 90046 "
-117.673873,34.177487,Ulta - Upland,"Colonies Crossroads, Upland, CA 91784 "
-117.550359,33.853735,Ulta - Corona,"The Crossing at Corona, Corona, CA 92881 "
-105.082738,39.710951,Ulta - Lakewood,"Lakewood City Commons, Lakewood, CO 80226 "
-104.806724,39.592725,Ulta - Aurora,"Cornerstar, Aurora, CO 80016 "
-105.000901,40.204407,Ulta - Longmont,"Harvest Junction North, Longmont, CO 80504 "
-104.990524,39.885195,Ulta - Northglenn,"Marketplace @ Northglenn, Northglenn, CO 80234 "
-104.708609,39.600762,Ulta - Aurora,"Southlands, Aurora, CO 80016 "
-104.881273,39.552672,Ulta - Littleton,"Shoppes at the Meadows,  Littleton, CO 80124 "
-108.605728,39.098161,Ulta - Grand Junction,"Canyon View Marketplace, Grand Junction, CO 81505 "
-104.927563,39.670959,Ulta - Denver,"University Hills Shopping Center, Denver, CO 80222 "
-104.743851,38.963619,Ulta - Colorado Springs,"The Shops at Briargate, Colorado Springs, CO 80920 "
-105.035021,39.608781,Ulta - Littleton,"Belleview Shores, Littleton, CO 80123 "
-105.078504,40.552635,Ulta - Fort Collins,"Front Range Village, Fort Collins, CO 80525 "
-72.860488,41.380701,Ulta - North Haven,"North Haven Commons, North Haven, CT 06473 "
-72.522636,41.760381,Ulta - Manchester,"The Plaza @ Buckland Hills, Manchester, CT 06040 "
-72.829657,41.810882,Ulta - Avon,"Avon Marketplace, Avon, CT 06001 "
-75.548363,39.818508,Ulta - Wilmington,"Concord Mall, Wilmington, DE 19803 "
-81.805254,26.251061,Ulta - Naples,"The Mercato, Naples, FL 34108 "
-80.144639,25.968611,Ulta - Aventura,"Aventura Commons, Aventura, FL 33180 "
-81.346304,28.581805,Ulta - Winter Park,"Winter Park Village, Winter Park, FL 32789 "
-80.127364,25.796596,Ulta - Miami Beach,"ULTA - Miami Beach, Miami Beach, FL 33139 "
-80.280854,26.008101,Ulta - Pembroke Pines,"Pembroke Crossings, Pembroke Pines, FL 33026 "
-80.366242,25.577851,Ulta - Miami,"Southland Mall, Miami, FL 33189 "
-81.206912,28.555449,Ulta - Orlando,"Waterford Lakes Town Center, Orlando, FL 32828 "
-82.448451,27.343185,Ulta - Sarasota,"University Town Center, Sarasota, FL 34232 "
-82.193123,29.151409,Ulta - Ocala,"Market Street at Heathbrook, Ocala, FL 34474 "
-81.360209,28.461995,Ulta - Orlando,"Orlando Square, Orlando, FL 32809 "
-81.046121,29.101179,Ulta - Port Orange,"The Pavilion at Port Orange, Port Orange, FL 32128 "
-80.664269,28.091951,Ulta - West Melbourne,"Hammock Landing, West Melbourne, FL 32904 "
-81.819659,30.222708,Ulta - Jacksonville,"Oakleaf Town Center, Jacksonville, FL 32222 "
-80.270014,26.643935,Ulta - Wellington,"Shops at Isla Verde, Wellington, FL 33414 "
-80.401021,25.670703,Ulta - Miami,"Kendallgate Shopping Center, Miami, FL 33186 "
-82.360807,27.289124,Ulta - Sarasota,"Sarasota Pavillion, Sarasota, FL 34240 "
-80.438691,27.274191,Ulta - Port St. Lucie,"The Landing at Tradition, Port St. Lucie, FL 34987 "
-85.939079,30.257321,Ulta - Panama City Beach,"Pier Park Town Center, Panama City Beach, FL 32413 "
-86.360794,30.375122,Ulta - Destin,"Shoppes at Paradise Isle, Destin, FL 32550 "
-81.810583,26.430074,Ulta - Estero,"Shops at Coconut Point, Estero, FL 33928 "
-81.868019,26.546805,Ulta - Ft. Myers,"Bell Tower, Ft. Myers, FL 33907 "
-82.575684,28.064079,Ulta - Tampa,"The Plaza at Citrus Park, Tampa, FL 33625 "
-81.422939,28.310579,Ulta - Kissimmee,"Loop West, Kissimmee, FL 34741 "
-81.536575,30.256369,Ulta - Jacksonville,"The Markets at Town Center, Jacksonville, FL 32246 "
-81.384406,28.651881,Ulta - Altamonte Springs,"Altamonte Mall, Altamonte Springs, FL 32701 "
-80.222304,25.759131,Ulta - Miami,"Miracle Marketplace, Miami, FL 33145 "
-81.581469,28.561591,Ulta - Winter Garden,"Winter Garden Village at Fowler Grove, Winter Garden, FL 34787 "
-82.333511,28.240324,Ulta - Wesley Chapel,"The Grove at Wesley Chapel, Wesley Chapel, FL 33543 "
-82.325474,27.940171,Ulta - Brandon,"Regeny Square, Brandon, FL 33511 "
-81.080571,32.020693,Ulta - Savannah,"Abercorn Common, Savannah, GA 31406 "
-84.616764,34.023405,Ulta - Kennesaw,"Barrett Pavilion, Kennesaw, GA 30144 "
-84.139944,34.203574,Ulta - Cumming,"Marketplace Boulevard, Cumming, GA 30040 "
-84.942447,32.521241,Ulta - Columbus,"Columbus Park Crossing, Columbus, GA 31909 "
-83.825503,34.297274,Ulta - Gainesville,"McEver's Corners, Gainesville, GA 30501 "
-84.454564,33.448651,Ulta - Fayetteville,"Fayette Pavilion Center, Fayetteville, GA 30214 "
-83.753693,32.897442,Ulta - Macon,"The Shoppes at River Crossing, Macon, GA 31210 "
-84.318815,33.942961,Ulta - Dunwoody,"Perimeter Village Shopping Center, Dunwoody, GA 30338 "
-84.500793,33.869901,Ulta - Smyrna,"Heritage Point Shopping Center, Smyrna, GA 30080 "
-84.704591,33.417519,Ulta - Newnan,"The Forum at Ashley Park, Newnan, GA 30265 "
-83.940331,34.134526,Ulta - Buford,"Mall of Georgia Crossing, Buford, GA 30519 "
-84.586146,34.133815,Ulta - Woodstock,"Woodstock Shopping Center, Woodstock, GA 30189 "
-84.016664,33.856751,Ulta - Snellville,"Snellville Pavilion, Snellville, GA 30078 "
-84.370483,33.848935,Ulta - Atlanta,"Buckhead Station Shopping Center, Atlanta, GA 30326 "
-84.445259,33.793091,Ulta - Atlanta,"The District at Howell Mill, Atlanta, GA 30318 "
-81.639489,31.391308,Ulta - Brunswick,"Glynn Isles Market, Brunswick, GA 31525 "
-84.487329,34.236255,Ulta - Canton,"Canton Marketplace, Canton, GA 30114 "
-84.191174,34.018615,Ulta - Alpharetta,"Mansell Crossings Shopping Center, Alpharetta, GA 30022 "
-91.535554,41.949021,Ulta - Cedar Rapids,"Marketplace on First, Cedar Rapids, IA 52403 "
-93.808914,41.593865,Ulta - West Des Moines,"Jordan Creek Town Center, West Des Moines, IA 50266 "
-93.697801,41.629621,Ulta - Des Moines,"Merle Hay Mall, Des Moines, IA 50310 "
-87.621606,41.880884,Ulta - Chicago,"Chicago-State Street, Chicago, IL 60603 "
-87.945901,41.832481,Ulta - Oak Brook,"The Shops at Oak Brook Place, Oak Brook, IL 60523 "
-88.305225,41.887011,Ulta - Geneva,"Randall Square Shopping Center, Geneva, IL 60134 "
-87.785119,41.596405,Ulta - Tinley Park,"Brookside Marketplace, Tinley Park, IL 60477 "
-88.305016,41.704441,Ulta - Oswego,"Prairie Market, Oswego, IL 60543 "
-88.147599,41.778435,Ulta - Naperville,"Washington Street, Naperville, IL 60540 "
-87.654329,41.951865,Ulta - Chicago,"North & Sheffield Commons, Chicago, IL 60622 "
-87.846179,42.168891,Ulta - Deerfield,"Deerbrook Mall, Deerfield, IL 60015 "
-87.817679,41.964355,Ulta - Norridge,"The Gap Shopping Center, Norridge, IL 60706 "
-87.853469,41.617285,Ulta - Orland Park,"Lakeview Plaza, Orland Park, IL 60462 "
-87.978384,42.108951,Ulta - Arlington Heights,"North Point Shopping Center, Arlington Heights, IL 60004 "
-89.013129,42.252985,Ulta - Rockford,"Rockford Crossing, Rockford, IL 61108 "
-89.683199,39.776925,Ulta - Springfield,"White Oaks Plaza, Springfield, IL 62704 "
-87.647439,41.921821,Ulta - Chicago,"Clybourn Square, Chicago, IL 60614 "
-88.096871,42.013762,Ulta - Schaumburg,"Barrington/Weathersfield Plaza, Schaumburg, IL 60193 "
-88.448029,41.639135,Ulta - Yorkville,"Kendall Marketplace, Yorkville, IL 60560 "
-88.081199,41.698175,Ulta - Bolingbrook,"The Promenade at Bolingbrook, Bolingbrook, IL 60440 "
-87.832491,42.093204,Ulta - Glenview,"Glen Tower Center, Glenview, IL 60026 "
-87.647779,41.936401,Ulta - Chicago,"Clark & Wellington Shopping Center, Chicago, IL 60657 "
-88.112489,41.758915,Ulta - Naperville,"West Ridge Court, Naperville, IL 60540 "
-88.997709,40.485011,Ulta - Bloomington,"Eastland Mall, Bloomington, IL 61701 "
-88.092136,42.197221,Ulta - Kildeer,"The Shops at Kildeer, Kildeer, IL 60047 "
-88.078659,41.920132,Ulta - Glendale Heights,"Sportmart Plaza, Glendale Heights, IL 60139 "
-88.110629,41.866061,Ulta - Wheaton,"Danada Square West, Wheaton, IL 60187 "
-90.013559,38.597245,Ulta - Fairview Heights,"Fairview Center, Fairview Heights, IL 62208 "
-87.874334,41.788181,Ulta - Hodgkins,"The Quarry Shopping Center, Hodgkins, IL 60525 "
-87.914414,42.364345,Ulta - Gurnee,"Grand Hunt Shopping Center, Gurnee, IL 60031 "
-88.042333,42.048473,Ulta - Schaumburg,"Woodfield Village Green, Schaumburg, IL 60173 "
-87.970871,42.222251,Ulta - Vernon Hills,"Rivertree Court, Vernon Hills, IL 60061 "
-88.327179,42.164371,Ulta - Algonquin,"Algonquin Commons, Algonquin, IL 60102 "
-88.272202,42.346828,Ulta - McHenry,"The Shops at Fox Valley, McHenry, IL 60050 "
-87.755679,42.026341,Ulta - Skokie,"Old Orchard Place Mall, Skokie, IL 60077 "
-87.755679,42.026341,Ulta - Skokie,"Village Crossing Shopping Center, Skokie, IL 60077 "
-88.011479,41.761028,Ulta - Downers Grove,"The Grove, Downers Grove, IL 60516 "
-86.190268,41.712097,Ulta - Mishawaka,"University Park Mall, Mishawaka, IN 46545 "
-87.448284,41.553291,Ulta - Highland,"Highland Grove, Highland, IN 46322 "
-87.338353,41.485607,Ulta - Merrillville,"The Crossings at Hobart, Merrillville, IN 46410 "
-86.156609,39.890415,Ulta - Indianapolis,"Fashion Mall Commons, Indianapolis, IN 46240 "
-86.362309,39.705015,Ulta - Plainfield,"Metropolis, Plainfield, IN 46168 "
-86.012239,40.045151,Ulta - Noblesville,"Hamilton Town Center, Noblesville, IN 46060 "
-86.103554,40.463516,Ulta - Kokomo,"Boulevard Crossing, Kokomo, IN 46902 "
-85.249029,41.055431,Ulta - Ft. Wayne,"Jefferson Pointe Shopping Center, Ft. Wayne, IN 46804 "
-94.815579,38.803828,Ulta - Olathe,"Olathe Point, Olathe, KS 66062 "
-85.613887,38.317654,Ulta - Louisville,"The Summit at Louisville, Louisville, KY 40241 "
-84.534729,38.006401,Ulta - Lexington,"South Park Shopping Center, Lexington, KY 40503 "
-84.362164,37.989101,Ulta - Lexington,"Hamburg Pavilion, Lexington, KY 40509 "
-91.089899,30.391051,Ulta - Baton Rouge,"Mall of Louisiana, Baton Rouge, LA 70809 "
-90.457864,30.483011,Ulta - Hammond,"Hammond Square Shopping Center, Hammond, LA 70403 "
-93.715184,32.456161,Ulta - Shreveport,"Regal Court Shopping Center, Shreveport, LA 71105 "
-70.656309,41.926745,Ulta - Plymouth,"The Village at Colony Place, Plymouth, MA 02360 "
-71.054484,42.408161,Ulta - Everett,"Gateway Center, Everett, MA 02149 "
-71.356014,42.300455,Ulta - Natick,"Sherwood Plaza East, Natick, MA 01760 "
-71.329549,41.974131,Ulta - North Attleboro,"North Attleboro Marketplace, North Attleboro, MA 02760 "
-77.108154,39.037195,Ulta - Rockville,"Congressional Plaza, Rockville, MD 20852 "
-77.028183,38.992031,Ulta - Silver Spring,"Downtown Silver Spring, Silver Spring, MD 20910 "
-76.466104,39.370855,Ulta - Baltimore,"The Avenue at White Marsh, Baltimore, MD 21236 "
-76.794757,39.183545,Ulta - Elkridge,"Gateway Overlook, Elkridge, MD 21075 "
-76.542134,38.973665,Ulta - Annapolis,"Annapolis Harbour Center, Annapolis, MD 21401 "
-76.642716,39.478651,Ulta - Hunt Valley,"Hunt Valley Towne Centre, Hunt Valley, MD 21030 "
-70.334196,43.640474,Ulta - South Portland,"The Maine Mall, South Portland, ME 04106 "
-69.789101,44.341261,Ulta - Augusta,"The Augusta Marketplace, Augusta, ME 04330 "
-86.078514,42.831731,Ulta - Holland,"Felch Street Center, Holland, MI 49424 "
-85.731579,43.029915,Ulta - Walker,"Alpine Summit Shopping Center, Walker, MI 49544 "
-83.220054,42.263921,Ulta - Allen Park,"Fairlane Green Phase I, Allen Park, MI 48101 "
-85.589374,42.201535,Ulta - Portage,"Southland Mall, Portage, MI 49002 "
-83.748193,42.468094,Ulta - Brighton,"Green Oak Village Place, Brighton, MI 48116 "
-83.363544,42.527855,Ulta - Farmington Hills,"Hunters Square, Farmington Hills, MI 48334 "
-82.843384,42.662031,Ulta - Chesterfield Township,"Waterside Marketplace, Chesterfield Township, MI 48051 "
-83.794569,42.279411,Ulta - Ann Arbor,"Cranbrook Village Shopping Center, Ann Arbor, MI 48103 "
-83.124039,42.561751,Ulta - Troy,"Oakland Plaza, Troy, MI 48083 "
-83.137021,42.683259,Ulta - Rochester Hills,"Hampton Village Center, Rochester Hills, MI 48307 "
-83.315294,42.721487,Ulta - Orion Township,"Baldwin Commons, Orion Township, MI 48359 "
-93.328444,44.880315,Ulta - Edina,"Southdale Center, Edina, MN 55435 "
-94.284917,45.497741,Ulta - St Cloud,"Rivertown Village, St Cloud, MN 56301 "
-93.461594,45.126701,Ulta - Maple Grove,"The Shoppes at Arbor Lakes, Maple Grove, MN 55369 "
-93.149289,45.021589,Ulta - Roseville,"Crossroads of Roseville, Roseville, MN 55113 "
-92.940617,44.919876,Ulta - Woodbury,"Tamarack Shopping Center, Woodbury, MN 55125 "
-93.427764,44.971961,Ulta - Minnetonka,"Ridgehaven Mall, Minnetonka, MN 55305 "
-92.157043,46.812469,Ulta - Duluth,"Miller Hill Mall, Duluth, MN 55811 "
-93.280229,45.177591,Ulta - Coon Rapids,"Riverdale Village, Coon Rapids, MN 55448 "
-93.274191,44.765621,Ulta - Burnsville,"Burnhaven Mall, Burnsville, MN 55337 "
-94.636062,39.259378,Ulta - Kansas City,"Tiffany Springs Market Center, Kansas City, MO 64154 "
-90.590281,38.667961,Ulta - Chesterfield,"Chesterfield Commons East, Chesterfield, MO 63005 "
-90.538789,38.592985,Ulta - Manchester,"Manchester Highlands, Manchester, MO 63011 "
-88.899989,30.445245,Ulta - D'Iberville,"The Promenade, D'Iberville, MS 39540 "
-90.139941,32.311721,Ulta - Flowood,"Market Street Flowood, Flowood, MS 39232 "
-88.703379,34.315561,Ulta - Tupelo,"Mall at Barnes Crossing, Tupelo, MS 38804 "
-80.820308,35.050451,Ulta - Charlotte,"Stonecrest Shopping Center, Charlotte, NC 28277 "
-80.779223,35.168106,Ulta - Charlotte,"Cotswold Village Shops, Charlotte, NC 28211 "
-80.903474,35.604205,Ulta - Mooresville,"Mooresville Crossing, Mooresville, NC 28117 "
-79.485955,36.036842,Ulta - Burlington,"University Commons, Burlington, NC 27215 "
-78.853193,35.732626,Ulta - Apex,"Beaver Creek Crossing, Apex, NC 27502 "
-77.379723,34.766141,Ulta - Jacksonville,"Jacksonville Mall, Jacksonville, NC 28546 "
-78.510053,35.882608,Ulta - Raleigh,"Triangle Towne Plaza, Raleigh, NC 27616 "
-79.889313,36.121429,Ulta - Greensboro,"The Shops at Friendly Center, Greensboro, NC 27410 "
-79.015886,35.060459,Ulta - Fayetteville,"Cross Point Center, Fayetteville, NC 28314 "
-77.871064,34.288611,Ulta - Wilmington,"Mayfaire Towne Center, Wilmington, NC 28405 "
-80.797231,35.293877,Ulta - Charlotte,"University Place Shopping Center, Charlotte, NC 28262 "
-78.982399,35.888245,Ulta - Durham,"Renaissance Center IV, Durham, NC 27713 "
-78.773924,35.751335,Ulta - Cary,"Cary Crossroads, Cary, NC 27511 "
-96.121229,41.208141,Ulta - Omaha,"L Street Marketplace, Omaha, NE 68137 "
-96.047153,41.146631,Ulta - Papillion,"Shadow Lake Towne Center, Papillion, NE 68046 "
-74.723478,39.463754,Ulta - Mays Landing,"Wrangleboro Consumer Square, Mays Landing, NJ 08330 "
-74.682644,40.301195,Ulta - Princeton,"Nassau Park Pavilion, Princeton, NJ 08540 "
-74.511513,40.900116,Ulta - Rockaway,"Rockaway Towne Plaza, Rockaway, NJ 07866 "
-74.908434,39.886345,Ulta - Marlton,"Willow Ridge Plaza, Marlton, NJ 08053 "
-74.282704,39.713221,Ulta - Manahawkin,"Stafford Park, Manahawkin, NJ 08050 "
-74.423234,40.637731,Ulta - Watchung,"Watchung Square, Watchung, NJ 07069 "
-74.187671,40.384362,Ulta - Holmdel,"Holmdel Commons, Holmdel, NJ 07733 "
-74.954669,39.943791,Ulta - Mt. Laurel,"East Gate Square, Mt. Laurel, NJ 08054 "
-75.124404,39.828371,Ulta - Deptford,"Deptford Crossing, Deptford, NJ 08096 "
-73.973704,40.826541,Ulta - Edgewater,"City Place at the Promenade, Edgewater, NJ 07020 "
-75.032211,39.928731,Ulta - Cherry Hill,"Towne Place at Garden State Park, Cherry Hill, NJ 08002 "
-74.059747,40.903776,Ulta - Maywood,"Bergen Town Center, Maywood, NJ 07607 "
-106.617331,35.188798,Ulta - Albuquerque,"Cottonwood Mall, Albuquerque, NM 87114 "
-119.792119,39.471095,Ulta - Reno,"Reno Villiage Commons, Reno, NV 89511 "
-115.144994,36.013255,Ulta - Las Vegas,"Silverado Ranch Plaza, Las Vegas, NV 89183 "
-119.737772,39.582316,Ulta - Sparks,"Sparks Crossing, Sparks, NV 89436 "
-115.224093,36.205491,Ulta - Las Vegas,"Best in the West Shopping Center, Las Vegas, NV 89108 "
-115.043919,36.083831,Ulta - Henderson,"Stephanie Street Shopping Center, Henderson, NV 89014 "
-115.260649,36.062021,Ulta - Las Vegas,"Arroyo Market Square, Las Vegas, NV 89113 "
-78.810054,42.785901,Ulta - Buffalo,"McKinley Mall, Buffalo, NY 14219 "
-76.240219,43.049481,Ulta - Syracuse,"Fairmount Fair, Syracuse, NY 13219 "
-73.011186,40.762203,Ulta - Patchogue,"Gateway Plaza, Patchogue, NY 11772 "
-73.119984,40.839085,Ulta - Lake Grove,"Lake Grove, Lake Grove, NY 11755 "
-73.291461,40.847146,Ulta - Commack,"King Kullen Plaza, Commack, NY 11725 "
-74.479469,41.453339,Ulta - Middletown,"The Shoppes at Orange Plaza, Middletown, NY 10940 "
-77.430164,43.217305,Ulta - Webster,"Webster Towne Center, Webster, NY 14580 "
-73.512739,40.725952,Ulta - Levittown,"Levittown Mews, Levittown, NY 11756 "
-76.826069,42.172655,Ulta - Horseheads,"Southern Tier Crossing, Horseheads, NY 14845 "
-77.643419,43.103767,Ulta - Rochester,"Market Place Square, Rochester, NY 14623 "
-74.187129,41.328125,Ulta - Monroe,"Harriman Commons, Monroe, NY 10950 "
-78.796889,43.022327,Ulta - Amherst,"Boulevard Consumer Square, Amherst, NY 14228 "
-81.622978,41.134339,Ulta - Akron,"West Market Plaza, Akron, OH 44333 "
-81.811089,41.313161,Ulta - Strongsville,"The Plaza At Southpark, Strongsville, OH 44136 "
-81.851273,41.461491,Ulta - Fairview Park,"Westgate Mall, Fairview Park, OH 44126 "
-83.646799,41.705533,Ulta - Toledo,"Westfield Franklin Park Mall, Toledo, OH 43623 "
-81.337269,41.697995,Ulta - Mentor,"Shoppes of Mentor, Mentor, OH 44060 "
-84.562644,39.400081,Ulta - Hamilton,"Bridgewater Falls, Hamilton, OH 45011 "
-84.297619,39.356975,Ulta - Mason,"Deerfield Towne Center, Mason, OH 45040 "
-82.921752,40.051364,Ulta - Columbus,"Easton Market, Columbus, OH 43219 "
-82.972729,40.154751,Ulta - Columbus,"Polaris Towne Center, Columbus, OH 43240 "
-84.393774,39.204341,Ulta - Cincinnati,"Sycamore Plaza, Cincinnati, OH 45236 "
-84.158054,39.658941,Ulta - Dayton,"Dayton Mall – Streetscape, Dayton, OH 45459 "
-97.642143,35.481531,Ulta - Oklahoma City,"Westgate Marketplace, Oklahoma City, OK 73127 "
-97.585602,35.609138,Ulta - Oklahoma City,"Quail Springs Marketplace, Oklahoma City, OK 73134 "
-97.446599,35.220761,Ulta - Norman,"University Town Center, Norman, OK 73069 "
-97.397346,35.435707,Ulta - Midwest City,"Town Center Plaza, Midwest City, OK 73110 "
-95.924529,36.098447,Ulta - Tulsa,"Southroads Shopping Center, Tulsa, OK 74135 "
-95.864394,36.072675,Ulta - Tulsa,"Eastside Market, Tulsa, OK 74133 "
-96.021209,36.057105,Ulta - Tulsa,"Tulsa Hills Shopping Center, Tulsa, OK 74132 "
-122.796153,45.484895,Ulta - Beaverton,"Cedar Hills Crossings, Beaverton, OR 97005 "
-122.758854,45.384105,Ulta - Tualatin,"Nyberg Woods, Tualatin, OR 97062 "
-122.435309,45.505991,Ulta - Gresham,"Gresham Station, Gresham, OR 97030 "
-75.843028,41.240896,Ulta - Wilkes-Barre,"Arena Hub Plaza, Wilkes-Barre, PA 18702 "
-80.179871,40.451081,Ulta - Pittsburgh,"The Plaza at the Pointe, Pittsburgh, PA 15275 "
-74.871365,40.175462,Ulta - Fairless Hills,"The Court of Oxford Valley, Fairless Hills, PA 19030 "
-75.307689,40.128805,Ulta - Plymouth Meeting,"Metroplex Shopping Center, Plymouth Meeting, PA 19462 "
-79.904359,40.399235,Ulta - Homestead,"The Stacks at the Waterfront, Homestead, PA 15120 "
-79.795723,40.431401,Ulta - Monroeville,"Monroeville Mall, Monroeville, PA 15146 "
-78.398904,40.507191,Ulta - Altoona,"Logan Town Center, Altoona, PA 16602 "
-75.978439,40.357631,Ulta - Wyomissing,"Broadcasting Square Shopping Center, Wyomissing, PA 19610 "
-75.631239,40.048881,Ulta - Exton,"Whiteland Towne Center, Exton, PA 19341 "
-80.032235,40.550217,Ulta - Pittsburgh,"North Hills Village Mall, Pittsburgh, PA 15237 "
-75.242039,40.236225,Ulta - North Wales,"Montgomery Square, North Wales, PA 19454 "
-75.457471,40.216931,Ulta - Collegeville,"Providence Town Center, Collegeville, PA 19426 "
-75.333513,40.485495,Ulta - Quakertown,"Richland Marketplace, Quakertown, PA 18951 "
-76.648869,39.983011,Ulta - York,"York Town Center, York, PA 17402 "
-76.980323,40.266928,Ulta - Mechanicsburg,"Silver Springs Square, Mechanicsburg, PA 17050 "
-75.425321,40.662156,Ulta - Allentown,"Airport Center, Allentown, PA 18109 "
-75.178549,40.207765,Ulta - Horsham,"Horsham Gate, Horsham, PA 19044 "
-71.461686,41.698591,Ulta - Warwick,"Warwick Center, Warwick, RI 02886 "
-82.359904,34.878333,Ulta - Greenville,"The Shops at Greenridge, Greenville, SC 29607 "
-80.157649,33.036605,Ulta - Summerville,"Azalea Square, Summerville, SC 29483 "
-78.925836,33.699486,Ulta - Myrtle Beach,"Coastal Grand Mall, Myrtle Beach, SC 29577 "
-79.859452,32.816268,Ulta - Mt. Pleasant,"Mt. Pleasant Towne Center, Mt. Pleasant, SC 29464 "
-80.873459,34.132469,Ulta - Columbia,"The Village at Sandhill, Columbia, SC 29229 "
-82.686724,34.564373,Ulta - Anderson,"Midtown Park, Anderson, SC 29621 "
-82.560419,36.547801,Ulta - Kingsport,"Kingsport Pavilion, Kingsport, TN 37660 "
-85.143822,35.057234,Ulta - Chattanooga,"The Terrace, Chattanooga, TN 37421 "
-89.728205,35.188075,Ulta - Cordova,"Countrywood Crossing, Cordova, TN 38016 "
-88.634314,35.711795,Ulta - Jackson,"The Columns, Jackson, TN 38305 "
-86.377909,35.951011,Ulta - Murfreesboro,"The Avenue at Murfreesboro, Murfreesboro, TN 37129 "
-97.403564,27.796411,Ulta - Corpus Christi,"La Palmera, Corpus Christi, TX 78411 "
-97.752855,30.401797,Ulta - Austin,"Gateway Market Shopping Center, Austin, TX 78759 "
-96.761353,32.871147,Ulta - Dallas,"Park Lane, Dallas, TX 75231 "
-96.629159,32.816771,Ulta - Mesquite,"Market East Phase 1, Mesquite, TX 75150 "
-95.562494,29.776911,Ulta - Houston,"Town & Country Village, Houston, TX 77024 "
-95.619401,29.594259,Ulta - Sugarland,"The Market at Town Center, Sugarland, TX 77479 "
-95.757894,29.738755,Ulta - Katy,"Greentree Retail Center, Katy, TX 77450 "
-94.159859,30.128341,Ulta - Beaumont,"Parkdale Mall, Beaumont, TX 77706 "
-98.229364,26.207421,Ulta - McAllen,"Palms Crossing, McAllen, TX 78501 "
-97.315287,32.903251,Ulta - Fort Worth,"Alliance Town Center, Fort Worth, TX 76177 "
-102.128143,32.029701,Ulta - Midland,"Midland Park Mall, Midland, TX 79705 "
-98.600757,29.636222,Ulta - San Antonio,"The Rim, San Antonio, TX 78257 "
-101.937841,33.554967,Ulta - Lubbock,"Canyon West, Lubbock, TX 79407 "
-97.827243,30.166453,Ulta - Austin,"Southpark Meadows Shopping Center, Austin, TX 78748 "
-98.719232,29.487134,Ulta - San Antonio,"Alamo Ranch, San Antonio, TX 78253 "
-97.322142,32.563078,Ulta - Burleson,"Gateway Station, Burleson, TX 76028 "
-95.149881,29.534762,Ulta - Webster,"Baybrook Village, Webster, TX 77598 "
-95.268624,30.000185,Ulta - Humble,"Deerbrook Marketplace, Humble, TX 77338 "
-97.173264,32.805901,Ulta - Hurst,"The Shops at North East Mall, Hurst, TX 76053 "
-98.466439,29.484225,Ulta - San Antonio,"Quarry Market, San Antonio, TX 78209 "
-97.800779,32.759001,Ulta - Weatherford,"Weatherford Ridge, Weatherford, TX 76086 "
-97.821891,30.506609,Ulta - Cedar Park,"Lakeline Plaza, Cedar Park, TX 78613 "
-97.811844,30.224605,Ulta - Sunset Valley,"Sunset Valley Homestead, Sunset Valley, TX 78745 "
-95.256869,29.550935,Ulta - Pearland,"Silver Lake Village Shopping Center, Pearland, TX 77581 "
-97.653769,31.066241,Ulta - Harker Heights,"Market Heights Shopping Center, Harker Heights, TX 76548 "
-97.131209,32.942561,Ulta - Southlake,"Gateway Plaza, Southlake, TX 76092 "
-98.475959,29.584441,Ulta - San Antonio,"Northwoods Shopping Center - Phase III, San Antonio, TX 78232 "
-98.513613,33.870009,Ulta - Wichita Falls,"Quail Creek Crossing, Wichita Falls, TX 76308 "
-95.295425,30.330859,Ulta - Conroe,"Conroe Marketplace, Conroe, TX 77303 "
-101.937607,35.189425,Ulta - Amarillo,"The Shops at Soncy, Amarillo, TX 79124 "
-97.696764,30.503461,Ulta - Round Rock,"Round Rock, Round Rock, TX 78681 "
-106.274539,31.767085,Ulta - El Paso,"El Paseo Marketplace, El Paso, TX 79936 "
-96.804061,32.908211,Ulta - Dallas,"Preston Forest Village, Dallas, TX 75230 "
-96.960317,32.913945,Ulta - Irving,"MacArthur Park Shopping Center, Irving, TX 75063 "
-106.542048,31.819286,Ulta - El Paso,"Sunland Plaza, El Paso, TX 79912 "
-97.216319,32.797975,Ulta - Fort Worth,"Trinity Commons, Fort Worth, TX 76109 "
-96.715119,33.011925,Ulta - Plano,"Collin Creek Village, Plano, TX 75075 "
-96.816894,32.953981,Ulta - Dallas,"Prestonwood Town Center, Dallas, TX 75254 "
-96.834639,33.150495,Ulta - Frisco,"Center At Preston Ridge, Frisco, TX 75034 "
-95.404604,32.237365,Ulta - Tyler,"Broadway Crossing, Tyler, TX 75703 "
-94.753379,32.585425,Ulta - Longview,"Longview Towne Crossing, Longview, TX 75605 "
-96.247896,30.552728,Ulta - College Station,"Gateway Center, College Station, TX 77840 "
-99.768634,32.383681,Ulta - Abilene,"Mall of Abilene, Abilene, TX 79606 "
-96.731571,33.167403,Ulta - McKinney,"Cameron Crossing, McKinney, TX 75070 "
-97.109509,32.680981,Ulta - Arlington,"Arlington Highlands, Arlington, TX 76018 "
-96.445451,32.938931,Ulta - Rockwall,"Plaza at Rockwall, Rockwall, TX 75087 "
-96.955964,32.588661,Ulta - Cedar Hill,"Uptown Village at Cedar Hill, Cedar Hill, TX 75104 "
-97.059596,33.034227,Ulta - Flower Mound,"Robertson's Creek, Flower Mound, TX 75028 "
-97.096784,33.192655,Ulta - Denton,"Denton Crossing West, Denton, TX 76205 "
-95.467454,29.731511,Ulta - Houston,"Plaza on Richmond, Houston, TX 77056 "
-95.537404,29.966505,Ulta - Houston,"Commons at Willowbrook, Houston, TX 77070 "
-95.467267,30.143593,Ulta - Woodlands,"The Pinecroft II Shopping Center, Woodlands, TX 77380 "
-111.938788,41.133021,Ulta - Riverdale,"Riverdale Center IV, Riverdale, UT 84405 "
-111.894984,40.569761,Ulta - Sandy,"The Commons at Southtowne, Sandy, UT 84070 "
-77.613526,37.521381,Ulta - Richmond,"Chesterfield Towne Center, Richmond, VA 23235 "
-76.059204,36.755021,Ulta - Virginia Beach,"Landstown Commons, Virginia Beach, VA 23456 "
-76.524597,37.133464,Ulta - Newport News,"Jefferson Commons, Newport News, VA 23602 "
-77.309581,38.674255,Ulta - Woodbridge,"Smoketown Station Block 4, Woodbridge, VA 22192 "
-78.595244,37.979615,Ulta - Charlottesville,"Barracks Road Shopping Center, Charlottesville, VA 22903 "
-77.380051,38.864314,Ulta - Fairfax,"Fair Lakes Center, Fairfax, VA 22033 "
-77.183759,38.774971,Ulta - Springfield,"Best Buy Center, Springfield, VA 22150 "
-77.234719,38.873591,Ulta - Fairfax,"Fair City Mall, Fairfax, VA 22031 "
-77.426052,38.977711,Ulta - Sterling,"Dulles 28, Sterling, VA 20166 "
-77.504149,37.665319,Ulta - Glen Allen,"Short Pump Station, Glen Allen, VA 23060 "
-77.512045,38.303657,Ulta - Fredericksburg,"Central Park Shopping Center, Fredericksburg, VA 22404 "
-122.292409,47.825321,Ulta - Lynnwood,"Alderwood, Lynnwood, WA 98036 "
-122.277919,47.449951,Ulta - Tukwila,"Parkway Super Center, Tukwila, WA 98188 "
-122.527639,45.627321,Ulta - Vancouver,"Columbia Tech Center, Vancouver, WA 98684 "
-122.310269,47.701221,Ulta - Seattle,"Northgate Mall, Seattle, WA 98125 "
-117.389709,47.689351,Ulta - Spokane,"Northtown Square Shopping Center, Spokane, WA 99207 "
-120.470969,46.562981,Ulta - Union Gap,"Valley Mall Plaza, Union Gap, WA 98903 "
-88.126364,43.056001,Ulta - Brookfield,"Brookfield Fashion Center, Brookfield, WI 53005 "
-88.469704,44.273239,Ulta - Appleton,"Fox River Mall, Appleton, WI 54913 "
-87.853944,42.527235,Ulta - Pleasant Prairie,"Shoppes at Prairie Ridge, Pleasant Prairie, WI 53158 "
-88.069809,44.482661,Ulta - Green Bay,"Pilgrim & Oneida St. Shopping Center, Green Bay, WI 54304 "
